$MeshFormat
2.2 0 8
$EndMeshFormat
$PhysicalNames
5
1 1 "left"
1 2 "right"
1 3 "top"
1 4 "bottom"
2 5 "square"
$EndPhysicalNames
$Nodes
7200
1 0 0 0
2 1 0 0
3 1 2 0
4 0 2 0
5 0 0.01680672268904373 0
6 0 0.03361344537808778 0
7 0 0.05042016806713152 0
8 0 0.06722689075617329 0
9 0 0.08403361344521247 0
10 0 0.1008403361342507 0
11 0 0.1176470588232903 0
12 0 0.1344537815123348 0
13 0 0.1512605042013836 0
14 0 0.1680672268904335 0
15 0 0.1848739495794833 0
16 0 0.2016806722685332 0
17 0 0.2184873949575831 0
18 0 0.2352941176466327 0
19 0 0.2521008403356753 0
20 0 0.2689075630247065 0
21 0 0.2857142857137331 0
22 0 0.3025210084027597 0
23 0 0.3193277310917862 0
24 0 0.3361344537808129 0
25 0 0.3529411764698394 0
26 0 0.369747899158866 0
27 0 0.3865546218478926 0
28 0 0.4033613445369191 0
29 0 0.4201680672259457 0
30 0 0.4369747899149723 0
31 0 0.4537815126039988 0
32 0 0.4705882352930254 0
33 0 0.487394957982052 0
34 0 0.5042016806710786 0
35 0 0.5210084033601051 0
36 0 0.5378151260491317 0
37 0 0.5546218487381583 0
38 0 0.5714285714271848 0
39 0 0.5882352941162114 0
40 0 0.6050420168052381 0
41 0 0.6218487394942646 0
42 0 0.6386554621832912 0
43 0 0.6554621848723178 0
44 0 0.6722689075613444 0
45 0 0.6890756302503709 0
46 0 0.7058823529393975 0
47 0 0.7226890756284241 0
48 0 0.7394957983174506 0
49 0 0.7563025210064772 0
50 0 0.7731092436955038 0
51 0 0.7899159663845303 0
52 0 0.8067226890735569 0
53 0 0.8235294117625835 0
54 0 0.84033613445161 0
55 0 0.8571428571406366 0
56 0 0.8739495798296633 0
57 0 0.8907563025186898 0
58 0 0.9075630252077164 0
59 0 0.924369747896743 0
60 0 0.9411764705857695 0
61 0 0.9579831932747961 0
62 0 0.9747899159638227 0
63 0 0.9915966386528593 0
64 0 1.008403361341933 0
65 0 1.025210084031042 0
66 0 1.042016806720162 0
67 0 1.058823529409282 0
68 0 1.075630252098402 0
69 0 1.092436974787522 0
70 0 1.109243697476642 0
71 0 1.126050420165762 0
72 0 1.142857142854882 0
73 0 1.159663865544002 0
74 0 1.176470588233122 0
75 0 1.193277310922242 0
76 0 1.210084033611362 0
77 0 1.226890756300482 0
78 0 1.243697478989602 0
79 0 1.260504201678722 0
80 0 1.277310924367842 0
81 0 1.294117647056962 0
82 0 1.310924369746082 0
83 0 1.327731092435202 0
84 0 1.344537815124322 0
85 0 1.361344537813441 0
86 0 1.378151260502562 0
87 0 1.394957983191682 0
88 0 1.411764705880802 0
89 0 1.428571428569922 0
90 0 1.445378151259042 0
91 0 1.462184873948161 0
92 0 1.478991596637281 0
93 0 1.495798319326401 0
94 0 1.512605042015521 0
95 0 1.529411764704641 0
96 0 1.546218487393761 0
97 0 1.563025210082881 0
98 0 1.579831932772001 0
99 0 1.596638655461121 0
100 0 1.613445378150241 0
101 0 1.630252100839361 0
102 0 1.647058823528481 0
103 0 1.663865546217601 0
104 0 1.680672268906721 0
105 0 1.697478991595841 0
106 0 1.714285714284961 0
107 0 1.731092436974081 0
108 0 1.747899159663201 0
109 0 1.764705882352321 0
110 0 1.78151260504144 0
111 0 1.79831932773056 0
112 0 1.81512605041968 0
113 0 1.8319327731088 0
114 0 1.84873949579792 0
115 0 1.86554621848704 0
116 0 1.88235294117616 0
117 0 1.89915966386528 0
118 0 1.9159663865544 0
119 0 1.93277310924352 0
120 0 1.94957983193264 0
121 0 1.96638655462176 0
122 0 1.98319327731088 0
123 0.01694915254234087 2 0
124 0.03389830508468054 2 0
125 0.05084745762701614 2 0
126 0.0677966101693554 2 0
127 0.08474576271170188 2 0
128 0.1016949152540488 2 0
129 0.1186440677963952 2 0
130 0.1355932203387279 2 0
131 0.1525423728810513 2 0
132 0.1694915254233747 2 0
133 0.1864406779656981 2 0
134 0.2033898305080216 2 0
135 0.220338983050345 2 0
136 0.2372881355926684 2 0
137 0.2542372881349918 2 0
138 0.2711864406773152 2 0
139 0.2881355932196386 2 0
140 0.305084745761962 2 0
141 0.3220338983042854 2 0
142 0.3389830508466088 2 0
143 0.3559322033889322 2 0
144 0.3728813559312556 2 0
145 0.389830508473579 2 0
146 0.4067796610159025 2 0
147 0.4237288135582259 2 0
148 0.4406779661005493 2 0
149 0.4576271186428727 2 0
150 0.4745762711851961 2 0
151 0.4915254237275195 2 0
152 0.50847457626989 2 0
153 0.5254237288123075 2 0
154 0.5423728813547252 2 0
155 0.5593220338971427 2 0
156 0.5762711864395603 2 0
157 0.5932203389819779 2 0
158 0.6101694915243955 2 0
159 0.6271186440668131 2 0
160 0.6440677966092306 2 0
161 0.6610169491516482 2 0
162 0.6779661016940658 2 0
163 0.6949152542364835 2 0
164 0.7118644067789009 2 0
165 0.7288135593213186 2 0
166 0.7457627118637361 2 0
167 0.7627118644061538 2 0
168 0.7796610169485713 2 0
169 0.796610169490989 2 0
170 0.8135593220334065 2 0
171 0.8305084745758241 2 0
172 0.8474576271182417 2 0
173 0.8644067796606593 2 0
174 0.8813559322030768 2 0
175 0.8983050847454944 2 0
176 0.915254237287912 2 0
177 0.9322033898303296 2 0
178 0.9491525423727472 2 0
179 0.9661016949151647 2 0
180 0.9830508474575823 2 0
181 1 1.983193277310854 0
182 1 1.966386554621709 0
183 1 1.949579831932563 0
184 1 1.932773109243417 0
185 1 1.915966386554272 0
186 1 1.899159663865126 0
187 1 1.882352941175981 0
188 1 1.865546218486835 0
189 1 1.848739495797689 0
190 1 1.831932773108544 0
191 1 1.815126050419398 0
192 1 1.798319327730253 0
193 1 1.781512605041107 0
194 1 1.764705882351964 0
195 1 1.747899159662877 0
196 1 1.73109243697388 0
197 1 1.714285714284921 0
198 1 1.697478991595962 0
199 1 1.680672268907003 0
200 1 1.663865546218044 0
201 1 1.647058823529085 0
202 1 1.630252100840126 0
203 1 1.613445378151167 0
204 1 1.596638655462208 0
205 1 1.579831932773249 0
206 1 1.56302521008429 0
207 1 1.546218487395331 0
208 1 1.529411764706372 0
209 1 1.512605042017413 0
210 1 1.495798319328454 0
211 1 1.478991596639495 0
212 1 1.462184873950536 0
213 1 1.445378151261577 0
214 1 1.428571428572618 0
215 1 1.411764705883659 0
216 1 1.3949579831947 0
217 1 1.378151260505741 0
218 1 1.361344537816782 0
219 1 1.344537815127823 0
220 1 1.327731092438864 0
221 1 1.310924369749904 0
222 1 1.294117647060946 0
223 1 1.277310924371986 0
224 1 1.260504201683027 0
225 1 1.243697478994068 0
226 1 1.226890756305109 0
227 1 1.21008403361615 0
228 1 1.193277310927191 0
229 1 1.176470588238232 0
230 1 1.159663865549273 0
231 1 1.142857142860314 0
232 1 1.126050420171355 0
233 1 1.109243697482396 0
234 1 1.092436974793437 0
235 1 1.075630252104478 0
236 1 1.058823529415519 0
237 1 1.04201680672656 0
238 1 1.025210084037601 0
239 1 1.008403361348622 0
240 1 0.9915966386595694 0
241 1 0.9747899159704436 0
242 1 0.9579831932812981 0
243 1 0.9411764705921526 0
244 1 0.9243697479030071 0
245 1 0.9075630252138616 0
246 1 0.8907563025247158 0
247 1 0.8739495798355703 0
248 1 0.8571428571464246 0
249 1 0.8403361344572791 0
250 1 0.8235294117681335 0
251 1 0.806722689078988 0
252 1 0.7899159663898425 0
253 1 0.7731092437006968 0
254 1 0.756302521011551 0
255 1 0.7394957983224055 0
256 1 0.72268907563326 0
257 1 0.7058823529441145 0
258 1 0.689075630254969 0
259 1 0.6722689075658232 0
260 1 0.6554621848766777 0
261 1 0.638655462187532 0
262 1 0.6218487394983865 0
263 1 0.605042016809241 0
264 1 0.5882352941200955 0
265 1 0.5714285714309497 0
266 1 0.5546218487418042 0
267 1 0.5378151260526585 0
268 1 0.521008403363513 0
269 1 0.5042016806743674 0
270 1 0.4873949579852219 0
271 1 0.4705882352960762 0
272 1 0.4537815126069307 0
273 1 0.4369747899177849 0
274 1 0.4201680672286394 0
275 1 0.4033613445394939 0
276 1 0.3865546218503484 0
277 1 0.3697478991612029 0
278 1 0.3529411764720571 0
279 1 0.3361344537829116 0
280 1 0.3193277310937659 0
281 1 0.3025210084046204 0
282 1 0.2857142857154749 0
283 1 0.2689075630263293 0
284 1 0.2521008403371836 0
285 1 0.2352941176480381 0
286 1 0.2184873949588924 0
287 1 0.2016806722697468 0
288 1 0.1848739495806013 0
289 1 0.1680672268914558 0
290 1 0.1512605042023101 0
291 1 0.1344537815131646 0
292 1 0.1176470588240188 0
293 1 0.1008403361348733 0
294 1 0.0840336134457278 0
295 1 0.06722689075658228 0
296 1 0.05042016806743654 0
297 1 0.03361344537829103 0
298 1 0.01680672268914551 0
299 0.9830508474575566 0 0
300 0.9661016949151131 0 0
301 0.9491525423726697 0 0
302 0.9322033898302262 0 0
303 0.9152542372877828 0 0
304 0.8983050847453393 0 0
305 0.8813559322028999 0 0
306 0.86440677966057 0 0
307 0.8474576271183147 0 0
308 0.8305084745760595 0 0
309 0.8135593220338042 0 0
310 0.7966101694915489 0 0
311 0.7796610169492937 0 0
312 0.7627118644070384 0 0
313 0.7457627118647832 0 0
314 0.7288135593225279 0 0
315 0.7118644067802726 0 0
316 0.6949152542380173 0 0
317 0.6779661016957619 0 0
318 0.6610169491535066 0 0
319 0.6440677966112514 0 0
320 0.627118644068996 0 0
321 0.6101694915267407 0 0
322 0.5932203389844853 0 0
323 0.5762711864422301 0 0
324 0.5593220338999747 0 0
325 0.5423728813577194 0 0
326 0.5254237288154642 0 0
327 0.5084745762732088 0 0
328 0.4915254237308594 0 0
329 0.4745762711884161 0 0
330 0.4576271186459726 0 0
331 0.4406779661035292 0 0
332 0.4237288135610858 0 0
333 0.4067796610186424 0 0
334 0.3898305084761988 0 0
335 0.3728813559337555 0 0
336 0.355932203391312 0 0
337 0.3389830508488686 0 0
338 0.3220338983064253 0 0
339 0.3050847457639818 0 0
340 0.2881355932215383 0 0
341 0.2711864406790949 0 0
342 0.2542372881366515 0 0
343 0.237288135594208 0 0
344 0.2203389830517647 0 0
345 0.2033898305093212 0 0
346 0.1864406779668777 0 0
347 0.1694915254244344 0 0
348 0.1525423728819909 0 0
349 0.1355932203395475 0 0
350 0.1186440677971041 0 0
351 0.1016949152546607 0 0
352 0.08474576271221723 0 0
353 0.06779661016977379 0 0
354 0.05084745762733034 0 0
355 0.03389830508488689 0 0
356 0.01694915254244356 0 0
357 0.9830508474575568 0.01680672268914379 0
358 0.9830508474575568 0.03361344537828759 0
359 0.9830508474575572 0.05042016806743137 0
360 0.9830508474575574 0.06722689075657534 0
361 0.9830508474575577 0.08403361344571905 0
362 0.9830508474575579 0.1008403361348627 0
363 0.9830508474575579 0.1176470588240065 0
364 0.9830508474575583 0.1344537815131505 0
365 0.9830508474575586 0.1512605042022944 0
366 0.9830508474575588 0.1680672268914385 0
367 0.983050847457559 0.1848739495805824 0
368 0.9830508474575591 0.2016806722697262 0
369 0.9830508474575596 0.2184873949588702 0
370 0.9830508474575597 0.2352941176480143 0
371 0.9830508474575597 0.252100840337158 0
372 0.98305084745756 0.2689075630263018 0
373 0.9830508474575601 0.2857142857154453 0
374 0.9830508474575607 0.3025210084045888 0
375 0.9830508474575606 0.3193277310937323 0
376 0.9830508474575608 0.336134453782876 0
377 0.9830508474575613 0.3529411764720195 0
378 0.9830508474575614 0.3697478991611632 0
379 0.9830508474575614 0.3865546218503068 0
380 0.9830508474575619 0.4033613445394503 0
381 0.983050847457562 0.4201680672285938 0
382 0.9830508474575621 0.4369747899177373 0
383 0.9830508474575622 0.453781512606881 0
384 0.9830508474575628 0.4705882352960244 0
385 0.9830508474575628 0.4873949579851682 0
386 0.983050847457563 0.5042016806743117 0
387 0.9830508474575634 0.5210084033634552 0
388 0.9830508474575634 0.5378151260525985 0
389 0.9830508474575637 0.5546218487417425 0
390 0.9830508474575641 0.5714285714308859 0
391 0.9830508474575641 0.5882352941200296 0
392 0.9830508474575643 0.6050420168091731 0
393 0.9830508474575645 0.6218487394983164 0
394 0.983050847457565 0.6386554621874602 0
395 0.983050847457565 0.6554621848766037 0
396 0.9830508474575652 0.6722689075657474 0
397 0.9830508474575657 0.6890756302548912 0
398 0.9830508474575654 0.7058823529440346 0
399 0.9830508474575659 0.7226890756331781 0
400 0.9830508474575663 0.7394957983223214 0
401 0.9830508474575663 0.7563025210114651 0
402 0.9830508474575665 0.7731092437006086 0
403 0.9830508474575668 0.7899159663897525 0
404 0.9830508474575668 0.8067226890788959 0
405 0.9830508474575672 0.8235294117680395 0
406 0.9830508474575675 0.840336134457183 0
407 0.9830508474575677 0.8571428571463263 0
408 0.9830508474575677 0.8739495798354703 0
409 0.9830508474575682 0.8907563025246136 0
410 0.9830508474575682 0.9075630252137575 0
411 0.9830508474575683 0.9243697479029008 0
412 0.9830508474575685 0.9411764705920445 0
413 0.983050847457569 0.957983193281188 0
414 0.983050847457569 0.9747899159703313 0
415 0.9830508474575692 0.9915966386594555 0
416 0.9830508474575694 1.008403361348508 0
417 0.9830508474575699 1.025210084037489 0
418 0.9830508474575699 1.042016806726451 0
419 0.9830508474575703 1.058823529415413 0
420 0.9830508474575703 1.075630252104375 0
421 0.9830508474575708 1.092436974793336 0
422 0.9830508474575708 1.109243697482299 0
423 0.9830508474575712 1.12605042017126 0
424 0.9830508474575714 1.142857142860222 0
425 0.9830508474575717 1.159663865549184 0
426 0.9830508474575717 1.176470588238146 0
427 0.9830508474575721 1.193277310927108 0
428 0.9830508474575721 1.210084033616069 0
429 0.9830508474575723 1.226890756305031 0
430 0.9830508474575725 1.243697478993993 0
431 0.983050847457573 1.260504201682955 0
432 0.983050847457573 1.277310924371916 0
433 0.9830508474575732 1.294117647060878 0
434 0.9830508474575734 1.31092436974984 0
435 0.9830508474575737 1.327731092438801 0
436 0.9830508474575739 1.344537815127763 0
437 0.9830508474575741 1.361344537816725 0
438 0.9830508474575743 1.378151260505687 0
439 0.9830508474575745 1.394957983194649 0
440 0.9830508474575748 1.41176470588361 0
441 0.9830508474575748 1.428571428572572 0
442 0.9830508474575752 1.445378151261534 0
443 0.9830508474575752 1.462184873950496 0
444 0.9830508474575756 1.478991596639458 0
445 0.9830508474575756 1.495798319328419 0
446 0.9830508474575761 1.512605042017381 0
447 0.9830508474575761 1.529411764706343 0
448 0.9830508474575765 1.546218487395304 0
449 0.9830508474575765 1.563025210084266 0
450 0.983050847457577 1.579831932773228 0
451 0.983050847457577 1.59663865546219 0
452 0.9830508474575774 1.613445378151152 0
453 0.9830508474575776 1.630252100840113 0
454 0.9830508474575779 1.647058823529075 0
455 0.9830508474575779 1.663865546218037 0
456 0.9830508474575783 1.680672268906998 0
457 0.9830508474575785 1.69747899159596 0
458 0.9830508474575788 1.714285714284922 0
459 0.9830508474575788 1.731092436973883 0
460 0.9830508474575792 1.747899159662882 0
461 0.9830508474575794 1.76470588235197 0
462 0.9830508474575794 1.781512605041113 0
463 0.9830508474575796 1.798319327730258 0
464 0.9830508474575801 1.815126050419403 0
465 0.9830508474575801 1.831932773108549 0
466 0.9830508474575803 1.848739495797693 0
467 0.9830508474575805 1.865546218486838 0
468 0.9830508474575805 1.882352941175984 0
469 0.983050847457581 1.899159663865129 0
470 0.9830508474575812 1.915966386554274 0
471 0.9830508474575814 1.932773109243419 0
472 0.9830508474575819 1.949579831932565 0
473 0.9830508474575819 1.966386554621709 0
474 0.9830508474575821 1.983193277310855 0
475 0.9661016949151137 0.01680672268914207 0
476 0.9661016949151142 0.03361344537828413 0
477 0.9661016949151144 0.0504201680674262 0
478 0.9661016949151148 0.0672268907565684 0
479 0.9661016949151153 0.08403361344571031 0
480 0.9661016949151159 0.1008403361348522 0
481 0.9661016949151162 0.1176470588239941 0
482 0.9661016949151164 0.1344537815131365 0
483 0.9661016949151169 0.1512605042022787 0
484 0.9661016949151175 0.1680672268914211 0
485 0.9661016949151179 0.1848739495805634 0
486 0.9661016949151184 0.2016806722697057 0
487 0.9661016949151187 0.218487394958848 0
488 0.9661016949151191 0.2352941176479904 0
489 0.9661016949151193 0.2521008403371324 0
490 0.96610169491512 0.2689075630262743 0
491 0.9661016949151205 0.2857142857154157 0
492 0.9661016949151209 0.3025210084045572 0
493 0.9661016949151215 0.3193277310936988 0
494 0.9661016949151219 0.3361344537828405 0
495 0.9661016949151222 0.352941176471982 0
496 0.9661016949151227 0.3697478991611236 0
497 0.9661016949151231 0.3865546218502651 0
498 0.9661016949151235 0.4033613445394066 0
499 0.966101694915124 0.4201680672285481 0
500 0.9661016949151244 0.4369747899176896 0
501 0.9661016949151247 0.4537815126068313 0
502 0.9661016949151253 0.4705882352959727 0
503 0.9661016949151258 0.4873949579851145 0
504 0.9661016949151262 0.504201680674256 0
505 0.9661016949151267 0.5210084033633975 0
506 0.9661016949151269 0.5378151260525388 0
507 0.9661016949151273 0.5546218487416805 0
508 0.9661016949151278 0.5714285714308219 0
509 0.9661016949151282 0.5882352941199637 0
510 0.9661016949151285 0.6050420168091052 0
511 0.9661016949151291 0.6218487394982468 0
512 0.9661016949151295 0.6386554621873883 0
513 0.96610169491513 0.65546218487653 0
514 0.9661016949151304 0.6722689075656715 0
515 0.9661016949151309 0.689075630254813 0
516 0.9661016949151313 0.7058823529439544 0
517 0.9661016949151318 0.7226890756330959 0
518 0.9661016949151322 0.7394957983222374 0
519 0.9661016949151326 0.7563025210113791 0
520 0.9661016949151331 0.7731092437005208 0
521 0.9661016949151335 0.7899159663896625 0
522 0.966101694915134 0.806722689078804 0
523 0.9661016949151343 0.8235294117679454 0
524 0.9661016949151349 0.8403361344570869 0
525 0.9661016949151352 0.8571428571462284 0
526 0.9661016949151358 0.87394957983537 0
527 0.966101694915136 0.8907563025245115 0
528 0.9661016949151364 0.9075630252136533 0
529 0.9661016949151371 0.9243697479027948 0
530 0.9661016949151375 0.9411764705919361 0
531 0.9661016949151378 0.9579831932810776 0
532 0.9661016949151382 0.9747899159702191 0
533 0.9661016949151389 0.9915966386593419 0
534 0.9661016949151391 1.008403361348395 0
535 0.9661016949151398 1.025210084037378 0
536 0.9661016949151402 1.042016806726343 0
537 0.9661016949151404 1.058823529415307 0
538 0.9661016949151411 1.075630252104272 0
539 0.9661016949151411 1.092436974793236 0
540 0.9661016949151418 1.109243697482201 0
541 0.9661016949151422 1.126050420171165 0
542 0.9661016949151426 1.14285714286013 0
543 0.9661016949151433 1.159663865549095 0
544 0.9661016949151433 1.176470588238059 0
545 0.966101694915144 1.193277310927023 0
546 0.9661016949151442 1.210084033615988 0
547 0.9661016949151449 1.226890756304952 0
548 0.9661016949151451 1.243697478993917 0
549 0.9661016949151457 1.260504201682881 0
550 0.966101694915146 1.277310924371845 0
551 0.9661016949151466 1.29411764706081 0
552 0.9661016949151471 1.310924369749775 0
553 0.9661016949151473 1.327731092438739 0
554 0.9661016949151477 1.344537815127704 0
555 0.9661016949151482 1.361344537816668 0
556 0.9661016949151486 1.378151260505633 0
557 0.9661016949151491 1.394957983194598 0
558 0.9661016949151495 1.411764705883562 0
559 0.96610169491515 1.428571428572527 0
560 0.9661016949151504 1.445378151261491 0
561 0.9661016949151509 1.462184873950456 0
562 0.9661016949151513 1.47899159663942 0
563 0.9661016949151517 1.495798319328384 0
564 0.9661016949151522 1.512605042017349 0
565 0.9661016949151526 1.529411764706313 0
566 0.9661016949151531 1.546218487395278 0
567 0.9661016949151535 1.563025210084242 0
568 0.966101694915154 1.579831932773207 0
569 0.9661016949151544 1.596638655462171 0
570 0.9661016949151549 1.613445378151136 0
571 0.9661016949151553 1.6302521008401 0
572 0.9661016949151557 1.647058823529065 0
573 0.9661016949151562 1.663865546218029 0
574 0.9661016949151566 1.680672268906994 0
575 0.9661016949151569 1.697478991595958 0
576 0.9661016949151575 1.714285714284923 0
577 0.9661016949151577 1.731092436973887 0
578 0.9661016949151582 1.747899159662888 0
579 0.9661016949151584 1.764705882351976 0
580 0.9661016949151591 1.781512605041118 0
581 0.9661016949151597 1.798319327730264 0
582 0.96610169491516 1.815126050419408 0
583 0.9661016949151604 1.831932773108553 0
584 0.9661016949151606 1.848739495797697 0
585 0.9661016949151613 1.865546218486842 0
586 0.9661016949151617 1.882352941175987 0
587 0.9661016949151622 1.899159663865132 0
588 0.9661016949151624 1.915966386554276 0
589 0.9661016949151628 1.932773109243421 0
590 0.9661016949151635 1.949579831932566 0
591 0.9661016949151637 1.966386554621711 0
592 0.9661016949151642 1.983193277310855 0
593 0.9491525423726704 0.01680672268914034 0
594 0.9491525423726709 0.03361344537828069 0
595 0.9491525423726718 0.05042016806742104 0
596 0.9491525423726722 0.06722689075656146 0
597 0.9491525423726728 0.08403361344570159 0
598 0.9491525423726738 0.1008403361348417 0
599 0.9491525423726741 0.1176470588239818 0
600 0.9491525423726749 0.1344537815131224 0
601 0.9491525423726755 0.151260504202263 0
602 0.9491525423726762 0.1680672268914038 0
603 0.9491525423726769 0.1848739495805444 0
604 0.9491525423726772 0.2016806722696852 0
605 0.949152542372678 0.2184873949588257 0
606 0.9491525423726789 0.2352941176479666 0
607 0.9491525423726797 0.2521008403371069 0
608 0.94915254237268 0.2689075630262469 0
609 0.9491525423726808 0.2857142857153862 0
610 0.9491525423726813 0.3025210084045258 0
611 0.949152542372682 0.3193277310936652 0
612 0.9491525423726828 0.3361344537828049 0
613 0.9491525423726834 0.3529411764719445 0
614 0.949152542372684 0.3697478991610841 0
615 0.9491525423726846 0.3865546218502235 0
616 0.9491525423726854 0.403361344539363 0
617 0.949152542372686 0.4201680672285025 0
618 0.9491525423726868 0.4369747899176419 0
619 0.9491525423726872 0.4537815126067816 0
620 0.9491525423726879 0.4705882352959211 0
621 0.9491525423726886 0.4873949579850608 0
622 0.9491525423726893 0.5042016806742002 0
623 0.94915254237269 0.5210084033633398 0
624 0.9491525423726904 0.5378151260524791 0
625 0.9491525423726913 0.554621848741619 0
626 0.9491525423726919 0.5714285714307582 0
627 0.9491525423726925 0.5882352941198978 0
628 0.9491525423726931 0.6050420168090372 0
629 0.9491525423726939 0.621848739498177 0
630 0.9491525423726944 0.6386554621873163 0
631 0.949152542372695 0.655462184876456 0
632 0.9491525423726958 0.6722689075655955 0
633 0.9491525423726963 0.6890756302547352 0
634 0.9491525423726971 0.7058823529438747 0
635 0.9491525423726977 0.7226890756330142 0
636 0.9491525423726984 0.7394957983221535 0
637 0.9491525423726989 0.7563025210112932 0
638 0.9491525423726997 0.7731092437004328 0
639 0.9491525423727002 0.7899159663895724 0
640 0.949152542372701 0.8067226890787118 0
641 0.9491525423727015 0.8235294117678514 0
642 0.9491525423727022 0.8403361344569907 0
643 0.9491525423727027 0.8571428571461303 0
644 0.9491525423727034 0.87394957983527 0
645 0.9491525423727043 0.8907563025244093 0
646 0.9491525423727047 0.9075630252135493 0
647 0.9491525423727054 0.9243697479026886 0
648 0.9491525423727062 0.941176470591828 0
649 0.9491525423727069 0.9579831932809675 0
650 0.9491525423727075 0.974789915970107 0
651 0.949152542372708 0.9915966386592281 0
652 0.9491525423727086 1.008403361348281 0
653 0.9491525423727093 1.025210084037267 0
654 0.94915254237271 1.042016806726234 0
655 0.9491525423727105 1.058823529415202 0
656 0.9491525423727114 1.075630252104169 0
657 0.9491525423727122 1.092436974793136 0
658 0.9491525423727127 1.109243697482103 0
659 0.9491525423727135 1.12605042017107 0
660 0.9491525423727138 1.142857142860038 0
661 0.9491525423727148 1.159663865549005 0
662 0.9491525423727153 1.176470588237972 0
663 0.9491525423727163 1.19327731092694 0
664 0.9491525423727166 1.210084033615906 0
665 0.9491525423727174 1.226890756304874 0
666 0.949152542372718 1.243697478993841 0
667 0.9491525423727183 1.260504201682809 0
668 0.9491525423727193 1.277310924371776 0
669 0.9491525423727198 1.294117647060743 0
670 0.9491525423727207 1.31092436974971 0
671 0.9491525423727213 1.327731092438678 0
672 0.9491525423727218 1.344537815127645 0
673 0.9491525423727224 1.361344537816612 0
674 0.9491525423727227 1.378151260505579 0
675 0.9491525423727237 1.394957983194546 0
676 0.9491525423727243 1.411764705883514 0
677 0.9491525423727252 1.428571428572481 0
678 0.9491525423727255 1.445378151261448 0
679 0.9491525423727265 1.462184873950415 0
680 0.9491525423727271 1.478991596639383 0
681 0.9491525423727276 1.49579831932835 0
682 0.9491525423727282 1.512605042017317 0
683 0.9491525423727291 1.529411764706284 0
684 0.9491525423727295 1.546218487395251 0
685 0.9491525423727304 1.563025210084218 0
686 0.9491525423727309 1.579831932773186 0
687 0.9491525423727317 1.596638655462153 0
688 0.9491525423727321 1.61344537815112 0
689 0.9491525423727328 1.630252100840087 0
690 0.9491525423727335 1.647058823529054 0
691 0.9491525423727343 1.663865546218021 0
692 0.9491525423727348 1.680672268906988 0
693 0.9491525423727354 1.697478991595956 0
694 0.9491525423727359 1.714285714284923 0
695 0.9491525423727366 1.73109243697389 0
696 0.9491525423727375 1.747899159662893 0
697 0.9491525423727379 1.764705882351982 0
698 0.9491525423727386 1.781512605041124 0
699 0.9491525423727393 1.798319327730268 0
700 0.9491525423727402 1.815126050419413 0
701 0.9491525423727406 1.831932773108557 0
702 0.9491525423727415 1.848739495797701 0
703 0.9491525423727419 1.865546218486845 0
704 0.9491525423727426 1.88235294117599 0
705 0.9491525423727433 1.899159663865134 0
706 0.9491525423727437 1.915966386554279 0
707 0.9491525423727446 1.932773109243423 0
708 0.9491525423727453 1.949579831932567 0
709 0.9491525423727459 1.966386554621711 0
710 0.9491525423727464 1.983193277310856 0
711 0.932203389830227 0.01680672268913862 0
712 0.9322033898302279 0.03361344537827725 0
713 0.932203389830229 0.05042016806741585 0
714 0.9322033898302297 0.06722689075655455 0
715 0.9322033898302304 0.08403361344569286 0
716 0.9322033898302314 0.1008403361348311 0
717 0.9322033898302323 0.1176470588239694 0
718 0.9322033898302332 0.1344537815131083 0
719 0.9322033898302339 0.1512605042022473 0
720 0.9322033898302348 0.1680672268913865 0
721 0.9322033898302358 0.1848739495805256 0
722 0.9322033898302365 0.2016806722696645 0
723 0.9322033898302374 0.2184873949588036 0
724 0.9322033898302383 0.2352941176479428 0
725 0.9322033898302393 0.2521008403370814 0
726 0.9322033898302401 0.2689075630262193 0
727 0.932203389830241 0.2857142857153567 0
728 0.9322033898302418 0.3025210084044941 0
729 0.9322033898302426 0.3193277310936317 0
730 0.9322033898302436 0.3361344537827694 0
731 0.9322033898302446 0.3529411764719069 0
732 0.9322033898302453 0.3697478991610443 0
733 0.932203389830246 0.3865546218501819 0
734 0.932203389830247 0.4033613445393193 0
735 0.932203389830248 0.4201680672284568 0
736 0.9322033898302491 0.4369747899175943 0
737 0.9322033898302496 0.4537815126067319 0
738 0.9322033898302505 0.4705882352958694 0
739 0.9322033898302515 0.487394957985007 0
740 0.9322033898302524 0.5042016806741445 0
741 0.9322033898302531 0.521008403363282 0
742 0.932203389830254 0.5378151260524193 0
743 0.932203389830255 0.5546218487415571 0
744 0.9322033898302557 0.5714285714306945 0
745 0.9322033898302566 0.5882352941198322 0
746 0.9322033898302575 0.6050420168089695 0
747 0.9322033898302586 0.6218487394981069 0
748 0.9322033898302592 0.6386554621872443 0
749 0.93220338983026 0.6554621848763821 0
750 0.9322033898302607 0.6722689075655196 0
751 0.932203389830262 0.6890756302546572 0
752 0.9322033898302627 0.7058823529437948 0
753 0.9322033898302636 0.7226890756329321 0
754 0.9322033898302643 0.7394957983220696 0
755 0.9322033898302652 0.7563025210112071 0
756 0.9322033898302662 0.7731092437003447 0
757 0.9322033898302672 0.7899159663894822 0
758 0.932203389830268 0.8067226890786197 0
759 0.9322033898302686 0.8235294117677573 0
760 0.9322033898302695 0.8403361344568949 0
761 0.9322033898302706 0.8571428571460322 0
762 0.9322033898302713 0.8739495798351699 0
763 0.9322033898302724 0.8907563025243072 0
764 0.9322033898302733 0.907563025213445 0
765 0.9322033898302738 0.9243697479025825 0
766 0.932203389830275 0.9411764705917196 0
767 0.9322033898302758 0.9579831932808571 0
768 0.9322033898302765 0.9747899159699946 0
769 0.9322033898302774 0.9915966386591145 0
770 0.9322033898302783 1.008403361348168 0
771 0.9322033898302792 1.025210084037156 0
772 0.9322033898302798 1.042016806726126 0
773 0.9322033898302807 1.058823529415096 0
774 0.9322033898302815 1.075630252104066 0
775 0.9322033898302826 1.092436974793036 0
776 0.9322033898302833 1.109243697482006 0
777 0.9322033898302843 1.126050420170976 0
778 0.9322033898302852 1.142857142859946 0
779 0.9322033898302861 1.159663865548916 0
780 0.9322033898302869 1.176470588237886 0
781 0.9322033898302879 1.193277310926856 0
782 0.9322033898302888 1.210084033615826 0
783 0.9322033898302897 1.226890756304796 0
784 0.9322033898302906 1.243697478993766 0
785 0.9322033898302913 1.260504201682736 0
786 0.9322033898302922 1.277310924371706 0
787 0.932203389830293 1.294117647060675 0
788 0.932203389830294 1.310924369749645 0
789 0.9322033898302949 1.327731092438615 0
790 0.9322033898302956 1.344537815127586 0
791 0.9322033898302967 1.361344537816555 0
792 0.9322033898302974 1.378151260505525 0
793 0.9322033898302984 1.394957983194496 0
794 0.9322033898302993 1.411764705883465 0
795 0.9322033898303002 1.428571428572435 0
796 0.9322033898303008 1.445378151261405 0
797 0.9322033898303015 1.462184873950375 0
798 0.9322033898303025 1.478991596639345 0
799 0.9322033898303034 1.495798319328315 0
800 0.9322033898303043 1.512605042017285 0
801 0.9322033898303052 1.529411764706255 0
802 0.932203389830306 1.546218487395224 0
803 0.9322033898303069 1.563025210084195 0
804 0.9322033898303078 1.579831932773165 0
805 0.9322033898303088 1.596638655462134 0
806 0.9322033898303095 1.613445378151104 0
807 0.9322033898303105 1.630252100840074 0
808 0.9322033898303114 1.647058823529044 0
809 0.9322033898303123 1.663865546218014 0
810 0.9322033898303131 1.680672268906984 0
811 0.932203389830314 1.697478991595954 0
812 0.9322033898303149 1.714285714284924 0
813 0.9322033898303158 1.731092436973894 0
814 0.9322033898303165 1.747899159662899 0
815 0.9322033898303174 1.764705882351988 0
816 0.9322033898303183 1.78151260504113 0
817 0.9322033898303191 1.798319327730274 0
818 0.9322033898303198 1.815126050419418 0
819 0.9322033898303207 1.831932773108561 0
820 0.9322033898303218 1.848739495797705 0
821 0.9322033898303227 1.865546218486849 0
822 0.9322033898303234 1.882352941175993 0
823 0.9322033898303242 1.899159663865137 0
824 0.9322033898303251 1.915966386554281 0
825 0.932203389830326 1.932773109243424 0
826 0.9322033898303269 1.949579831932569 0
827 0.9322033898303278 1.966386554621712 0
828 0.9322033898303287 1.983193277310856 0
829 0.9152542372877838 0.01680672268913689 0
830 0.915254237287785 0.03361344537827381 0
831 0.9152542372877861 0.05042016806741069 0
832 0.9152542372877873 0.06722689075654764 0
833 0.9152542372877881 0.08403361344568411 0
834 0.9152542372877895 0.1008403361348206 0
835 0.9152542372877905 0.1176470588239571 0
836 0.9152542372877915 0.1344537815130942 0
837 0.9152542372877925 0.1512605042022316 0
838 0.9152542372877936 0.1680672268913692 0
839 0.9152542372877948 0.1848739495805066 0
840 0.9152542372877958 0.201680672269644 0
841 0.9152542372877968 0.2184873949587814 0
842 0.9152542372877981 0.235294117647919 0
843 0.915254237287799 0.2521008403370558 0
844 0.9152542372878001 0.2689075630261918 0
845 0.9152542372878012 0.2857142857153273 0
846 0.9152542372878024 0.3025210084044626 0
847 0.9152542372878034 0.3193277310935981 0
848 0.9152542372878045 0.3361344537827338 0
849 0.9152542372878054 0.3529411764718692 0
850 0.9152542372878067 0.3697478991610048 0
851 0.9152542372878076 0.3865546218501403 0
852 0.9152542372878087 0.4033613445392757 0
853 0.9152542372878099 0.4201680672284111 0
854 0.9152542372878113 0.4369747899175466 0
855 0.9152542372878121 0.4537815126066821 0
856 0.9152542372878132 0.4705882352958176 0
857 0.9152542372878143 0.4873949579849533 0
858 0.9152542372878154 0.5042016806740888 0
859 0.9152542372878163 0.5210084033632243 0
860 0.9152542372878176 0.5378151260523596 0
861 0.9152542372878185 0.5546218487414951 0
862 0.9152542372878197 0.5714285714306305 0
863 0.9152542372878207 0.5882352941197663 0
864 0.9152542372878221 0.6050420168089018 0
865 0.9152542372878227 0.6218487394980371 0
866 0.9152542372878241 0.6386554621871726 0
867 0.9152542372878252 0.6554621848763083 0
868 0.9152542372878262 0.6722689075654437 0
869 0.9152542372878272 0.6890756302545794 0
870 0.9152542372878285 0.7058823529437148 0
871 0.9152542372878294 0.72268907563285 0
872 0.9152542372878305 0.7394957983219856 0
873 0.9152542372878316 0.7563025210111209 0
874 0.9152542372878327 0.7731092437002567 0
875 0.9152542372878336 0.7899159663893923 0
876 0.9152542372878349 0.8067226890785277 0
877 0.9152542372878359 0.8235294117676631 0
878 0.9152542372878369 0.8403361344567983 0
879 0.9152542372878381 0.8571428571459342 0
880 0.9152542372878394 0.8739495798350697 0
881 0.9152542372878401 0.890756302524205 0
882 0.9152542372878414 0.9075630252133408 0
883 0.9152542372878425 0.9243697479024763 0
884 0.9152542372878436 0.9411764705916117 0
885 0.9152542372878447 0.957983193280747 0
886 0.9152542372878456 0.9747899159698827 0
887 0.9152542372878469 0.9915966386590007 0
888 0.9152542372878478 1.008403361348055 0
889 0.9152542372878489 1.025210084037045 0
890 0.91525423728785 1.042016806726018 0
891 0.9152542372878512 1.058823529414991 0
892 0.9152542372878523 1.075630252103963 0
893 0.9152542372878534 1.092436974792936 0
894 0.9152542372878545 1.109243697481908 0
895 0.9152542372878556 1.126050420170881 0
896 0.9152542372878567 1.142857142859854 0
897 0.9152542372878578 1.159663865548826 0
898 0.9152542372878589 1.176470588237799 0
899 0.9152542372878598 1.193277310926772 0
900 0.9152542372878609 1.210084033615744 0
901 0.915254237287862 1.226890756304717 0
902 0.9152542372878631 1.24369747899369 0
903 0.9152542372878643 1.260504201682663 0
904 0.9152542372878651 1.277310924371635 0
905 0.9152542372878665 1.294117647060608 0
906 0.9152542372878676 1.31092436974958 0
907 0.9152542372878687 1.327731092438553 0
908 0.9152542372878696 1.344537815127526 0
909 0.9152542372878709 1.361344537816499 0
910 0.9152542372878718 1.378151260505471 0
911 0.9152542372878731 1.394957983194444 0
912 0.915254237287874 1.411764705883417 0
913 0.9152542372878751 1.428571428572389 0
914 0.9152542372878762 1.445378151261362 0
915 0.9152542372878771 1.462184873950335 0
916 0.9152542372878785 1.478991596639307 0
917 0.9152542372878794 1.49579831932828 0
918 0.9152542372878805 1.512605042017253 0
919 0.9152542372878816 1.529411764706226 0
920 0.9152542372878827 1.546218487395198 0
921 0.9152542372878838 1.563025210084171 0
922 0.9152542372878849 1.579831932773144 0
923 0.915254237287886 1.596638655462116 0
924 0.9152542372878871 1.613445378151088 0
925 0.9152542372878882 1.630252100840061 0
926 0.9152542372878891 1.647058823529034 0
927 0.91525423728789 1.663865546218006 0
928 0.9152542372878913 1.68067226890698 0
929 0.9152542372878925 1.697478991595951 0
930 0.9152542372878936 1.714285714284925 0
931 0.9152542372878945 1.731092436973897 0
932 0.9152542372878958 1.747899159662904 0
933 0.9152542372878969 1.764705882351994 0
934 0.9152542372878978 1.781512605041135 0
935 0.9152542372878989 1.798319327730278 0
936 0.9152542372879 1.815126050419422 0
937 0.9152542372879011 1.831932773108566 0
938 0.9152542372879022 1.848739495797709 0
939 0.9152542372879033 1.865546218486853 0
940 0.9152542372879044 1.882352941175996 0
941 0.9152542372879056 1.899159663865139 0
942 0.9152542372879067 1.915966386554283 0
943 0.9152542372879076 1.932773109243426 0
944 0.9152542372879087 1.94957983193257 0
945 0.9152542372879098 1.966386554621713 0
946 0.9152542372879109 1.983193277310856 0
947 0.8983050847453407 0.01680672268913517 0
948 0.898305084745342 0.03361344537827037 0
949 0.8983050847453433 0.05042016806740553 0
950 0.8983050847453447 0.0672268907565407 0
951 0.8983050847453458 0.08403361344567539 0
952 0.8983050847453471 0.10084033613481 0
953 0.8983050847453484 0.1176470588239447 0
954 0.8983050847453495 0.1344537815130802 0
955 0.8983050847453509 0.1512605042022158 0
956 0.8983050847453524 0.1680672268913519 0
957 0.8983050847453535 0.1848739495804876 0
958 0.8983050847453549 0.2016806722696234 0
959 0.8983050847453562 0.2184873949587592 0
960 0.8983050847453575 0.2352941176478952 0
961 0.8983050847453589 0.2521008403370303 0
962 0.8983050847453601 0.2689075630261643 0
963 0.8983050847453615 0.2857142857152977 0
964 0.8983050847453629 0.3025210084044311 0
965 0.898305084745364 0.3193277310935646 0
966 0.8983050847453653 0.3361344537826982 0
967 0.8983050847453664 0.3529411764718317 0
968 0.898305084745368 0.3697478991609653 0
969 0.8983050847453693 0.3865546218500986 0
970 0.8983050847453706 0.403361344539232 0
971 0.8983050847453717 0.4201680672283655 0
972 0.8983050847453731 0.4369747899174988 0
973 0.8983050847453744 0.4537815126066324 0
974 0.898305084745376 0.470588235295766 0
975 0.8983050847453772 0.4873949579848996 0
976 0.8983050847453784 0.504201680674033 0
977 0.8983050847453797 0.5210084033631663 0
978 0.8983050847453813 0.5378151260522996 0
979 0.8983050847453824 0.5546218487414334 0
980 0.8983050847453835 0.571428571430567 0
981 0.8983050847453848 0.5882352941197003 0
982 0.8983050847453863 0.6050420168088338 0
983 0.8983050847453875 0.6218487394979675 0
984 0.8983050847453888 0.6386554621871007 0
985 0.8983050847453902 0.6554621848762342 0
986 0.8983050847453916 0.6722689075653678 0
987 0.8983050847453928 0.6890756302545012 0
988 0.8983050847453942 0.7058823529436347 0
989 0.8983050847453955 0.7226890756327683 0
990 0.8983050847453966 0.7394957983219017 0
991 0.8983050847453977 0.756302521011035 0
992 0.8983050847453991 0.7731092437001685 0
993 0.8983050847454005 0.7899159663893024 0
994 0.8983050847454017 0.8067226890784357 0
995 0.8983050847454033 0.8235294117675691 0
996 0.8983050847454044 0.8403361344567025 0
997 0.8983050847454057 0.857142857145836 0
998 0.898305084745407 0.8739495798349697 0
999 0.8983050847454084 0.8907563025241029 0
1000 0.8983050847454097 0.9075630252132367 0
1001 0.898305084745411 0.9243697479023703 0
1002 0.8983050847454124 0.9411764705915033 0
1003 0.8983050847454135 0.9579831932806369 0
1004 0.898305084745415 0.9747899159697705 0
1005 0.8983050847454161 0.991596638658887 0
1006 0.8983050847454175 1.008403361347941 0
1007 0.8983050847454188 1.025210084036934 0
1008 0.8983050847454201 1.042016806725909 0
1009 0.8983050847454215 1.058823529414885 0
1010 0.8983050847454228 1.07563025210386 0
1011 0.8983050847454241 1.092436974792836 0
1012 0.8983050847454253 1.109243697481811 0
1013 0.8983050847454266 1.126050420170786 0
1014 0.8983050847454279 1.142857142859762 0
1015 0.8983050847454292 1.159663865548737 0
1016 0.8983050847454306 1.176470588237713 0
1017 0.8983050847454319 1.193277310926688 0
1018 0.8983050847454332 1.210084033615663 0
1019 0.8983050847454346 1.226890756304639 0
1020 0.8983050847454359 1.243697478993614 0
1021 0.8983050847454372 1.26050420168259 0
1022 0.8983050847454384 1.277310924371565 0
1023 0.8983050847454399 1.294117647060541 0
1024 0.8983050847454412 1.310924369749515 0
1025 0.8983050847454424 1.327731092438491 0
1026 0.8983050847454435 1.344537815127467 0
1027 0.8983050847454448 1.361344537816442 0
1028 0.8983050847454461 1.378151260505418 0
1029 0.8983050847454475 1.394957983194393 0
1030 0.8983050847454488 1.411764705883368 0
1031 0.8983050847454501 1.428571428572344 0
1032 0.8983050847454515 1.445378151261319 0
1033 0.8983050847454528 1.462184873950294 0
1034 0.8983050847454541 1.47899159663927 0
1035 0.8983050847454552 1.495798319328245 0
1036 0.8983050847454568 1.512605042017221 0
1037 0.8983050847454581 1.529411764706196 0
1038 0.8983050847454592 1.546218487395172 0
1039 0.8983050847454606 1.563025210084147 0
1040 0.8983050847454617 1.579831932773122 0
1041 0.898305084745463 1.596638655462098 0
1042 0.8983050847454643 1.613445378151074 0
1043 0.8983050847454657 1.630252100840049 0
1044 0.898305084745467 1.647058823529024 0
1045 0.8983050847454683 1.663865546217999 0
1046 0.8983050847454697 1.680672268906974 0
1047 0.898305084745471 1.69747899159595 0
1048 0.8983050847454723 1.714285714284925 0
1049 0.8983050847454737 1.7310924369739 0
1050 0.898305084745475 1.74789915966291 0
1051 0.8983050847454763 1.764705882352 0
1052 0.8983050847454774 1.781512605041141 0
1053 0.898305084745479 1.798319327730284 0
1054 0.8983050847454801 1.815126050419427 0
1055 0.8983050847454812 1.83193277310857 0
1056 0.8983050847454825 1.848739495797713 0
1057 0.8983050847454839 1.865546218486856 0
1058 0.8983050847454852 1.882352941175999 0
1059 0.8983050847454865 1.899159663865142 0
1060 0.8983050847454879 1.915966386554285 0
1061 0.8983050847454892 1.932773109243428 0
1062 0.8983050847454905 1.949579831932571 0
1063 0.8983050847454919 1.966386554621714 0
1064 0.8983050847454932 1.983193277310857 0
1065 0.8813559322029011 0.01680672268913344 0
1066 0.8813559322029029 0.03361344537826692 0
1067 0.8813559322029044 0.05042016806740035 0
1068 0.8813559322029058 0.06722689075653376 0
1069 0.8813559322029073 0.08403361344566665 0
1070 0.8813559322029089 0.1008403361347994 0
1071 0.8813559322029102 0.1176470588239324 0
1072 0.881355932202912 0.1344537815130661 0
1073 0.8813559322029131 0.1512605042022002 0
1074 0.8813559322029146 0.1680672268913345 0
1075 0.881355932202916 0.1848739495804687 0
1076 0.8813559322029176 0.2016806722696028 0
1077 0.8813559322029191 0.2184873949587371 0
1078 0.8813559322029209 0.2352941176478713 0
1079 0.881355932202922 0.2521008403370046 0
1080 0.8813559322029235 0.2689075630261368 0
1081 0.8813559322029252 0.2857142857152681 0
1082 0.8813559322029267 0.3025210084043995 0
1083 0.8813559322029282 0.319327731093531 0
1084 0.8813559322029294 0.3361344537826626 0
1085 0.8813559322029314 0.352941176471794 0
1086 0.8813559322029324 0.3697478991609255 0
1087 0.881355932202934 0.386554621850057 0
1088 0.8813559322029356 0.4033613445391885 0
1089 0.8813559322029371 0.4201680672283198 0
1090 0.8813559322029387 0.4369747899174512 0
1091 0.88135593220294 0.4537815126065828 0
1092 0.8813559322029415 0.4705882352957143 0
1093 0.8813559322029432 0.4873949579848458 0
1094 0.8813559322029445 0.5042016806739771 0
1095 0.8813559322029458 0.5210084033631086 0
1096 0.8813559322029474 0.5378151260522401 0
1097 0.8813559322029488 0.5546218487413717 0
1098 0.8813559322029504 0.5714285714305031 0
1099 0.8813559322029518 0.5882352941196346 0
1100 0.8813559322029534 0.6050420168087659 0
1101 0.8813559322029552 0.6218487394978974 0
1102 0.8813559322029563 0.638655462187029 0
1103 0.8813559322029578 0.6554621848761605 0
1104 0.8813559322029594 0.6722689075652918 0
1105 0.8813559322029605 0.6890756302544235 0
1106 0.8813559322029624 0.7058823529435549 0
1107 0.8813559322029637 0.7226890756326863 0
1108 0.8813559322029653 0.7394957983218176 0
1109 0.8813559322029668 0.7563025210109491 0
1110 0.8813559322029682 0.7731092437000806 0
1111 0.8813559322029699 0.7899159663892122 0
1112 0.8813559322029714 0.8067226890783439 0
1113 0.8813559322029726 0.8235294117674751 0
1114 0.8813559322029745 0.8403361344566066 0
1115 0.8813559322029759 0.8571428571457379 0
1116 0.8813559322029771 0.8739495798348694 0
1117 0.8813559322029787 0.8907563025240007 0
1118 0.8813559322029803 0.9075630252131325 0
1119 0.8813559322029816 0.924369747902264 0
1120 0.881355932202983 0.9411764705913954 0
1121 0.8813559322029846 0.9579831932805267 0
1122 0.8813559322029861 0.974789915969658 0
1123 0.8813559322029877 0.9915966386587733 0
1124 0.8813559322029892 1.008403361347828 0
1125 0.8813559322029904 1.025210084036822 0
1126 0.8813559322029919 1.042016806725801 0
1127 0.8813559322029935 1.058823529414779 0
1128 0.881355932202995 1.075630252103758 0
1129 0.8813559322029966 1.092436974792735 0
1130 0.8813559322029981 1.109243697481713 0
1131 0.8813559322029995 1.126050420170692 0
1132 0.8813559322030009 1.14285714285967 0
1133 0.8813559322030025 1.159663865548648 0
1134 0.8813559322030041 1.176470588237626 0
1135 0.8813559322030055 1.193277310926604 0
1136 0.881355932203007 1.210084033615582 0
1137 0.8813559322030082 1.22689075630456 0
1138 0.88135593220301 1.243697478993538 0
1139 0.8813559322030112 1.260504201682516 0
1140 0.8813559322030128 1.277310924371495 0
1141 0.8813559322030142 1.294117647060473 0
1142 0.8813559322030158 1.310924369749451 0
1143 0.8813559322030173 1.327731092438429 0
1144 0.8813559322030188 1.344537815127407 0
1145 0.8813559322030206 1.361344537816385 0
1146 0.8813559322030219 1.378151260505363 0
1147 0.8813559322030231 1.394957983194342 0
1148 0.8813559322030249 1.41176470588332 0
1149 0.8813559322030264 1.428571428572298 0
1150 0.8813559322030277 1.445378151261276 0
1151 0.8813559322030292 1.462184873950254 0
1152 0.8813559322030308 1.478991596639232 0
1153 0.8813559322030323 1.49579831932821 0
1154 0.8813559322030338 1.512605042017189 0
1155 0.8813559322030352 1.529411764706167 0
1156 0.8813559322030365 1.546218487395145 0
1157 0.8813559322030381 1.563025210084123 0
1158 0.8813559322030396 1.579831932773101 0
1159 0.8813559322030412 1.596638655462079 0
1160 0.8813559322030426 1.613445378151057 0
1161 0.8813559322030442 1.630252100840035 0
1162 0.8813559322030456 1.647058823529014 0
1163 0.8813559322030472 1.663865546217991 0
1164 0.8813559322030485 1.68067226890697 0
1165 0.8813559322030499 1.697478991595948 0
1166 0.8813559322030516 1.714285714284925 0
1167 0.881355932203053 1.731092436973904 0
1168 0.8813559322030545 1.747899159662915 0
1169 0.8813559322030561 1.764705882352006 0
1170 0.8813559322030573 1.781512605041146 0
1171 0.8813559322030591 1.798319327730289 0
1172 0.8813559322030605 1.815126050419432 0
1173 0.8813559322030619 1.831932773108574 0
1174 0.8813559322030634 1.848739495797717 0
1175 0.881355932203065 1.86554621848686 0
1176 0.8813559322030663 1.882352941176002 0
1177 0.8813559322030678 1.899159663865144 0
1178 0.8813559322030694 1.915966386554287 0
1179 0.8813559322030707 1.932773109243429 0
1180 0.8813559322030725 1.949579831932573 0
1181 0.8813559322030738 1.966386554621715 0
1182 0.8813559322030752 1.983193277310857 0
1183 0.8644067796605707 0.01680672268913171 0
1184 0.8644067796605713 0.03361344537826347 0
1185 0.8644067796605722 0.05042016806739517 0
1186 0.8644067796605729 0.06722689075652682 0
1187 0.8644067796605736 0.08403361344565793 0
1188 0.8644067796605744 0.1008403361347889 0
1189 0.8644067796605751 0.11764705882392 0
1190 0.8644067796605761 0.134453781513052 0
1191 0.8644067796605767 0.1512605042021845 0
1192 0.8644067796605776 0.1680672268913172 0
1193 0.8644067796605784 0.1848739495804497 0
1194 0.864406779660579 0.2016806722695822 0
1195 0.8644067796605798 0.2184873949587148 0
1196 0.8644067796605807 0.2352941176478475 0
1197 0.8644067796605814 0.2521008403369791 0
1198 0.8644067796605821 0.2689075630261093 0
1199 0.8644067796605829 0.2857142857152388 0
1200 0.8644067796605835 0.3025210084043681 0
1201 0.8644067796605844 0.3193277310934975 0
1202 0.8644067796605851 0.336134453782627 0
1203 0.8644067796605859 0.3529411764717563 0
1204 0.8644067796605864 0.369747899160886 0
1205 0.8644067796605872 0.3865546218500155 0
1206 0.864406779660588 0.4033613445391447 0
1207 0.8644067796605889 0.4201680672282741 0
1208 0.8644067796605897 0.4369747899174036 0
1209 0.8644067796605901 0.4537815126065332 0
1210 0.864406779660591 0.4705882352956625 0
1211 0.8644067796605917 0.487394957984792 0
1212 0.8644067796605924 0.5042016806739216 0
1213 0.8644067796605933 0.5210084033630509 0
1214 0.8644067796605939 0.5378151260521802 0
1215 0.8644067796605948 0.5546218487413099 0
1216 0.8644067796605954 0.5714285714304391 0
1217 0.8644067796605963 0.5882352941195689 0
1218 0.8644067796605968 0.6050420168086982 0
1219 0.8644067796605975 0.6218487394978275 0
1220 0.8644067796605985 0.6386554621869569 0
1221 0.8644067796605992 0.6554621848760868 0
1222 0.8644067796606001 0.6722689075652158 0
1223 0.8644067796606005 0.6890756302543454 0
1224 0.8644067796606016 0.7058823529434748 0
1225 0.8644067796606022 0.7226890756326043 0
1226 0.8644067796606029 0.7394957983217338 0
1227 0.8644067796606036 0.7563025210108629 0
1228 0.8644067796606048 0.7731092436999927 0
1229 0.8644067796606053 0.7899159663891223 0
1230 0.864406779660606 0.8067226890782515 0
1231 0.8644067796606067 0.8235294117673811 0
1232 0.8644067796606075 0.8403361344565102 0
1233 0.8644067796606082 0.8571428571456398 0
1234 0.864406779660609 0.8739495798347692 0
1235 0.8644067796606099 0.8907563025238986 0
1236 0.8644067796606104 0.9075630252130282 0
1237 0.8644067796606112 0.9243697479021579 0
1238 0.8644067796606122 0.9411764705912871 0
1239 0.8644067796606129 0.9579831932804166 0
1240 0.8644067796606135 0.9747899159695459 0
1241 0.8644067796606142 0.9915966386586597 0
1242 0.8644067796606151 1.008403361347715 0
1243 0.8644067796606157 1.025210084036711 0
1244 0.8644067796606164 1.042016806725693 0
1245 0.8644067796606173 1.058823529414674 0
1246 0.864406779660618 1.075630252103654 0
1247 0.8644067796606189 1.092436974792635 0
1248 0.8644067796606193 1.109243697481616 0
1249 0.8644067796606202 1.126050420170597 0
1250 0.8644067796606211 1.142857142859577 0
1251 0.8644067796606215 1.159663865548559 0
1252 0.8644067796606224 1.176470588237539 0
1253 0.8644067796606234 1.19327731092652 0
1254 0.864406779660624 1.210084033615501 0
1255 0.8644067796606245 1.226890756304481 0
1256 0.8644067796606255 1.243697478993463 0
1257 0.8644067796606262 1.260504201682443 0
1258 0.8644067796606272 1.277310924371424 0
1259 0.8644067796606277 1.294117647060405 0
1260 0.8644067796606285 1.310924369749386 0
1261 0.8644067796606292 1.327731092438367 0
1262 0.86440677966063 1.344537815127348 0
1263 0.8644067796606305 1.361344537816329 0
1264 0.8644067796606314 1.37815126050531 0
1265 0.8644067796606322 1.394957983194291 0
1266 0.864406779660633 1.411764705883271 0
1267 0.8644067796606335 1.428571428572252 0
1268 0.8644067796606344 1.445378151261233 0
1269 0.8644067796606352 1.462184873950214 0
1270 0.8644067796606359 1.478991596639195 0
1271 0.8644067796606368 1.495798319328176 0
1272 0.8644067796606376 1.512605042017157 0
1273 0.8644067796606384 1.529411764706137 0
1274 0.8644067796606388 1.546218487395119 0
1275 0.8644067796606396 1.563025210084099 0
1276 0.8644067796606406 1.57983193277308 0
1277 0.8644067796606411 1.596638655462061 0
1278 0.8644067796606421 1.613445378151041 0
1279 0.8644067796606428 1.630252100840022 0
1280 0.8644067796606437 1.647058823529003 0
1281 0.8644067796606442 1.663865546217984 0
1282 0.8644067796606452 1.680672268906965 0
1283 0.8644067796606457 1.697478991595945 0
1284 0.8644067796606464 1.714285714284926 0
1285 0.8644067796606473 1.731092436973907 0
1286 0.8644067796606482 1.74789915966292 0
1287 0.8644067796606488 1.764705882352012 0
1288 0.8644067796606495 1.781512605041152 0
1289 0.8644067796606504 1.798319327730294 0
1290 0.864406779660651 1.815126050419436 0
1291 0.8644067796606517 1.831932773108579 0
1292 0.8644067796606526 1.848739495797721 0
1293 0.8644067796606533 1.865546218486863 0
1294 0.8644067796606539 1.882352941176005 0
1295 0.8644067796606548 1.899159663865147 0
1296 0.8644067796606555 1.91596638655429 0
1297 0.8644067796606562 1.932773109243432 0
1298 0.864406779660657 1.949579831932574 0
1299 0.8644067796606579 1.966386554621716 0
1300 0.8644067796606584 1.983193277310858 0
1301 0.8474576271183142 0.01680672268912999 0
1302 0.8474576271183135 0.03361344537826003 0
1303 0.8474576271183129 0.05042016806739001 0
1304 0.8474576271183122 0.06722689075651989 0
1305 0.8474576271183116 0.08403361344564919 0
1306 0.8474576271183112 0.1008403361347783 0
1307 0.8474576271183105 0.1176470588239077 0
1308 0.8474576271183101 0.134453781513038 0
1309 0.8474576271183091 0.1512605042021687 0
1310 0.8474576271183086 0.1680672268912999 0
1311 0.8474576271183082 0.1848739495804307 0
1312 0.8474576271183072 0.2016806722695617 0
1313 0.8474576271183067 0.2184873949586927 0
1314 0.847457627118306 0.2352941176478238 0
1315 0.8474576271183056 0.2521008403369535 0
1316 0.8474576271183049 0.2689075630260819 0
1317 0.8474576271183042 0.2857142857152092 0
1318 0.8474576271183037 0.3025210084043365 0
1319 0.8474576271183031 0.319327731093464 0
1320 0.8474576271183024 0.3361344537825915 0
1321 0.847457627118302 0.3529411764717188 0
1322 0.8474576271183012 0.3697478991608465 0
1323 0.8474576271183009 0.3865546218499737 0
1324 0.8474576271183001 0.4033613445391012 0
1325 0.8474576271182992 0.4201680672282286 0
1326 0.8474576271182988 0.4369747899173558 0
1327 0.847457627118298 0.4537815126064834 0
1328 0.8474576271182974 0.4705882352956108 0
1329 0.847457627118297 0.4873949579847383 0
1330 0.8474576271182962 0.5042016806738658 0
1331 0.8474576271182958 0.5210084033629931 0
1332 0.8474576271182951 0.5378151260521207 0
1333 0.8474576271182946 0.5546218487412482 0
1334 0.847457627118294 0.5714285714303754 0
1335 0.8474576271182933 0.5882352941195031 0
1336 0.8474576271182925 0.6050420168086305 0
1337 0.847457627118292 0.6218487394977577 0
1338 0.8474576271182913 0.6386554621868851 0
1339 0.8474576271182905 0.6554621848760125 0
1340 0.8474576271182901 0.6722689075651401 0
1341 0.8474576271182895 0.6890756302542677 0
1342 0.8474576271182889 0.7058823529433949 0
1343 0.8474576271182884 0.7226890756325224 0
1344 0.8474576271182879 0.7394957983216497 0
1345 0.8474576271182871 0.7563025210107772 0
1346 0.8474576271182866 0.7731092436999047 0
1347 0.8474576271182859 0.7899159663890322 0
1348 0.8474576271182854 0.8067226890781596 0
1349 0.8474576271182845 0.823529411767287 0
1350 0.8474576271182841 0.8403361344564143 0
1351 0.8474576271182834 0.8571428571455415 0
1352 0.8474576271182828 0.8739495798346691 0
1353 0.8474576271182823 0.8907563025237966 0
1354 0.8474576271182817 0.907563025212924 0
1355 0.847457627118281 0.9243697479020515 0
1356 0.8474576271182804 0.9411764705911789 0
1357 0.8474576271182798 0.9579831932803061 0
1358 0.8474576271182793 0.9747899159694338 0
1359 0.8474576271182784 0.9915966386585457 0
1360 0.847457627118278 1.008403361347601 0
1361 0.8474576271182773 1.0252100840366 0
1362 0.8474576271182767 1.042016806725584 0
1363 0.847457627118276 1.058823529414568 0
1364 0.8474576271182753 1.075630252103551 0
1365 0.8474576271182749 1.092436974792534 0
1366 0.8474576271182742 1.109243697481519 0
1367 0.8474576271182735 1.126050420170502 0
1368 0.8474576271182731 1.142857142859485 0
1369 0.8474576271182722 1.159663865548469 0
1370 0.8474576271182718 1.176470588237452 0
1371 0.8474576271182714 1.193277310926436 0
1372 0.8474576271182703 1.210084033615419 0
1373 0.8474576271182699 1.226890756304403 0
1374 0.8474576271182691 1.243697478993387 0
1375 0.8474576271182687 1.260504201682371 0
1376 0.8474576271182681 1.277310924371354 0
1377 0.8474576271182674 1.294117647060338 0
1378 0.8474576271182669 1.310924369749321 0
1379 0.8474576271182663 1.327731092438305 0
1380 0.8474576271182654 1.344537815127288 0
1381 0.8474576271182651 1.361344537816272 0
1382 0.8474576271182643 1.378151260505256 0
1383 0.8474576271182637 1.394957983194239 0
1384 0.8474576271182633 1.411764705883223 0
1385 0.8474576271182624 1.428571428572207 0
1386 0.847457627118262 1.445378151261191 0
1387 0.8474576271182611 1.462184873950173 0
1388 0.8474576271182607 1.478991596639157 0
1389 0.8474576271182602 1.495798319328141 0
1390 0.8474576271182592 1.512605042017124 0
1391 0.8474576271182589 1.529411764706108 0
1392 0.8474576271182584 1.546218487395092 0
1393 0.8474576271182575 1.563025210084075 0
1394 0.8474576271182571 1.579831932773059 0
1395 0.8474576271182565 1.596638655462042 0
1396 0.8474576271182559 1.613445378151026 0
1397 0.8474576271182553 1.630252100840009 0
1398 0.8474576271182545 1.647058823528993 0
1399 0.847457627118254 1.663865546217977 0
1400 0.8474576271182533 1.68067226890696 0
1401 0.8474576271182527 1.697478991595944 0
1402 0.8474576271182521 1.714285714284927 0
1403 0.8474576271182516 1.731092436973911 0
1404 0.8474576271182509 1.747899159662926 0
1405 0.8474576271182501 1.764705882352018 0
1406 0.8474576271182496 1.781512605041158 0
1407 0.8474576271182491 1.7983193277303 0
1408 0.8474576271182482 1.815126050419442 0
1409 0.8474576271182478 1.831932773108583 0
1410 0.8474576271182473 1.848739495797725 0
1411 0.8474576271182467 1.865546218486867 0
1412 0.847457627118246 1.882352941176008 0
1413 0.8474576271182456 1.89915966386515 0
1414 0.8474576271182447 1.915966386554292 0
1415 0.8474576271182442 1.932773109243433 0
1416 0.8474576271182436 1.949579831932575 0
1417 0.8474576271182429 1.966386554621717 0
1418 0.8474576271182425 1.983193277310859 0
1419 0.8305084745760573 0.01680672268912826 0
1420 0.8305084745760555 0.03361344537825657 0
1421 0.8305084745760536 0.05042016806738485 0
1422 0.8305084745760515 0.06722689075651295 0
1423 0.8305084745760497 0.08403361344564045 0
1424 0.8305084745760476 0.1008403361347678 0
1425 0.8305084745760457 0.1176470588238954 0
1426 0.8305084745760435 0.1344537815130239 0
1427 0.8305084745760417 0.1512605042021531 0
1428 0.8305084745760399 0.1680672268912826 0
1429 0.8305084745760378 0.1848739495804118 0
1430 0.8305084745760358 0.2016806722695412 0
1431 0.8305084745760337 0.2184873949586705 0
1432 0.8305084745760318 0.2352941176477999 0
1433 0.8305084745760298 0.2521008403369279 0
1434 0.8305084745760277 0.2689075630260543 0
1435 0.8305084745760259 0.2857142857151797 0
1436 0.8305084745760239 0.302521008404305 0
1437 0.8305084745760218 0.3193277310934304 0
1438 0.8305084745760198 0.3361344537825559 0
1439 0.830508474576018 0.3529411764716813 0
1440 0.830508474576016 0.3697478991608067 0
1441 0.8305084745760141 0.3865546218499322 0
1442 0.8305084745760121 0.4033613445390575 0
1443 0.83050847457601 0.4201680672281828 0
1444 0.830508474576008 0.4369747899173083 0
1445 0.830508474576006 0.4537815126064337 0
1446 0.8305084745760042 0.470588235295559 0
1447 0.8305084745760023 0.4873949579846846 0
1448 0.8305084745760002 0.5042016806738101 0
1449 0.8305084745759983 0.5210084033629354 0
1450 0.8305084745759962 0.5378151260520607 0
1451 0.8305084745759942 0.5546218487411863 0
1452 0.8305084745759923 0.5714285714303117 0
1453 0.8305084745759903 0.588235294119437 0
1454 0.8305084745759884 0.6050420168085625 0
1455 0.8305084745759863 0.621848739497688 0
1456 0.8305084745759844 0.6386554621868131 0
1457 0.8305084745759823 0.6554621848759388 0
1458 0.8305084745759803 0.6722689075650642 0
1459 0.8305084745759784 0.6890756302541895 0
1460 0.8305084745759764 0.7058823529433149 0
1461 0.8305084745759745 0.7226890756324404 0
1462 0.8305084745759727 0.7394957983215658 0
1463 0.8305084745759705 0.7563025210106911 0
1464 0.8305084745759688 0.7731092436998166 0
1465 0.8305084745759663 0.7899159663889422 0
1466 0.8305084745759647 0.8067226890780677 0
1467 0.8305084745759623 0.8235294117671929 0
1468 0.8305084745759608 0.8403361344563182 0
1469 0.8305084745759586 0.8571428571454435 0
1470 0.8305084745759567 0.8739495798345692 0
1471 0.8305084745759548 0.8907563025236943 0
1472 0.8305084745759528 0.9075630252128201 0
1473 0.8305084745759506 0.9243697479019453 0
1474 0.8305084745759487 0.9411764705910708 0
1475 0.8305084745759467 0.9579831932801961 0
1476 0.8305084745759447 0.9747899159693214 0
1477 0.8305084745759429 0.9915966386584321 0
1478 0.8305084745759407 1.008403361347488 0
1479 0.8305084745759389 1.025210084036489 0
1480 0.8305084745759367 1.042016806725475 0
1481 0.8305084745759349 1.058823529414462 0
1482 0.8305084745759329 1.075630252103448 0
1483 0.8305084745759309 1.092436974792434 0
1484 0.8305084745759291 1.109243697481421 0
1485 0.8305084745759269 1.126050420170407 0
1486 0.8305084745759251 1.142857142859393 0
1487 0.8305084745759229 1.15966386554838 0
1488 0.8305084745759209 1.176470588237366 0
1489 0.8305084745759191 1.193277310926353 0
1490 0.8305084745759171 1.210084033615339 0
1491 0.8305084745759151 1.226890756304325 0
1492 0.8305084745759131 1.243697478993312 0
1493 0.830508474575911 1.260504201682298 0
1494 0.830508474575909 1.277310924371284 0
1495 0.8305084745759073 1.29411764706027 0
1496 0.8305084745759053 1.310924369749257 0
1497 0.8305084745759035 1.327731092438243 0
1498 0.8305084745759014 1.34453781512723 0
1499 0.8305084745758993 1.361344537816216 0
1500 0.8305084745758975 1.378151260505202 0
1501 0.8305084745758954 1.394957983194189 0
1502 0.8305084745758934 1.411764705883174 0
1503 0.8305084745758914 1.428571428572161 0
1504 0.8305084745758894 1.445378151261147 0
1505 0.8305084745758874 1.462184873950134 0
1506 0.8305084745758854 1.47899159663912 0
1507 0.8305084745758834 1.495798319328106 0
1508 0.8305084745758814 1.512605042017093 0
1509 0.8305084745758794 1.529411764706079 0
1510 0.8305084745758776 1.546218487395065 0
1511 0.8305084745758754 1.563025210084051 0
1512 0.8305084745758733 1.579831932773038 0
1513 0.8305084745758714 1.596638655462024 0
1514 0.8305084745758695 1.61344537815101 0
1515 0.8305084745758676 1.630252100839996 0
1516 0.8305084745758656 1.647058823528983 0
1517 0.8305084745758636 1.663865546217969 0
1518 0.8305084745758616 1.680672268906955 0
1519 0.8305084745758597 1.697478991595942 0
1520 0.8305084745758577 1.714285714284928 0
1521 0.8305084745758559 1.731092436973914 0
1522 0.8305084745758539 1.747899159662932 0
1523 0.8305084745758519 1.764705882352025 0
1524 0.8305084745758499 1.781512605041163 0
1525 0.830508474575848 1.798319327730305 0
1526 0.8305084745758459 1.815126050419446 0
1527 0.8305084745758439 1.831932773108588 0
1528 0.8305084745758421 1.848739495797728 0
1529 0.8305084745758399 1.865546218486869 0
1530 0.8305084745758379 1.882352941176011 0
1531 0.8305084745758359 1.899159663865152 0
1532 0.830508474575834 1.915966386554294 0
1533 0.8305084745758319 1.932773109243435 0
1534 0.8305084745758301 1.949579831932577 0
1535 0.8305084745758279 1.966386554621717 0
1536 0.8305084745758261 1.983193277310859 0
1537 0.8135593220338008 0.01680672268912654 0
1538 0.8135593220337974 0.03361344537825313 0
1539 0.8135593220337941 0.05042016806737969 0
1540 0.813559322033791 0.06722689075650604 0
1541 0.8135593220337877 0.08403361344563171 0
1542 0.8135593220337842 0.1008403361347572 0
1543 0.8135593220337808 0.117647058823883 0
1544 0.8135593220337777 0.1344537815130098 0
1545 0.8135593220337741 0.1512605042021373 0
1546 0.8135593220337708 0.1680672268912652 0
1547 0.8135593220337675 0.1848739495803929 0
1548 0.813559322033764 0.2016806722695206 0
1549 0.8135593220337608 0.2184873949586482 0
1550 0.8135593220337575 0.2352941176477761 0
1551 0.8135593220337541 0.2521008403369024 0
1552 0.8135593220337507 0.2689075630260268 0
1553 0.8135593220337473 0.2857142857151502 0
1554 0.8135593220337441 0.3025210084042734 0
1555 0.8135593220337407 0.3193277310933967 0
1556 0.8135593220337374 0.3361344537825204 0
1557 0.813559322033734 0.3529411764716437 0
1558 0.8135593220337308 0.3697478991607672 0
1559 0.8135593220337275 0.3865546218498905 0
1560 0.8135593220337241 0.4033613445390138 0
1561 0.8135593220337206 0.4201680672281372 0
1562 0.8135593220337173 0.4369747899172606 0
1563 0.8135593220337139 0.4537815126063841 0
1564 0.8135593220337106 0.4705882352955074 0
1565 0.8135593220337074 0.4873949579846308 0
1566 0.8135593220337037 0.5042016806737541 0
1567 0.8135593220337006 0.5210084033628775 0
1568 0.8135593220336973 0.537815126052001 0
1569 0.813559322033694 0.5546218487411243 0
1570 0.8135593220336904 0.5714285714302477 0
1571 0.8135593220336872 0.5882352941193713 0
1572 0.8135593220336836 0.6050420168084946 0
1573 0.8135593220336808 0.621848739497618 0
1574 0.8135593220336772 0.6386554621867413 0
1575 0.813559322033674 0.6554621848758649 0
1576 0.8135593220336704 0.6722689075649881 0
1577 0.813559322033667 0.6890756302541117 0
1578 0.8135593220336637 0.705882352943235 0
1579 0.8135593220336607 0.7226890756323583 0
1580 0.813559322033657 0.7394957983214816 0
1581 0.8135593220336538 0.7563025210106051 0
1582 0.8135593220336504 0.7731092436997287 0
1583 0.8135593220336472 0.789915966388852 0
1584 0.8135593220336438 0.8067226890779754 0
1585 0.8135593220336403 0.8235294117670986 0
1586 0.813559322033637 0.840336134456222 0
1587 0.8135593220336339 0.8571428571453455 0
1588 0.8135593220336303 0.8739495798344687 0
1589 0.813559322033627 0.8907563025235924 0
1590 0.8135593220336236 0.9075630252127156 0
1591 0.8135593220336204 0.9243697479018391 0
1592 0.8135593220336169 0.9411764705909624 0
1593 0.8135593220336136 0.957983193280086 0
1594 0.8135593220336105 0.9747899159692093 0
1595 0.8135593220336069 0.9915966386583183 0
1596 0.8135593220336038 1.008403361347375 0
1597 0.8135593220336003 1.025210084036378 0
1598 0.8135593220335972 1.042016806725367 0
1599 0.8135593220335936 1.058823529414356 0
1600 0.8135593220335903 1.075630252103345 0
1601 0.8135593220335869 1.092436974792334 0
1602 0.8135593220335836 1.109243697481324 0
1603 0.8135593220335803 1.126050420170312 0
1604 0.8135593220335769 1.142857142859301 0
1605 0.8135593220335736 1.15966386554829 0
1606 0.8135593220335703 1.17647058823728 0
1607 0.813559322033567 1.193277310926269 0
1608 0.8135593220335634 1.210084033615257 0
1609 0.8135593220335603 1.226890756304247 0
1610 0.8135593220335569 1.243697478993235 0
1611 0.8135593220335534 1.260504201682225 0
1612 0.81355932203355 1.277310924371214 0
1613 0.813559322033547 1.294117647060203 0
1614 0.8135593220335434 1.310924369749192 0
1615 0.8135593220335404 1.327731092438181 0
1616 0.8135593220335368 1.34453781512717 0
1617 0.8135593220335335 1.361344537816159 0
1618 0.8135593220335302 1.378151260505148 0
1619 0.813559322033527 1.394957983194137 0
1620 0.8135593220335234 1.411764705883126 0
1621 0.8135593220335203 1.428571428572115 0
1622 0.8135593220335169 1.445378151261104 0
1623 0.8135593220335137 1.462184873950094 0
1624 0.8135593220335101 1.478991596639083 0
1625 0.813559322033507 1.495798319328072 0
1626 0.8135593220335035 1.512605042017061 0
1627 0.8135593220334998 1.529411764706049 0
1628 0.8135593220334968 1.546218487395039 0
1629 0.8135593220334932 1.563025210084027 0
1630 0.8135593220334901 1.579831932773017 0
1631 0.8135593220334866 1.596638655462005 0
1632 0.8135593220334834 1.613445378150994 0
1633 0.8135593220334802 1.630252100839984 0
1634 0.8135593220334768 1.647058823528973 0
1635 0.8135593220334733 1.663865546217961 0
1636 0.81355932203347 1.68067226890695 0
1637 0.8135593220334666 1.697478991595939 0
1638 0.8135593220334634 1.714285714284928 0
1639 0.8135593220334599 1.731092436973918 0
1640 0.8135593220334568 1.747899159662937 0
1641 0.8135593220334533 1.76470588235203 0
1642 0.8135593220334502 1.781512605041169 0
1643 0.8135593220334466 1.79831932773031 0
1644 0.8135593220334433 1.815126050419451 0
1645 0.8135593220334399 1.831932773108592 0
1646 0.8135593220334366 1.848739495797733 0
1647 0.8135593220334333 1.865546218486873 0
1648 0.8135593220334301 1.882352941176014 0
1649 0.8135593220334266 1.899159663865155 0
1650 0.8135593220334231 1.915966386554296 0
1651 0.81355932203342 1.932773109243437 0
1652 0.8135593220334164 1.949579831932577 0
1653 0.8135593220334133 1.966386554621718 0
1654 0.8135593220334097 1.983193277310859 0
1655 0.7966101694915443 0.01680672268912481 0
1656 0.7966101694915395 0.03361344537824969 0
1657 0.7966101694915347 0.0504201680673745 0
1658 0.7966101694915302 0.0672268907564991 0
1659 0.7966101694915254 0.08403361344562299 0
1660 0.7966101694915209 0.1008403361347467 0
1661 0.7966101694915161 0.1176470588238707 0
1662 0.7966101694915112 0.1344537815129958 0
1663 0.7966101694915065 0.1512605042021217 0
1664 0.7966101694915019 0.1680672268912479 0
1665 0.7966101694914972 0.1848739495803739 0
1666 0.7966101694914925 0.2016806722695 0
1667 0.7966101694914877 0.218487394958626 0
1668 0.796610169491483 0.2352941176477523 0
1669 0.7966101694914783 0.2521008403368769 0
1670 0.7966101694914738 0.2689075630259993 0
1671 0.796610169491469 0.2857142857151206 0
1672 0.7966101694914641 0.3025210084042419 0
1673 0.7966101694914596 0.3193277310933633 0
1674 0.7966101694914549 0.3361344537824847 0
1675 0.79661016949145 0.3529411764716061 0
1676 0.7966101694914454 0.3697478991607276 0
1677 0.7966101694914408 0.386554621849849 0
1678 0.796610169491436 0.4033613445389702 0
1679 0.7966101694914312 0.4201680672280916 0
1680 0.7966101694914267 0.4369747899172128 0
1681 0.7966101694914219 0.4537815126063344 0
1682 0.7966101694914171 0.4705882352954557 0
1683 0.7966101694914125 0.4873949579845771 0
1684 0.7966101694914077 0.5042016806736986 0
1685 0.7966101694914033 0.5210084033628197 0
1686 0.7966101694913985 0.5378151260519413 0
1687 0.7966101694913935 0.5546218487410626 0
1688 0.796610169491389 0.571428571430184 0
1689 0.7966101694913842 0.5882352941193055 0
1690 0.7966101694913794 0.6050420168084268 0
1691 0.7966101694913749 0.6218487394975482 0
1692 0.7966101694913701 0.6386554621866697 0
1693 0.7966101694913655 0.655462184875791 0
1694 0.7966101694913607 0.6722689075649122 0
1695 0.7966101694913559 0.6890756302540338 0
1696 0.7966101694913514 0.705882352943155 0
1697 0.7966101694913469 0.7226890756322764 0
1698 0.796610169491342 0.7394957983213977 0
1699 0.7966101694913371 0.7563025210105192 0
1700 0.7966101694913327 0.7731092436996405 0
1701 0.7966101694913277 0.7899159663887622 0
1702 0.7966101694913229 0.8067226890778834 0
1703 0.7966101694913184 0.8235294117670044 0
1704 0.7966101694913139 0.8403361344561261 0
1705 0.796610169491309 0.8571428571452474 0
1706 0.7966101694913041 0.8739495798343689 0
1707 0.7966101694912997 0.89075630252349 0
1708 0.7966101694912948 0.9075630252126118 0
1709 0.7966101694912899 0.9243697479017328 0
1710 0.7966101694912854 0.9411764705908543 0
1711 0.7966101694912807 0.9579831932799756 0
1712 0.7966101694912761 0.9747899159690971 0
1713 0.7966101694912714 0.9915966386582047 0
1714 0.7966101694912667 1.008403361347261 0
1715 0.7966101694912621 1.025210084036267 0
1716 0.7966101694912572 1.042016806725258 0
1717 0.7966101694912525 1.058823529414251 0
1718 0.7966101694912476 1.075630252103242 0
1719 0.7966101694912432 1.092436974792234 0
1720 0.7966101694912383 1.109243697481226 0
1721 0.7966101694912336 1.126050420170218 0
1722 0.796610169491229 1.142857142859209 0
1723 0.7966101694912243 1.159663865548201 0
1724 0.7966101694912194 1.176470588237193 0
1725 0.796610169491215 1.193277310926185 0
1726 0.7966101694912101 1.210084033615176 0
1727 0.7966101694912052 1.226890756304168 0
1728 0.7966101694912008 1.24369747899316 0
1729 0.7966101694911958 1.260504201682152 0
1730 0.7966101694911913 1.277310924371144 0
1731 0.7966101694911866 1.294117647060135 0
1732 0.7966101694911819 1.310924369749127 0
1733 0.7966101694911774 1.327731092438119 0
1734 0.7966101694911725 1.344537815127111 0
1735 0.7966101694911679 1.361344537816102 0
1736 0.796610169491163 1.378151260505094 0
1737 0.7966101694911585 1.394957983194086 0
1738 0.7966101694911536 1.411764705883078 0
1739 0.7966101694911488 1.42857142857207 0
1740 0.7966101694911442 1.445378151261062 0
1741 0.7966101694911395 1.462184873950053 0
1742 0.7966101694911351 1.478991596639045 0
1743 0.7966101694911302 1.495798319328037 0
1744 0.7966101694911253 1.512605042017029 0
1745 0.7966101694911208 1.52941176470602 0
1746 0.7966101694911158 1.546218487395012 0
1747 0.7966101694911113 1.563025210084004 0
1748 0.7966101694911066 1.579831932772996 0
1749 0.7966101694911019 1.596638655461987 0
1750 0.7966101694910972 1.613445378150979 0
1751 0.7966101694910924 1.63025210083997 0
1752 0.7966101694910878 1.647058823528962 0
1753 0.7966101694910831 1.663865546217954 0
1754 0.7966101694910782 1.680672268906946 0
1755 0.7966101694910738 1.697478991595937 0
1756 0.7966101694910689 1.714285714284929 0
1757 0.7966101694910643 1.73109243697392 0
1758 0.7966101694910596 1.747899159662942 0
1759 0.7966101694910547 1.764705882352036 0
1760 0.7966101694910502 1.781512605041175 0
1761 0.7966101694910454 1.798319327730315 0
1762 0.7966101694910407 1.815126050419456 0
1763 0.796610169491036 1.831932773108596 0
1764 0.7966101694910314 1.848739495797737 0
1765 0.7966101694910267 1.865546218486877 0
1766 0.7966101694910218 1.882352941176018 0
1767 0.7966101694910174 1.899159663865157 0
1768 0.7966101694910125 1.915966386554298 0
1769 0.7966101694910078 1.932773109243438 0
1770 0.7966101694910032 1.949579831932579 0
1771 0.7966101694909983 1.966386554621719 0
1772 0.7966101694909936 1.98319327731086 0
1773 0.7796610169492877 0.01680672268912309 0
1774 0.7796610169492817 0.03361344537824625 0
1775 0.7796610169492755 0.05042016806736933 0
1776 0.7796610169492695 0.06722689075649216 0
1777 0.7796610169492633 0.08403361344561425 0
1778 0.7796610169492573 0.1008403361347361 0
1779 0.7796610169492511 0.1176470588238583 0
1780 0.7796610169492451 0.1344537815129817 0
1781 0.7796610169492388 0.1512605042021059 0
1782 0.7796610169492331 0.1680672268912305 0
1783 0.7796610169492268 0.184873949580355 0
1784 0.7796610169492211 0.2016806722694794 0
1785 0.7796610169492146 0.2184873949586039 0
1786 0.7796610169492088 0.2352941176477284 0
1787 0.7796610169492024 0.2521008403368513 0
1788 0.7796610169491967 0.2689075630259717 0
1789 0.7796610169491907 0.2857142857150911 0
1790 0.7796610169491842 0.3025210084042104 0
1791 0.7796610169491786 0.3193277310933296 0
1792 0.7796610169491723 0.3361344537824492 0
1793 0.779661016949166 0.3529411764715685 0
1794 0.7796610169491602 0.369747899160688 0
1795 0.7796610169491542 0.3865546218498072 0
1796 0.7796610169491478 0.4033613445389266 0
1797 0.7796610169491418 0.4201680672280458 0
1798 0.779661016949136 0.4369747899171652 0
1799 0.7796610169491298 0.4537815126062847 0
1800 0.7796610169491236 0.4705882352954041 0
1801 0.7796610169491178 0.4873949579845234 0
1802 0.7796610169491116 0.5042016806736427 0
1803 0.7796610169491054 0.521008403362762 0
1804 0.7796610169490994 0.5378151260518813 0
1805 0.7796610169490932 0.5546218487410008 0
1806 0.7796610169490872 0.5714285714301203 0
1807 0.7796610169490814 0.5882352941192398 0
1808 0.7796610169490751 0.6050420168083589 0
1809 0.779661016949069 0.6218487394974782 0
1810 0.779661016949063 0.6386554621865977 0
1811 0.7796610169490569 0.6554621848757171 0
1812 0.7796610169490508 0.6722689075648364 0
1813 0.7796610169490448 0.6890756302539559 0
1814 0.7796610169490388 0.7058823529430751 0
1815 0.7796610169490326 0.7226890756321944 0
1816 0.7796610169490266 0.7394957983213137 0
1817 0.7796610169490206 0.756302521010433 0
1818 0.7796610169490144 0.7731092436995526 0
1819 0.7796610169490084 0.789915966388672 0
1820 0.7796610169490024 0.8067226890777914 0
1821 0.7796610169489964 0.8235294117669104 0
1822 0.7796610169489901 0.8403361344560299 0
1823 0.7796610169489842 0.8571428571451493 0
1824 0.7796610169489782 0.8739495798342686 0
1825 0.7796610169489719 0.8907563025233881 0
1826 0.7796610169489657 0.9075630252125075 0
1827 0.77966101694896 0.9243697479016267 0
1828 0.7796610169489537 0.9411764705907462 0
1829 0.7796610169489477 0.9579831932798655 0
1830 0.7796610169489415 0.9747899159689848 0
1831 0.7796610169489355 0.9915966386580908 0
1832 0.7796610169489295 1.008403361347148 0
1833 0.7796610169489233 1.025210084036156 0
1834 0.7796610169489173 1.04201680672515 0
1835 0.7796610169489111 1.058823529414145 0
1836 0.7796610169489051 1.075630252103139 0
1837 0.7796610169488991 1.092436974792134 0
1838 0.7796610169488929 1.109243697481128 0
1839 0.7796610169488871 1.126050420170123 0
1840 0.7796610169488809 1.142857142859117 0
1841 0.7796610169488747 1.159663865548112 0
1842 0.7796610169488687 1.176470588237106 0
1843 0.7796610169488627 1.1932773109261 0
1844 0.7796610169488565 1.210084033615096 0
1845 0.7796610169488505 1.22689075630409 0
1846 0.7796610169488445 1.243697478993084 0
1847 0.7796610169488383 1.260504201682078 0
1848 0.7796610169488323 1.277310924371073 0
1849 0.7796610169488263 1.294117647060068 0
1850 0.7796610169488201 1.310924369749062 0
1851 0.7796610169488141 1.327731092438057 0
1852 0.7796610169488081 1.344537815127052 0
1853 0.7796610169488019 1.361344537816046 0
1854 0.7796610169487961 1.37815126050504 0
1855 0.7796610169487899 1.394957983194035 0
1856 0.7796610169487836 1.41176470588303 0
1857 0.7796610169487774 1.428571428572024 0
1858 0.7796610169487717 1.445378151261018 0
1859 0.7796610169487654 1.462184873950013 0
1860 0.7796610169487594 1.478991596639007 0
1861 0.7796610169487534 1.495798319328002 0
1862 0.7796610169487472 1.512605042016996 0
1863 0.7796610169487412 1.529411764705991 0
1864 0.7796610169487352 1.546218487394985 0
1865 0.779661016948729 1.563025210083979 0
1866 0.7796610169487228 1.579831932772974 0
1867 0.779661016948717 1.596638655461968 0
1868 0.7796610169487108 1.613445378150963 0
1869 0.7796610169487046 1.630252100839958 0
1870 0.7796610169486988 1.647058823528952 0
1871 0.7796610169486926 1.663865546217946 0
1872 0.7796610169486866 1.680672268906941 0
1873 0.7796610169486806 1.697478991595936 0
1874 0.7796610169486744 1.71428571428493 0
1875 0.7796610169486684 1.731092436973924 0
1876 0.7796610169486624 1.747899159662948 0
1877 0.7796610169486562 1.764705882352043 0
1878 0.7796610169486502 1.78151260504118 0
1879 0.7796610169486442 1.79831932773032 0
1880 0.779661016948638 1.81512605041946 0
1881 0.779661016948632 1.8319327731086 0
1882 0.779661016948626 1.84873949579774 0
1883 0.7796610169486198 1.86554621848688 0
1884 0.7796610169486138 1.88235294117602 0
1885 0.7796610169486078 1.89915966386516 0
1886 0.7796610169486016 1.9159663865543 0
1887 0.7796610169485954 1.93277310924344 0
1888 0.7796610169485896 1.94957983193258 0
1889 0.7796610169485834 1.96638655462172 0
1890 0.7796610169485774 1.98319327731086 0
1891 0.7627118644070312 0.01680672268912136 0
1892 0.7627118644070235 0.0336134453782428 0
1893 0.762711864407016 0.05042016806736417 0
1894 0.7627118644070087 0.06722689075648525 0
1895 0.7627118644070013 0.0840336134456055 0
1896 0.7627118644069938 0.1008403361347256 0
1897 0.7627118644069862 0.117647058823846 0
1898 0.7627118644069789 0.1344537815129676 0
1899 0.7627118644069714 0.1512605042020903 0
1900 0.7627118644069641 0.1680672268912132 0
1901 0.7627118644069566 0.184873949580336 0
1902 0.7627118644069492 0.2016806722694588 0
1903 0.7627118644069418 0.2184873949585817 0
1904 0.7627118644069343 0.2352941176477046 0
1905 0.762711864406927 0.2521008403368258 0
1906 0.7627118644069194 0.2689075630259443 0
1907 0.762711864406912 0.2857142857150616 0
1908 0.7627118644069045 0.3025210084041788 0
1909 0.7627118644068972 0.3193277310932961 0
1910 0.7627118644068897 0.3361344537824137 0
1911 0.7627118644068823 0.3529411764715309 0
1912 0.7627118644068748 0.3697478991606484 0
1913 0.7627118644068674 0.3865546218497656 0
1914 0.76271186440686 0.4033613445388829 0
1915 0.7627118644068526 0.4201680672280002 0
1916 0.7627118644068452 0.4369747899171176 0
1917 0.7627118644068377 0.4537815126062349 0
1918 0.7627118644068301 0.4705882352953523 0
1919 0.7627118644068229 0.4873949579844696 0
1920 0.7627118644068152 0.5042016806735872 0
1921 0.7627118644068079 0.5210084033627043 0
1922 0.7627118644068004 0.5378151260518216 0
1923 0.7627118644067931 0.5546218487409391 0
1924 0.7627118644067858 0.5714285714300563 0
1925 0.762711864406778 0.5882352941191737 0
1926 0.7627118644067707 0.6050420168082912 0
1927 0.7627118644067634 0.6218487394974083 0
1928 0.7627118644067559 0.6386554621865258 0
1929 0.7627118644067487 0.6554621848756431 0
1930 0.7627118644067411 0.6722689075647607 0
1931 0.7627118644067334 0.6890756302538776 0
1932 0.7627118644067264 0.7058823529429952 0
1933 0.7627118644067189 0.7226890756321125 0
1934 0.7627118644067113 0.7394957983212298 0
1935 0.762711864406704 0.7563025210103471 0
1936 0.7627118644066962 0.7731092436994647 0
1937 0.762711864406689 0.789915966388582 0
1938 0.7627118644066816 0.8067226890776993 0
1939 0.7627118644066739 0.8235294117668167 0
1940 0.7627118644066666 0.8403361344559338 0
1941 0.7627118644066593 0.857142857145051 0
1942 0.7627118644066517 0.8739495798341685 0
1943 0.7627118644066443 0.8907563025232859 0
1944 0.7627118644066371 0.9075630252124034 0
1945 0.7627118644066296 0.9243697479015206 0
1946 0.7627118644066221 0.941176470590638 0
1947 0.7627118644066145 0.9579831932797553 0
1948 0.7627118644066074 0.9747899159688724 0
1949 0.7627118644065999 0.9915966386579771 0
1950 0.7627118644065923 1.008403361347034 0
1951 0.7627118644065852 1.025210084036045 0
1952 0.7627118644065777 1.042016806725041 0
1953 0.7627118644065701 1.058823529414039 0
1954 0.7627118644065626 1.075630252103036 0
1955 0.762711864406555 1.092436974792033 0
1956 0.7627118644065477 1.10924369748103 0
1957 0.7627118644065404 1.126050420170028 0
1958 0.7627118644065328 1.142857142859025 0
1959 0.7627118644065255 1.159663865548023 0
1960 0.7627118644065182 1.17647058823702 0
1961 0.7627118644065106 1.193277310926017 0
1962 0.7627118644065033 1.210084033615014 0
1963 0.7627118644064957 1.226890756304012 0
1964 0.7627118644064884 1.243697478993009 0
1965 0.7627118644064809 1.260504201682006 0
1966 0.7627118644064735 1.277310924371003 0
1967 0.762711864406466 1.29411764706 0
1968 0.7627118644064584 1.310924369748998 0
1969 0.7627118644064512 1.327731092437995 0
1970 0.7627118644064436 1.344537815126992 0
1971 0.7627118644064363 1.361344537815989 0
1972 0.7627118644064289 1.378151260504986 0
1973 0.7627118644064214 1.394957983193984 0
1974 0.762711864406414 1.411764705882981 0
1975 0.7627118644064066 1.428571428571979 0
1976 0.7627118644063992 1.445378151260976 0
1977 0.7627118644063916 1.462184873949973 0
1978 0.7627118644063842 1.47899159663897 0
1979 0.7627118644063767 1.495798319327967 0
1980 0.7627118644063694 1.512605042016964 0
1981 0.7627118644063619 1.529411764705961 0
1982 0.7627118644063546 1.546218487394959 0
1983 0.7627118644063472 1.563025210083956 0
1984 0.7627118644063395 1.579831932772953 0
1985 0.7627118644063321 1.59663865546195 0
1986 0.7627118644063248 1.613445378150947 0
1987 0.7627118644063173 1.630252100839944 0
1988 0.7627118644063099 1.647058823528942 0
1989 0.7627118644063023 1.663865546217939 0
1990 0.762711864406295 1.680672268906936 0
1991 0.7627118644062877 1.697478991595933 0
1992 0.7627118644062801 1.714285714284931 0
1993 0.7627118644062726 1.731092436973928 0
1994 0.7627118644062653 1.747899159662954 0
1995 0.7627118644062579 1.764705882352049 0
1996 0.7627118644062503 1.781512605041186 0
1997 0.7627118644062428 1.798319327730326 0
1998 0.7627118644062355 1.815126050419466 0
1999 0.7627118644062282 1.831932773108605 0
2000 0.7627118644062206 1.848739495797744 0
2001 0.7627118644062132 1.865546218486884 0
2002 0.7627118644062059 1.882352941176023 0
2003 0.7627118644061984 1.899159663865163 0
2004 0.7627118644061909 1.915966386554302 0
2005 0.7627118644061835 1.932773109243442 0
2006 0.7627118644061762 1.949579831932581 0
2007 0.7627118644061687 1.966386554621721 0
2008 0.7627118644061611 1.983193277310861 0
2009 0.7457627118647743 0.01680672268911964 0
2010 0.7457627118647656 0.03361344537823936 0
2011 0.7457627118647567 0.05042016806735899 0
2012 0.7457627118647479 0.06722689075647831 0
2013 0.7457627118647392 0.08403361344559679 0
2014 0.7457627118647303 0.100840336134715 0
2015 0.7457627118647214 0.1176470588238336 0
2016 0.7457627118647128 0.1344537815129536 0
2017 0.7457627118647039 0.1512605042020745 0
2018 0.745762711864695 0.1680672268911959 0
2019 0.7457627118646863 0.1848739495803171 0
2020 0.7457627118646777 0.2016806722694383 0
2021 0.7457627118646688 0.2184873949585595 0
2022 0.7457627118646599 0.2352941176476808 0
2023 0.7457627118646512 0.2521008403368001 0
2024 0.7457627118646424 0.2689075630259168 0
2025 0.7457627118646335 0.285714285715032 0
2026 0.7457627118646249 0.3025210084041473 0
2027 0.745762711864616 0.3193277310932626 0
2028 0.7457627118646071 0.3361344537823779 0
2029 0.7457627118645984 0.3529411764714933 0
2030 0.7457627118645895 0.3697478991606087 0
2031 0.7457627118645809 0.3865546218497239 0
2032 0.7457627118645718 0.4033613445388392 0
2033 0.7457627118645631 0.4201680672279546 0
2034 0.7457627118645545 0.4369747899170698 0
2035 0.7457627118645456 0.4537815126061852 0
2036 0.7457627118645369 0.4705882352953006 0
2037 0.745762711864528 0.487394957984416 0
2038 0.7457627118645194 0.5042016806735312 0
2039 0.7457627118645103 0.5210084033626465 0
2040 0.7457627118645016 0.5378151260517618 0
2041 0.7457627118644927 0.5546218487408774 0
2042 0.7457627118644841 0.5714285714299926 0
2043 0.7457627118644751 0.5882352941191079 0
2044 0.7457627118644663 0.6050420168082232 0
2045 0.7457627118644576 0.6218487394973385 0
2046 0.7457627118644488 0.6386554621864539 0
2047 0.74576271186444 0.6554621848755694 0
2048 0.745762711864431 0.6722689075646845 0
2049 0.7457627118644226 0.6890756302538 0
2050 0.7457627118644137 0.7058823529429152 0
2051 0.7457627118644048 0.7226890756320306 0
2052 0.7457627118643959 0.7394957983211459 0
2053 0.745762711864387 0.7563025210102612 0
2054 0.7457627118643784 0.7731092436993765 0
2055 0.7457627118643695 0.789915966388492 0
2056 0.7457627118643608 0.8067226890776071 0
2057 0.7457627118643519 0.8235294117667226 0
2058 0.7457627118643433 0.8403361344558379 0
2059 0.7457627118643346 0.8571428571449532 0
2060 0.7457627118643257 0.8739495798340685 0
2061 0.7457627118643169 0.8907563025231836 0
2062 0.745762711864308 0.907563025212299 0
2063 0.7457627118642993 0.9243697479014146 0
2064 0.7457627118642904 0.9411764705905299 0
2065 0.7457627118642818 0.957983193279645 0
2066 0.7457627118642729 0.9747899159687603 0
2067 0.745762711864264 0.9915966386578634 0
2068 0.7457627118642551 1.008403361346921 0
2069 0.7457627118642465 1.025210084035933 0
2070 0.7457627118642376 1.042016806724933 0
2071 0.7457627118642287 1.058823529413933 0
2072 0.7457627118642201 1.075630252102933 0
2073 0.7457627118642112 1.092436974791933 0
2074 0.7457627118642023 1.109243697480933 0
2075 0.7457627118641936 1.126050420169933 0
2076 0.7457627118641847 1.142857142858933 0
2077 0.7457627118641759 1.159663865547933 0
2078 0.7457627118641672 1.176470588236933 0
2079 0.7457627118641583 1.193277310925933 0
2080 0.7457627118641494 1.210084033614933 0
2081 0.745762711864141 1.226890756303933 0
2082 0.7457627118641319 1.243697478992933 0
2083 0.7457627118641232 1.260504201681933 0
2084 0.7457627118641144 1.277310924370932 0
2085 0.7457627118641057 1.294117647059933 0
2086 0.745762711864097 1.310924369748933 0
2087 0.7457627118640882 1.327731092437932 0
2088 0.7457627118640793 1.344537815126933 0
2089 0.7457627118640704 1.361344537815933 0
2090 0.7457627118640617 1.378151260504933 0
2091 0.7457627118640529 1.394957983193933 0
2092 0.745762711864044 1.411764705882932 0
2093 0.7457627118640353 1.428571428571932 0
2094 0.7457627118640264 1.445378151260932 0
2095 0.7457627118640175 1.462184873949932 0
2096 0.7457627118640089 1.478991596638932 0
2097 0.745762711864 1.495798319327932 0
2098 0.7457627118639913 1.512605042016932 0
2099 0.7457627118639825 1.529411764705932 0
2100 0.7457627118639736 1.546218487394932 0
2101 0.7457627118639649 1.563025210083932 0
2102 0.745762711863956 1.579831932772932 0
2103 0.7457627118639474 1.596638655461932 0
2104 0.7457627118639385 1.613445378150932 0
2105 0.7457627118639296 1.630252100839932 0
2106 0.745762711863921 1.647058823528932 0
2107 0.7457627118639121 1.663865546217932 0
2108 0.7457627118639034 1.680672268906932 0
2109 0.7457627118638945 1.697478991595931 0
2110 0.7457627118638857 1.714285714284931 0
2111 0.7457627118638768 1.731092436973932 0
2112 0.7457627118638681 1.747899159662959 0
2113 0.7457627118638595 1.764705882352055 0
2114 0.7457627118638506 1.781512605041192 0
2115 0.7457627118638417 1.798319327730331 0
2116 0.7457627118638328 1.81512605041947 0
2117 0.7457627118638239 1.831932773108609 0
2118 0.7457627118638155 1.848739495797748 0
2119 0.7457627118638066 1.865546218486887 0
2120 0.7457627118637977 1.882352941176026 0
2121 0.7457627118637888 1.899159663865166 0
2122 0.7457627118637802 1.915966386554305 0
2123 0.7457627118637713 1.932773109243444 0
2124 0.7457627118637626 1.949579831932583 0
2125 0.7457627118637538 1.966386554621722 0
2126 0.7457627118637449 1.983193277310861 0
2127 0.7288135593225176 0.01680672268911792 0
2128 0.7288135593225078 0.03361344537823591 0
2129 0.7288135593224974 0.05042016806735382 0
2130 0.7288135593224871 0.06722689075647137 0
2131 0.728813559322477 0.08403361344558805 0
2132 0.7288135593224667 0.1008403361347045 0
2133 0.7288135593224567 0.1176470588238213 0
2134 0.7288135593224467 0.1344537815129395 0
2135 0.7288135593224363 0.1512605042020588 0
2136 0.7288135593224263 0.1680672268911786 0
2137 0.7288135593224161 0.1848739495802981 0
2138 0.7288135593224061 0.2016806722694177 0
2139 0.7288135593223959 0.2184873949585374 0
2140 0.7288135593223857 0.235294117647657 0
2141 0.7288135593223756 0.2521008403367745 0
2142 0.7288135593223654 0.2689075630258893 0
2143 0.7288135593223553 0.2857142857150025 0
2144 0.7288135593223449 0.3025210084041158 0
2145 0.7288135593223348 0.319327731093229 0
2146 0.7288135593223246 0.3361344537823424 0
2147 0.7288135593223147 0.3529411764714557 0
2148 0.7288135593223042 0.3697478991605692 0
2149 0.7288135593222942 0.3865546218496825 0
2150 0.7288135593222838 0.4033613445387957 0
2151 0.728813559322274 0.4201680672279088 0
2152 0.7288135593222637 0.4369747899170221 0
2153 0.7288135593222536 0.4537815126061356 0
2154 0.7288135593222433 0.4705882352952489 0
2155 0.7288135593222334 0.4873949579843622 0
2156 0.7288135593222229 0.5042016806734755 0
2157 0.7288135593222129 0.5210084033625888 0
2158 0.7288135593222027 0.5378151260517019 0
2159 0.7288135593221927 0.5546218487408154 0
2160 0.7288135593221823 0.5714285714299289 0
2161 0.7288135593221723 0.5882352941190422 0
2162 0.728813559322162 0.6050420168081553 0
2163 0.7288135593221519 0.6218487394972689 0
2164 0.7288135593221416 0.638655462186382 0
2165 0.7288135593221317 0.6554621848754953 0
2166 0.7288135593221212 0.6722689075646088 0
2167 0.7288135593221112 0.689075630253722 0
2168 0.7288135593221012 0.7058823529428353 0
2169 0.728813559322091 0.7226890756319485 0
2170 0.7288135593220808 0.739495798321062 0
2171 0.7288135593220706 0.7563025210101751 0
2172 0.7288135593220604 0.7731092436992884 0
2173 0.7288135593220504 0.7899159663884018 0
2174 0.7288135593220399 0.8067226890775152 0
2175 0.72881355932203 0.8235294117666284 0
2176 0.7288135593220197 0.8403361344557416 0
2177 0.7288135593220098 0.8571428571448552 0
2178 0.7288135593219995 0.8739495798339684 0
2179 0.7288135593219893 0.8907563025230815 0
2180 0.7288135593219791 0.9075630252121951 0
2181 0.7288135593219691 0.9243697479013084 0
2182 0.7288135593219589 0.9411764705904215 0
2183 0.7288135593219487 0.9579831932795349 0
2184 0.7288135593219385 0.9747899159686482 0
2185 0.7288135593219283 0.9915966386577497 0
2186 0.7288135593219183 1.008403361346808 0
2187 0.7288135593219081 1.025210084035822 0
2188 0.7288135593218978 1.042016806724825 0
2189 0.7288135593218878 1.058823529413828 0
2190 0.7288135593218774 1.07563025210283 0
2191 0.7288135593218672 1.092436974791833 0
2192 0.7288135593218572 1.109243697480836 0
2193 0.7288135593218472 1.126050420169838 0
2194 0.728813559321837 1.142857142858841 0
2195 0.7288135593218268 1.159663865547844 0
2196 0.7288135593218166 1.176470588236847 0
2197 0.7288135593218064 1.193277310925849 0
2198 0.7288135593217961 1.210084033614852 0
2199 0.7288135593217862 1.226890756303855 0
2200 0.7288135593217759 1.243697478992857 0
2201 0.7288135593217657 1.26050420168186 0
2202 0.7288135593217557 1.277310924370862 0
2203 0.7288135593217455 1.294117647059866 0
2204 0.7288135593217353 1.310924369748868 0
2205 0.7288135593217251 1.32773109243787 0
2206 0.7288135593217149 1.344537815126873 0
2207 0.7288135593217047 1.361344537815876 0
2208 0.7288135593216944 1.378151260504878 0
2209 0.7288135593216842 1.394957983193881 0
2210 0.7288135593216742 1.411764705882884 0
2211 0.7288135593216643 1.428571428571887 0
2212 0.728813559321654 1.44537815126089 0
2213 0.7288135593216438 1.462184873949892 0
2214 0.7288135593216336 1.478991596638895 0
2215 0.7288135593216234 1.495798319327898 0
2216 0.7288135593216134 1.5126050420169 0
2217 0.7288135593216032 1.529411764705902 0
2218 0.728813559321593 1.546218487394906 0
2219 0.7288135593215828 1.563025210083908 0
2220 0.7288135593215728 1.57983193277291 0
2221 0.7288135593215626 1.596638655461913 0
2222 0.7288135593215523 1.613445378150916 0
2223 0.7288135593215421 1.630252100839919 0
2224 0.7288135593215319 1.647058823528921 0
2225 0.7288135593215217 1.663865546217924 0
2226 0.7288135593215117 1.680672268906926 0
2227 0.7288135593215015 1.697478991595929 0
2228 0.7288135593214915 1.714285714284932 0
2229 0.7288135593214813 1.731092436973935 0
2230 0.7288135593214711 1.747899159662964 0
2231 0.7288135593214609 1.764705882352061 0
2232 0.7288135593214506 1.781512605041197 0
2233 0.7288135593214404 1.798319327730336 0
2234 0.7288135593214304 1.815126050419474 0
2235 0.7288135593214202 1.831932773108613 0
2236 0.7288135593214102 1.848739495797752 0
2237 0.7288135593214 1.865546218486891 0
2238 0.7288135593213898 1.882352941176029 0
2239 0.7288135593213796 1.899159663865168 0
2240 0.7288135593213694 1.915966386554307 0
2241 0.7288135593213592 1.932773109243445 0
2242 0.7288135593213492 1.949579831932584 0
2243 0.728813559321339 1.966386554621723 0
2244 0.728813559321329 1.983193277310861 0
2245 0.7118644067802611 0.01680672268911619 0
2246 0.7118644067802495 0.03361344537823246 0
2247 0.711864406780238 0.05042016806734866 0
2248 0.7118644067802264 0.06722689075646443 0
2249 0.7118644067802151 0.0840336134455793 0
2250 0.7118644067802034 0.1008403361346939 0
2251 0.711864406780192 0.1176470588238089 0
2252 0.7118644067801803 0.1344537815129254 0
2253 0.7118644067801689 0.1512605042020431 0
2254 0.7118644067801574 0.1680672268911612 0
2255 0.7118644067801458 0.1848739495802792 0
2256 0.7118644067801343 0.2016806722693972 0
2257 0.7118644067801227 0.2184873949585151 0
2258 0.7118644067801112 0.2352941176476331 0
2259 0.7118644067800997 0.252100840336749 0
2260 0.7118644067800883 0.2689075630258617 0
2261 0.7118644067800768 0.285714285714973 0
2262 0.7118644067800654 0.3025210084040842 0
2263 0.7118644067800535 0.3193277310931955 0
2264 0.7118644067800424 0.3361344537823069 0
2265 0.7118644067800306 0.3529411764714181 0
2266 0.7118644067800191 0.3697478991605295 0
2267 0.7118644067800075 0.3865546218496408 0
2268 0.7118644067799957 0.4033613445387519 0
2269 0.7118644067799844 0.4201680672278633 0
2270 0.7118644067799729 0.4369747899169746 0
2271 0.7118644067799615 0.453781512606086 0
2272 0.7118644067799498 0.4705882352951971 0
2273 0.7118644067799382 0.4873949579843085 0
2274 0.7118644067799269 0.5042016806734197 0
2275 0.7118644067799154 0.5210084033625311 0
2276 0.7118644067799038 0.5378151260516424 0
2277 0.711864406779892 0.5546218487407537 0
2278 0.7118644067798807 0.5714285714298649 0
2279 0.7118644067798693 0.5882352941189765 0
2280 0.7118644067798579 0.6050420168080878 0
2281 0.7118644067798461 0.6218487394971987 0
2282 0.7118644067798348 0.63865546218631 0
2283 0.7118644067798232 0.6554621848754215 0
2284 0.7118644067798117 0.6722689075645328 0
2285 0.7118644067798001 0.6890756302536442 0
2286 0.7118644067797884 0.7058823529427554 0
2287 0.711864406779777 0.7226890756318667 0
2288 0.7118644067797653 0.7394957983209778 0
2289 0.7118644067797542 0.7563025210100891 0
2290 0.7118644067797424 0.7731092436992004 0
2291 0.7118644067797308 0.7899159663883121 0
2292 0.7118644067797195 0.8067226890774233 0
2293 0.711864406779708 0.8235294117665343 0
2294 0.7118644067796964 0.8403361344556456 0
2295 0.7118644067796849 0.8571428571447569 0
2296 0.7118644067796733 0.8739495798338682 0
2297 0.7118644067796616 0.8907563025229794 0
2298 0.7118644067796502 0.9075630252120909 0
2299 0.7118644067796387 0.9243697479012023 0
2300 0.7118644067796271 0.9411764705903134 0
2301 0.7118644067796156 0.9579831932794247 0
2302 0.7118644067796041 0.9747899159685358 0
2303 0.7118644067795925 0.991596638657636 0
2304 0.711864406779581 1.008403361346694 0
2305 0.7118644067795694 1.025210084035711 0
2306 0.7118644067795581 1.042016806724716 0
2307 0.7118644067795465 1.058823529413722 0
2308 0.7118644067795348 1.075630252102727 0
2309 0.7118644067795235 1.092436974791732 0
2310 0.7118644067795117 1.109243697480738 0
2311 0.7118644067795004 1.126050420169743 0
2312 0.7118644067794888 1.142857142858749 0
2313 0.7118644067794773 1.159663865547754 0
2314 0.7118644067794659 1.17647058823676 0
2315 0.7118644067794542 1.193277310925765 0
2316 0.7118644067794426 1.21008403361477 0
2317 0.7118644067794313 1.226890756303776 0
2318 0.7118644067794195 1.243697478992781 0
2319 0.7118644067794082 1.260504201681787 0
2320 0.7118644067793967 1.277310924370792 0
2321 0.7118644067793851 1.294117647059798 0
2322 0.7118644067793736 1.310924369748803 0
2323 0.711864406779362 1.327731092437809 0
2324 0.7118644067793505 1.344537815126814 0
2325 0.7118644067793389 1.361344537815819 0
2326 0.7118644067793274 1.378151260504825 0
2327 0.7118644067793158 1.39495798319383 0
2328 0.7118644067793043 1.411764705882836 0
2329 0.7118644067792927 1.428571428571841 0
2330 0.7118644067792812 1.445378151260847 0
2331 0.7118644067792699 1.462184873949852 0
2332 0.7118644067792581 1.478991596638857 0
2333 0.7118644067792468 1.495798319327863 0
2334 0.7118644067792352 1.512605042016868 0
2335 0.7118644067792237 1.529411764705873 0
2336 0.7118644067792121 1.546218487394879 0
2337 0.7118644067792006 1.563025210083884 0
2338 0.7118644067791893 1.57983193277289 0
2339 0.7118644067791777 1.596638655461895 0
2340 0.7118644067791662 1.6134453781509 0
2341 0.7118644067791546 1.630252100839906 0
2342 0.7118644067791431 1.647058823528911 0
2343 0.7118644067791315 1.663865546217917 0
2344 0.71186440677912 1.680672268906922 0
2345 0.7118644067791084 1.697478991595927 0
2346 0.7118644067790969 1.714285714284933 0
2347 0.7118644067790854 1.731092436973938 0
2348 0.7118644067790738 1.74789915966297 0
2349 0.7118644067790623 1.764705882352066 0
2350 0.7118644067790507 1.781512605041203 0
2351 0.7118644067790392 1.798319327730341 0
2352 0.7118644067790276 1.81512605041948 0
2353 0.7118644067790161 1.831932773108618 0
2354 0.7118644067790048 1.848739495797756 0
2355 0.711864406778993 1.865546218486894 0
2356 0.7118644067789817 1.882352941176032 0
2357 0.7118644067789701 1.89915966386517 0
2358 0.7118644067789586 1.915966386554309 0
2359 0.711864406778947 1.932773109243447 0
2360 0.7118644067789357 1.949579831932585 0
2361 0.7118644067789242 1.966386554621724 0
2362 0.7118644067789126 1.983193277310862 0
2363 0.6949152542380046 0.01680672268911446 0
2364 0.6949152542379913 0.03361344537822902 0
2365 0.6949152542379786 0.05042016806734349 0
2366 0.6949152542379656 0.06722689075645749 0
2367 0.6949152542379529 0.08403361344557059 0
2368 0.6949152542379398 0.1008403361346833 0
2369 0.6949152542379271 0.1176470588237966 0
2370 0.694915254237914 0.1344537815129114 0
2371 0.6949152542379013 0.1512605042020274 0
2372 0.6949152542378881 0.1680672268911439 0
2373 0.6949152542378755 0.1848739495802602 0
2374 0.6949152542378627 0.2016806722693766 0
2375 0.6949152542378496 0.2184873949584929 0
2376 0.6949152542378367 0.2352941176476093 0
2377 0.6949152542378239 0.2521008403367234 0
2378 0.694915254237811 0.2689075630258343 0
2379 0.6949152542377981 0.2857142857149435 0
2380 0.6949152542377853 0.3025210084040527 0
2381 0.6949152542377721 0.319327731093162 0
2382 0.6949152542377597 0.3361344537822714 0
2383 0.6949152542377466 0.3529411764713806 0
2384 0.6949152542377337 0.3697478991604899 0
2385 0.6949152542377208 0.3865546218495992 0
2386 0.6949152542377077 0.4033613445387084 0
2387 0.6949152542376953 0.4201680672278176 0
2388 0.6949152542376822 0.4369747899169268 0
2389 0.6949152542376691 0.4537815126060363 0
2390 0.6949152542376564 0.4705882352951455 0
2391 0.6949152542376433 0.4873949579842548 0
2392 0.6949152542376307 0.504201680673364 0
2393 0.6949152542376178 0.5210084033624733 0
2394 0.6949152542376047 0.5378151260515824 0
2395 0.6949152542375918 0.554621848740692 0
2396 0.6949152542375789 0.571428571429801 0
2397 0.6949152542375661 0.5882352941189105 0
2398 0.6949152542375534 0.6050420168080198 0
2399 0.6949152542375403 0.6218487394971289 0
2400 0.6949152542375276 0.638655462186238 0
2401 0.6949152542375145 0.6554621848753476 0
2402 0.6949152542375017 0.6722689075644569 0
2403 0.694915254237489 0.689075630253566 0
2404 0.6949152542374759 0.7058823529426754 0
2405 0.694915254237463 0.7226890756317845 0
2406 0.6949152542374502 0.7394957983208938 0
2407 0.6949152542374373 0.7563025210100032 0
2408 0.6949152542374244 0.7731092436991125 0
2409 0.6949152542374115 0.7899159663882218 0
2410 0.6949152542373984 0.8067226890773311 0
2411 0.6949152542373858 0.8235294117664405 0
2412 0.6949152542373727 0.8403361344555497 0
2413 0.69491525423736 0.8571428571446589 0
2414 0.6949152542373471 0.8739495798337682 0
2415 0.694915254237334 0.8907563025228774 0
2416 0.6949152542373211 0.9075630252119866 0
2417 0.6949152542373085 0.9243697479010961 0
2418 0.6949152542372954 0.9411764705902053 0
2419 0.6949152542372827 0.9579831932793144 0
2420 0.6949152542372699 0.9747899159684237 0
2421 0.6949152542372568 0.9915966386575223 0
2422 0.6949152542372441 1.008403361346581 0
2423 0.694915254237231 1.0252100840356 0
2424 0.6949152542372181 1.042016806724608 0
2425 0.6949152542372052 1.058823529413616 0
2426 0.6949152542371924 1.075630252102624 0
2427 0.6949152542371795 1.092436974791632 0
2428 0.6949152542371664 1.109243697480641 0
2429 0.6949152542371535 1.126050420169649 0
2430 0.6949152542371408 1.142857142858657 0
2431 0.694915254237128 1.159663865547665 0
2432 0.6949152542371151 1.176470588236673 0
2433 0.6949152542371022 1.193277310925681 0
2434 0.6949152542370893 1.21008403361469 0
2435 0.6949152542370765 1.226890756303697 0
2436 0.6949152542370634 1.243697478992706 0
2437 0.6949152542370507 1.260504201681714 0
2438 0.6949152542370376 1.277310924370722 0
2439 0.6949152542370249 1.29411764705973 0
2440 0.6949152542370118 1.310924369748738 0
2441 0.694915254236999 1.327731092437747 0
2442 0.6949152542369861 1.344537815126755 0
2443 0.6949152542369732 1.361344537815763 0
2444 0.6949152542369603 1.378151260504771 0
2445 0.6949152542369474 1.394957983193779 0
2446 0.6949152542369346 1.411764705882787 0
2447 0.6949152542369217 1.428571428571796 0
2448 0.6949152542369088 1.445378151260804 0
2449 0.6949152542368959 1.462184873949812 0
2450 0.6949152542368831 1.47899159663882 0
2451 0.6949152542368702 1.495798319327828 0
2452 0.6949152542368573 1.512605042016836 0
2453 0.6949152542368444 1.529411764705844 0
2454 0.6949152542368315 1.546218487394853 0
2455 0.6949152542368187 1.56302521008386 0
2456 0.6949152542368058 1.579831932772869 0
2457 0.6949152542367929 1.596638655461877 0
2458 0.69491525423678 1.613445378150885 0
2459 0.6949152542367671 1.630252100839892 0
2460 0.694915254236754 1.647058823528901 0
2461 0.6949152542367414 1.663865546217909 0
2462 0.6949152542367285 1.680672268906917 0
2463 0.6949152542367156 1.697478991595925 0
2464 0.6949152542367028 1.714285714284933 0
2465 0.6949152542366899 1.731092436973941 0
2466 0.6949152542366768 1.747899159662975 0
2467 0.6949152542366639 1.764705882352072 0
2468 0.694915254236651 1.781512605041209 0
2469 0.6949152542366381 1.798319327730347 0
2470 0.6949152542366253 1.815126050419484 0
2471 0.6949152542366122 1.831932773108622 0
2472 0.6949152542365995 1.84873949579776 0
2473 0.6949152542365866 1.865546218486898 0
2474 0.6949152542365735 1.882352941176035 0
2475 0.6949152542365609 1.899159663865173 0
2476 0.694915254236548 1.915966386554311 0
2477 0.6949152542365351 1.932773109243449 0
2478 0.6949152542365222 1.949579831932587 0
2479 0.6949152542365091 1.966386554621725 0
2480 0.6949152542364962 1.983193277310863 0
2481 0.6779661016957476 0.01680672268911274 0
2482 0.6779661016957336 0.03361344537822557 0
2483 0.6779661016957191 0.05042016806733832 0
2484 0.6779661016957049 0.06722689075645058 0
2485 0.6779661016956905 0.08403361344556184 0
2486 0.6779661016956763 0.1008403361346728 0
2487 0.6779661016956623 0.1176470588237842 0
2488 0.6779661016956476 0.1344537815128974 0
2489 0.6779661016956334 0.1512605042020117 0
2490 0.6779661016956194 0.1680672268911266 0
2491 0.677966101695605 0.1848739495802413 0
2492 0.6779661016955908 0.201680672269356 0
2493 0.6779661016955766 0.2184873949584707 0
2494 0.6779661016955624 0.2352941176475855 0
2495 0.6779661016955479 0.2521008403366979 0
2496 0.6779661016955338 0.2689075630258068 0
2497 0.6779661016955194 0.2857142857149139 0
2498 0.6779661016955053 0.3025210084040212 0
2499 0.6779661016954911 0.3193277310931285 0
2500 0.6779661016954768 0.3361344537822357 0
2501 0.6779661016954627 0.3529411764713429 0
2502 0.6779661016954481 0.3697478991604504 0
2503 0.677966101695434 0.3865546218495575 0
2504 0.6779661016954199 0.4033613445386647 0
2505 0.6779661016954055 0.4201680672277719 0
2506 0.6779661016953914 0.4369747899168791 0
2507 0.6779661016953772 0.4537815126059865 0
2508 0.6779661016953628 0.4705882352950937 0
2509 0.6779661016953483 0.487394957984201 0
2510 0.6779661016953344 0.5042016806733083 0
2511 0.6779661016953199 0.5210084033624156 0
2512 0.6779661016953059 0.5378151260515227 0
2513 0.6779661016952915 0.55462184874063 0
2514 0.6779661016952774 0.5714285714297372 0
2515 0.6779661016952629 0.5882352941188446 0
2516 0.6779661016952487 0.6050420168079519 0
2517 0.6779661016952346 0.6218487394970592 0
2518 0.6779661016952204 0.6386554621861663 0
2519 0.677966101695206 0.6554621848752736 0
2520 0.6779661016951919 0.672268907564381 0
2521 0.6779661016951776 0.6890756302534883 0
2522 0.6779661016951631 0.7058823529425955 0
2523 0.6779661016951489 0.7226890756317028 0
2524 0.6779661016951347 0.7394957983208099 0
2525 0.6779661016951205 0.756302521009917 0
2526 0.6779661016951063 0.7731092436990246 0
2527 0.6779661016950919 0.7899159663881318 0
2528 0.6779661016950779 0.806722689077239 0
2529 0.6779661016950633 0.8235294117663463 0
2530 0.6779661016950491 0.8403361344554533 0
2531 0.6779661016950351 0.8571428571445606 0
2532 0.6779661016950207 0.8739495798336682 0
2533 0.6779661016950064 0.8907563025227749 0
2534 0.6779661016949922 0.9075630252118825 0
2535 0.6779661016949778 0.9243697479009899 0
2536 0.6779661016949635 0.9411764705900969 0
2537 0.6779661016949495 0.9579831932792042 0
2538 0.6779661016949353 0.9747899159683115 0
2539 0.6779661016949209 0.9915966386574084 0
2540 0.6779661016949065 1.008403361346468 0
2541 0.6779661016948925 1.025210084035489 0
2542 0.677966101694878 1.0420168067245 0
2543 0.6779661016948638 1.05882352941351 0
2544 0.6779661016948496 1.075630252102521 0
2545 0.6779661016948354 1.092436974791532 0
2546 0.6779661016948212 1.109243697480543 0
2547 0.677966101694807 1.126050420169554 0
2548 0.6779661016947928 1.142857142858565 0
2549 0.6779661016947786 1.159663865547576 0
2550 0.6779661016947643 1.176470588236586 0
2551 0.6779661016947499 1.193277310925598 0
2552 0.6779661016947357 1.210084033614608 0
2553 0.6779661016947215 1.226890756303619 0
2554 0.6779661016947071 1.24369747899263 0
2555 0.6779661016946928 1.260504201681641 0
2556 0.6779661016946786 1.277310924370652 0
2557 0.6779661016946644 1.294117647059663 0
2558 0.6779661016946502 1.310924369748673 0
2559 0.6779661016946358 1.327731092437685 0
2560 0.6779661016946218 1.344537815126695 0
2561 0.6779661016946076 1.361344537815706 0
2562 0.6779661016945931 1.378151260504717 0
2563 0.6779661016945787 1.394957983193728 0
2564 0.6779661016945647 1.411764705882739 0
2565 0.6779661016945503 1.428571428571749 0
2566 0.6779661016945361 1.445378151260761 0
2567 0.6779661016945219 1.462184873949771 0
2568 0.6779661016945077 1.478991596638783 0
2569 0.6779661016944935 1.495798319327793 0
2570 0.6779661016944794 1.512605042016804 0
2571 0.6779661016944651 1.529411764705815 0
2572 0.6779661016944506 1.546218487394826 0
2573 0.6779661016944364 1.563025210083836 0
2574 0.677966101694422 1.579831932772847 0
2575 0.6779661016944076 1.596638655461858 0
2576 0.6779661016943935 1.613445378150869 0
2577 0.6779661016943792 1.63025210083988 0
2578 0.6779661016943651 1.647058823528891 0
2579 0.6779661016943509 1.663865546217902 0
2580 0.6779661016943367 1.680672268906912 0
2581 0.6779661016943225 1.697478991595923 0
2582 0.677966101694308 1.714285714284934 0
2583 0.6779661016942938 1.731092436973945 0
2584 0.6779661016942793 1.74789915966298 0
2585 0.6779661016942652 1.764705882352079 0
2586 0.677966101694251 1.781512605041214 0
2587 0.6779661016942368 1.798319327730352 0
2588 0.6779661016942227 1.815126050419489 0
2589 0.6779661016942083 1.831932773108627 0
2590 0.6779661016941941 1.848739495797764 0
2591 0.6779661016941799 1.865546218486901 0
2592 0.6779661016941657 1.882352941176038 0
2593 0.6779661016941513 1.899159663865176 0
2594 0.6779661016941371 1.915966386554314 0
2595 0.6779661016941226 1.932773109243451 0
2596 0.6779661016941084 1.949579831932588 0
2597 0.6779661016940942 1.966386554621725 0
2598 0.67796610169408 1.983193277310863 0
2599 0.6610169491534911 0.01680672268911101 0
2600 0.6610169491534754 0.03361344537822213 0
2601 0.6610169491534598 0.05042016806733314 0
2602 0.661016949153444 0.06722689075644364 0
2603 0.6610169491534287 0.0840336134455531 0
2604 0.6610169491534131 0.1008403361346622 0
2605 0.6610169491533971 0.1176470588237719 0
2606 0.6610169491533819 0.1344537815128833 0
2607 0.6610169491533663 0.151260504201996 0
2608 0.6610169491533502 0.1680672268911093 0
2609 0.661016949153335 0.1848739495802224 0
2610 0.6610169491533192 0.2016806722693354 0
2611 0.6610169491533034 0.2184873949584485 0
2612 0.6610169491532881 0.2352941176475617 0
2613 0.6610169491532725 0.2521008403366723 0
2614 0.6610169491532567 0.2689075630257792 0
2615 0.6610169491532409 0.2857142857148844 0
2616 0.6610169491532255 0.3025210084039897 0
2617 0.66101694915321 0.3193277310930948 0
2618 0.6610169491531943 0.3361344537822002 0
2619 0.6610169491531787 0.3529411764713054 0
2620 0.6610169491531629 0.3697478991604107 0
2621 0.6610169491531472 0.3865546218495158 0
2622 0.6610169491531318 0.403361344538621 0
2623 0.6610169491531163 0.4201680672277263 0
2624 0.6610169491531005 0.4369747899168315 0
2625 0.661016949153085 0.4537815126059369 0
2626 0.6610169491530694 0.470588235295042 0
2627 0.6610169491530536 0.4873949579841473 0
2628 0.6610169491530381 0.5042016806732526 0
2629 0.6610169491530223 0.5210084033623579 0
2630 0.661016949153007 0.537815126051463 0
2631 0.6610169491529913 0.5546218487405683 0
2632 0.6610169491529758 0.5714285714296735 0
2633 0.6610169491529599 0.5882352941187788 0
2634 0.6610169491529444 0.6050420168078839 0
2635 0.6610169491529287 0.621848739496989 0
2636 0.661016949152913 0.6386554621860944 0
2637 0.6610169491528977 0.6554621848751999 0
2638 0.6610169491528821 0.672268907564305 0
2639 0.6610169491528664 0.6890756302534103 0
2640 0.6610169491528507 0.7058823529425156 0
2641 0.6610169491528352 0.7226890756316207 0
2642 0.6610169491528194 0.739495798320726 0
2643 0.6610169491528038 0.7563025210098311 0
2644 0.6610169491527881 0.7731092436989364 0
2645 0.6610169491527726 0.7899159663880415 0
2646 0.661016949152757 0.8067226890771471 0
2647 0.6610169491527415 0.8235294117662524 0
2648 0.661016949152726 0.8403361344553574 0
2649 0.66101694915271 0.8571428571444625 0
2650 0.6610169491526946 0.8739495798335678 0
2651 0.6610169491526789 0.8907563025226731 0
2652 0.6610169491526634 0.9075630252117785 0
2653 0.6610169491526476 0.9243697479008838 0
2654 0.6610169491526322 0.9411764705899888 0
2655 0.6610169491526167 0.9579831932790941 0
2656 0.6610169491526009 0.9747899159681992 0
2657 0.6610169491525851 0.9915966386572947 0
2658 0.6610169491525696 1.008403361346354 0
2659 0.661016949152554 1.025210084035378 0
2660 0.6610169491525385 1.042016806724391 0
2661 0.6610169491525227 1.058823529413405 0
2662 0.6610169491525072 1.075630252102418 0
2663 0.6610169491524914 1.092436974791432 0
2664 0.6610169491524759 1.109243697480446 0
2665 0.6610169491524603 1.126050420169459 0
2666 0.6610169491524448 1.142857142858473 0
2667 0.661016949152429 1.159663865547486 0
2668 0.6610169491524135 1.1764705882365 0
2669 0.6610169491523977 1.193277310925513 0
2670 0.6610169491523822 1.210084033614527 0
2671 0.6610169491523666 1.226890756303541 0
2672 0.6610169491523511 1.243697478992554 0
2673 0.6610169491523353 1.260504201681568 0
2674 0.6610169491523198 1.277310924370582 0
2675 0.661016949152304 1.294117647059595 0
2676 0.6610169491522885 1.310924369748609 0
2677 0.6610169491522729 1.327731092437622 0
2678 0.6610169491522574 1.344537815126636 0
2679 0.6610169491522416 1.361344537815649 0
2680 0.6610169491522261 1.378151260504663 0
2681 0.6610169491522103 1.394957983193676 0
2682 0.6610169491521948 1.41176470588269 0
2683 0.6610169491521792 1.428571428571704 0
2684 0.6610169491521635 1.445378151260718 0
2685 0.6610169491521479 1.462184873949731 0
2686 0.6610169491521324 1.478991596638745 0
2687 0.6610169491521166 1.495798319327758 0
2688 0.6610169491521011 1.512605042016772 0
2689 0.6610169491520855 1.529411764705785 0
2690 0.6610169491520701 1.546218487394799 0
2691 0.6610169491520544 1.563025210083812 0
2692 0.6610169491520387 1.579831932772826 0
2693 0.6610169491520229 1.596638655461839 0
2694 0.6610169491520074 1.613445378150853 0
2695 0.6610169491519918 1.630252100839866 0
2696 0.6610169491519764 1.647058823528881 0
2697 0.6610169491519607 1.663865546217894 0
2698 0.661016949151945 1.680672268906907 0
2699 0.6610169491519292 1.697478991595921 0
2700 0.6610169491519137 1.714285714284935 0
2701 0.661016949151898 1.731092436973948 0
2702 0.6610169491518826 1.747899159662987 0
2703 0.661016949151867 1.764705882352085 0
2704 0.6610169491518513 1.78151260504122 0
2705 0.6610169491518355 1.798319327730357 0
2706 0.66101694915182 1.815126050419494 0
2707 0.6610169491518044 1.831932773108631 0
2708 0.6610169491517887 1.848739495797767 0
2709 0.6610169491517731 1.865546218486905 0
2710 0.6610169491517576 1.882352941176042 0
2711 0.6610169491517418 1.899159663865178 0
2712 0.6610169491517264 1.915966386554315 0
2713 0.6610169491517107 1.932773109243452 0
2714 0.6610169491516952 1.949579831932589 0
2715 0.6610169491516794 1.966386554621726 0
2716 0.6610169491516636 1.983193277310863 0
2717 0.6440677966112347 0.01680672268910928 0
2718 0.6440677966112175 0.03361344537821868 0
2719 0.6440677966112006 0.05042016806732798 0
2720 0.6440677966111833 0.0672268907564367 0
2721 0.6440677966111664 0.08403361344554439 0
2722 0.6440677966111495 0.1008403361346517 0
2723 0.6440677966111324 0.1176470588237595 0
2724 0.6440677966111154 0.1344537815128692 0
2725 0.6440677966110985 0.1512605042019803 0
2726 0.6440677966110816 0.168067226891092 0
2727 0.6440677966110648 0.1848739495802034 0
2728 0.6440677966110478 0.2016806722693149 0
2729 0.6440677966110305 0.2184873949584264 0
2730 0.6440677966110133 0.2352941176475379 0
2731 0.6440677966109967 0.2521008403366468 0
2732 0.6440677966109797 0.2689075630257517 0
2733 0.6440677966109628 0.2857142857148549 0
2734 0.6440677966109457 0.3025210084039581 0
2735 0.6440677966109288 0.3193277310930613 0
2736 0.6440677966109116 0.3361344537821646 0
2737 0.6440677966108947 0.3529411764712678 0
2738 0.6440677966108775 0.3697478991603711 0
2739 0.6440677966108607 0.3865546218494744 0
2740 0.6440677966108441 0.4033613445385774 0
2741 0.6440677966108269 0.4201680672276805 0
2742 0.6440677966108099 0.4369747899167838 0
2743 0.6440677966107929 0.4537815126058872 0
2744 0.6440677966107758 0.4705882352949904 0
2745 0.644067796610759 0.4873949579840937 0
2746 0.6440677966107419 0.5042016806731968 0
2747 0.6440677966107248 0.5210084033622999 0
2748 0.6440677966107079 0.5378151260514032 0
2749 0.644067796610691 0.5546218487405066 0
2750 0.6440677966106743 0.5714285714296096 0
2751 0.6440677966106571 0.5882352941187131 0
2752 0.6440677966106402 0.6050420168078162 0
2753 0.6440677966106231 0.6218487394969193 0
2754 0.6440677966106062 0.6386554621860226 0
2755 0.644067796610589 0.6554621848751258 0
2756 0.6440677966105721 0.6722689075642291 0
2757 0.644067796610555 0.6890756302533324 0
2758 0.6440677966105383 0.7058823529424356 0
2759 0.6440677966105214 0.7226890756315387 0
2760 0.6440677966105043 0.7394957983206418 0
2761 0.6440677966104872 0.7563025210097452 0
2762 0.6440677966104703 0.7731092436988485 0
2763 0.6440677966104531 0.7899159663879517 0
2764 0.6440677966104361 0.8067226890770549 0
2765 0.6440677966104191 0.8235294117661581 0
2766 0.6440677966104023 0.8403361344552615 0
2767 0.6440677966103853 0.8571428571443643 0
2768 0.6440677966103683 0.8739495798334678 0
2769 0.6440677966103515 0.8907563025225707 0
2770 0.6440677966103345 0.9075630252116743 0
2771 0.6440677966103174 0.9243697479007776 0
2772 0.6440677966103004 0.9411764705898806 0
2773 0.6440677966102833 0.9579831932789837 0
2774 0.6440677966102665 0.9747899159680871 0
2775 0.6440677966102496 0.9915966386571811 0
2776 0.6440677966102325 1.008403361346241 0
2777 0.6440677966102154 1.025210084035266 0
2778 0.6440677966101985 1.042016806724283 0
2779 0.6440677966101817 1.058823529413299 0
2780 0.6440677966101646 1.075630252102315 0
2781 0.6440677966101477 1.092436974791332 0
2782 0.6440677966101306 1.109243697480348 0
2783 0.6440677966101135 1.126050420169364 0
2784 0.6440677966100966 1.142857142858381 0
2785 0.6440677966100795 1.159663865547397 0
2786 0.6440677966100626 1.176470588236413 0
2787 0.6440677966100458 1.19327731092543 0
2788 0.6440677966100287 1.210084033614446 0
2789 0.6440677966100118 1.226890756303462 0
2790 0.6440677966099947 1.243697478992478 0
2791 0.6440677966099778 1.260504201681495 0
2792 0.6440677966099607 1.277310924370511 0
2793 0.6440677966099438 1.294117647059528 0
2794 0.6440677966099267 1.310924369748544 0
2795 0.6440677966099099 1.32773109243756 0
2796 0.644067796609893 1.344537815126577 0
2797 0.6440677966098759 1.361344537815593 0
2798 0.6440677966098588 1.378151260504609 0
2799 0.6440677966098419 1.394957983193626 0
2800 0.644067796609825 1.411764705882642 0
2801 0.644067796609808 1.428571428571658 0
2802 0.6440677966097909 1.445378151260674 0
2803 0.644067796609774 1.462184873949691 0
2804 0.6440677966097571 1.478991596638707 0
2805 0.64406779660974 1.495798319327724 0
2806 0.6440677966097231 1.51260504201674 0
2807 0.644067796609706 1.529411764705756 0
2808 0.6440677966096892 1.546218487394772 0
2809 0.6440677966096721 1.563025210083789 0
2810 0.6440677966096552 1.579831932772805 0
2811 0.6440677966096382 1.596638655461822 0
2812 0.6440677966096212 1.613445378150838 0
2813 0.6440677966096043 1.630252100839854 0
2814 0.6440677966095872 1.647058823528871 0
2815 0.6440677966095701 1.663865546217886 0
2816 0.6440677966095533 1.680672268906903 0
2817 0.6440677966095364 1.697478991595919 0
2818 0.6440677966095193 1.714285714284935 0
2819 0.6440677966095024 1.731092436973952 0
2820 0.6440677966094853 1.747899159662992 0
2821 0.6440677966094683 1.76470588235209 0
2822 0.6440677966094513 1.781512605041226 0
2823 0.6440677966094341 1.798319327730362 0
2824 0.6440677966094174 1.815126050419498 0
2825 0.6440677966094005 1.831932773108635 0
2826 0.6440677966093834 1.848739495797772 0
2827 0.6440677966093665 1.865546218486908 0
2828 0.6440677966093494 1.882352941176045 0
2829 0.6440677966093326 1.899159663865181 0
2830 0.6440677966093157 1.915966386554318 0
2831 0.6440677966092986 1.932773109243454 0
2832 0.6440677966092815 1.949579831932591 0
2833 0.6440677966092646 1.966386554621727 0
2834 0.6440677966092477 1.983193277310864 0
2835 0.6271186440689775 0.01680672268910757 0
2836 0.6271186440689593 0.03361344537821524 0
2837 0.6271186440689409 0.0504201680673228 0
2838 0.6271186440689227 0.06722689075642979 0
2839 0.6271186440689045 0.08403361344553564 0
2840 0.6271186440688862 0.1008403361346411 0
2841 0.6271186440688674 0.1176470588237472 0
2842 0.6271186440688492 0.1344537815128552 0
2843 0.627118644068831 0.1512605042019646 0
2844 0.6271186440688122 0.1680672268910746 0
2845 0.6271186440687941 0.1848739495801844 0
2846 0.6271186440687757 0.2016806722692943 0
2847 0.6271186440687575 0.2184873949584041 0
2848 0.6271186440687391 0.235294117647514 0
2849 0.6271186440687209 0.2521008403366212 0
2850 0.6271186440687024 0.2689075630257242 0
2851 0.627118644068684 0.2857142857148253 0
2852 0.6271186440686658 0.3025210084039266 0
2853 0.6271186440686474 0.3193277310930277 0
2854 0.627118644068629 0.336134453782129 0
2855 0.6271186440686108 0.3529411764712301 0
2856 0.6271186440685923 0.3697478991603315 0
2857 0.6271186440685741 0.3865546218494326 0
2858 0.6271186440685557 0.4033613445385338 0
2859 0.6271186440685375 0.420168067227635 0
2860 0.627118644068519 0.4369747899167362 0
2861 0.6271186440685008 0.4537815126058375 0
2862 0.6271186440684824 0.4705882352949387 0
2863 0.627118644068464 0.4873949579840399 0
2864 0.6271186440684455 0.5042016806731411 0
2865 0.6271186440684273 0.5210084033622422 0
2866 0.6271186440684089 0.5378151260513435 0
2867 0.6271186440683907 0.5546218487404446 0
2868 0.6271186440683723 0.5714285714295458 0
2869 0.627118644068354 0.5882352941186469 0
2870 0.6271186440683356 0.6050420168077483 0
2871 0.6271186440683172 0.6218487394968496 0
2872 0.627118644068299 0.6386554621859508 0
2873 0.6271186440682806 0.6554621848750521 0
2874 0.6271186440682621 0.6722689075641533 0
2875 0.6271186440682439 0.6890756302532544 0
2876 0.6271186440682255 0.7058823529423557 0
2877 0.6271186440682071 0.7226890756314568 0
2878 0.6271186440681888 0.7394957983205579 0
2879 0.6271186440681704 0.756302521009659 0
2880 0.6271186440681522 0.7731092436987603 0
2881 0.627118644068134 0.7899159663878619 0
2882 0.6271186440681156 0.8067226890769629 0
2883 0.6271186440680971 0.8235294117660641 0
2884 0.6271186440680787 0.8403361344551652 0
2885 0.6271186440680605 0.8571428571442662 0
2886 0.6271186440680421 0.8739495798333676 0
2887 0.6271186440680236 0.8907563025224687 0
2888 0.6271186440680052 0.90756302521157 0
2889 0.627118644067987 0.9243697479006714 0
2890 0.6271186440679688 0.9411764705897723 0
2891 0.6271186440679504 0.9579831932788736 0
2892 0.6271186440679319 0.9747899159679747 0
2893 0.6271186440679137 0.9915966386570672 0
2894 0.6271186440678955 1.008403361346128 0
2895 0.6271186440678771 1.025210084035155 0
2896 0.6271186440678587 1.042016806724174 0
2897 0.6271186440678405 1.058823529413193 0
2898 0.627118644067822 1.075630252102213 0
2899 0.6271186440678036 1.092436974791231 0
2900 0.6271186440677854 1.109243697480251 0
2901 0.627118644067767 1.12605042016927 0
2902 0.6271186440677485 1.142857142858289 0
2903 0.6271186440677301 1.159663865547308 0
2904 0.6271186440677119 1.176470588236327 0
2905 0.6271186440676935 1.193277310925346 0
2906 0.6271186440676753 1.210084033614365 0
2907 0.6271186440676568 1.226890756303384 0
2908 0.6271186440676384 1.243697478992403 0
2909 0.6271186440676202 1.260504201681422 0
2910 0.6271186440676018 1.277310924370441 0
2911 0.6271186440675836 1.294117647059461 0
2912 0.6271186440675651 1.310924369748479 0
2913 0.6271186440675469 1.327731092437498 0
2914 0.6271186440675285 1.344537815126517 0
2915 0.6271186440675101 1.361344537815536 0
2916 0.6271186440674918 1.378151260504555 0
2917 0.6271186440674734 1.394957983193574 0
2918 0.627118644067455 1.411764705882594 0
2919 0.6271186440674368 1.428571428571613 0
2920 0.6271186440674184 1.445378151260632 0
2921 0.6271186440674001 1.462184873949651 0
2922 0.6271186440673817 1.47899159663867 0
2923 0.6271186440673633 1.495798319327688 0
2924 0.6271186440673451 1.512605042016708 0
2925 0.6271186440673266 1.529411764705727 0
2926 0.6271186440673084 1.546218487394746 0
2927 0.62711864406729 1.563025210083764 0
2928 0.6271186440672716 1.579831932772784 0
2929 0.6271186440672534 1.596638655461803 0
2930 0.6271186440672349 1.613445378150822 0
2931 0.6271186440672165 1.630252100839841 0
2932 0.6271186440671983 1.64705882352886 0
2933 0.6271186440671799 1.663865546217879 0
2934 0.6271186440671617 1.680672268906898 0
2935 0.6271186440671432 1.697478991595917 0
2936 0.627118644067125 1.714285714284936 0
2937 0.6271186440671066 1.731092436973955 0
2938 0.6271186440670882 1.747899159662998 0
2939 0.62711864406707 1.764705882352097 0
2940 0.6271186440670515 1.781512605041231 0
2941 0.6271186440670331 1.798319327730368 0
2942 0.6271186440670149 1.815126050419503 0
2943 0.6271186440669965 1.831932773108639 0
2944 0.627118644066978 1.848739495797776 0
2945 0.6271186440669598 1.865546218486911 0
2946 0.6271186440669416 1.882352941176048 0
2947 0.627118644066923 1.899159663865184 0
2948 0.6271186440669048 1.91596638655432 0
2949 0.6271186440668866 1.932773109243456 0
2950 0.6271186440668681 1.949579831932592 0
2951 0.6271186440668497 1.966386554621728 0
2952 0.6271186440668315 1.983193277310864 0
2953 0.6101694915267212 0.01680672268910583 0
2954 0.6101694915267013 0.0336134453782118 0
2955 0.6101694915266815 0.05042016806731763 0
2956 0.6101694915266619 0.06722689075642285 0
2957 0.6101694915266421 0.0840336134455269 0
2958 0.6101694915266226 0.1008403361346306 0
2959 0.6101694915266029 0.1176470588237348 0
2960 0.610169491526583 0.1344537815128411 0
2961 0.6101694915265634 0.1512605042019489 0
2962 0.6101694915265437 0.1680672268910572 0
2963 0.6101694915265239 0.1848739495801655 0
2964 0.6101694915265041 0.2016806722692737 0
2965 0.6101694915264844 0.218487394958382 0
2966 0.6101694915264648 0.2352941176474903 0
2967 0.6101694915264451 0.2521008403365956 0
2968 0.6101694915264254 0.2689075630256966 0
2969 0.6101694915264058 0.2857142857147958 0
2970 0.610169491526386 0.3025210084038951 0
2971 0.6101694915263662 0.3193277310929941 0
2972 0.6101694915263465 0.3361344537820935 0
2973 0.6101694915263267 0.3529411764711926 0
2974 0.6101694915263072 0.3697478991602918 0
2975 0.6101694915262874 0.3865546218493912 0
2976 0.6101694915262676 0.4033613445384902 0
2977 0.6101694915262481 0.4201680672275893 0
2978 0.6101694915262283 0.4369747899166885 0
2979 0.6101694915262086 0.4537815126057878 0
2980 0.610169491526189 0.4705882352948869 0
2981 0.6101694915261693 0.4873949579839861 0
2982 0.6101694915261495 0.5042016806730854 0
2983 0.6101694915261298 0.5210084033621845 0
2984 0.61016949152611 0.5378151260512836 0
2985 0.6101694915260902 0.5546218487403829 0
2986 0.6101694915260705 0.5714285714294821 0
2987 0.6101694915260507 0.5882352941185813 0
2988 0.6101694915260312 0.6050420168076807 0
2989 0.6101694915260114 0.6218487394967797 0
2990 0.6101694915259919 0.6386554621858788 0
2991 0.6101694915259723 0.655462184874978 0
2992 0.6101694915259526 0.6722689075640773 0
2993 0.6101694915259328 0.6890756302531766 0
2994 0.610169491525913 0.7058823529422757 0
2995 0.6101694915258933 0.7226890756313749 0
2996 0.6101694915258735 0.739495798320474 0
2997 0.610169491525854 0.7563025210095731 0
2998 0.6101694915258342 0.7731092436986724 0
2999 0.6101694915258145 0.7899159663877717 0
3000 0.6101694915257947 0.8067226890768708 0
3001 0.6101694915257752 0.8235294117659699 0
3002 0.6101694915257554 0.8403361344550693 0
3003 0.6101694915257356 0.857142857144168 0
3004 0.6101694915257159 0.8739495798332677 0
3005 0.6101694915256963 0.8907563025223665 0
3006 0.6101694915256766 0.9075630252114661 0
3007 0.6101694915256568 0.924369747900565 0
3008 0.6101694915256373 0.9411764705896644 0
3009 0.6101694915256173 0.9579831932787632 0
3010 0.6101694915255977 0.9747899159678626 0
3011 0.610169491525578 0.9915966386569535 0
3012 0.6101694915255582 1.008403361346014 0
3013 0.6101694915255387 1.025210084035044 0
3014 0.6101694915255187 1.042016806724065 0
3015 0.6101694915254992 1.058823529413088 0
3016 0.6101694915254794 1.075630252102109 0
3017 0.6101694915254596 1.092436974791131 0
3018 0.6101694915254401 1.109243697480153 0
3019 0.6101694915254203 1.126050420169175 0
3020 0.6101694915254006 1.142857142858196 0
3021 0.6101694915253808 1.159663865547218 0
3022 0.610169491525361 1.17647058823624 0
3023 0.6101694915253415 1.193277310925262 0
3024 0.6101694915253217 1.210084033614284 0
3025 0.610169491525302 1.226890756303306 0
3026 0.6101694915252824 1.243697478992327 0
3027 0.6101694915252627 1.260504201681349 0
3028 0.6101694915252429 1.277310924370371 0
3029 0.6101694915252232 1.294117647059392 0
3030 0.6101694915252034 1.310924369748414 0
3031 0.6101694915251838 1.327731092437436 0
3032 0.6101694915251641 1.344537815126458 0
3033 0.6101694915251443 1.36134453781548 0
3034 0.6101694915251246 1.378151260504501 0
3035 0.610169491525105 1.394957983193523 0
3036 0.6101694915250853 1.411764705882545 0
3037 0.6101694915250657 1.428571428571567 0
3038 0.610169491525046 1.445378151260588 0
3039 0.6101694915250262 1.46218487394961 0
3040 0.6101694915250064 1.478991596638632 0
3041 0.6101694915249867 1.495798319327654 0
3042 0.6101694915249671 1.512605042016676 0
3043 0.6101694915249474 1.529411764705697 0
3044 0.6101694915249276 1.546218487394719 0
3045 0.6101694915249078 1.563025210083741 0
3046 0.6101694915248881 1.579831932772763 0
3047 0.6101694915248685 1.596638655461784 0
3048 0.6101694915248488 1.613445378150806 0
3049 0.610169491524829 1.630252100839828 0
3050 0.6101694915248093 1.64705882352885 0
3051 0.6101694915247895 1.663865546217871 0
3052 0.61016949152477 1.680672268906893 0
3053 0.6101694915247504 1.697478991595915 0
3054 0.6101694915247304 1.714285714284936 0
3055 0.6101694915247109 1.731092436973958 0
3056 0.6101694915246911 1.747899159663003 0
3057 0.6101694915246714 1.764705882352103 0
3058 0.6101694915246516 1.781512605041237 0
3059 0.6101694915246318 1.798319327730373 0
3060 0.6101694915246123 1.815126050419508 0
3061 0.6101694915245925 1.831932773108644 0
3062 0.6101694915245728 1.848739495797779 0
3063 0.6101694915245532 1.865546218486915 0
3064 0.6101694915245335 1.88235294117605 0
3065 0.6101694915245137 1.899159663865186 0
3066 0.610169491524494 1.915966386554322 0
3067 0.6101694915244742 1.932773109243457 0
3068 0.6101694915244547 1.949579831932593 0
3069 0.6101694915244349 1.966386554621729 0
3070 0.6101694915244151 1.983193277310864 0
3071 0.5932203389844641 0.01680672268910411 0
3072 0.5932203389844433 0.03361344537820835 0
3073 0.5932203389844222 0.05042016806731246 0
3074 0.5932203389844011 0.06722689075641591 0
3075 0.59322033898438 0.08403361344551818 0
3076 0.593220338984359 0.1008403361346201 0
3077 0.593220338984338 0.1176470588237225 0
3078 0.5932203389843169 0.134453781512827 0
3079 0.5932203389842958 0.1512605042019332 0
3080 0.5932203389842745 0.1680672268910399 0
3081 0.5932203389842536 0.1848739495801466 0
3082 0.5932203389842322 0.2016806722692532 0
3083 0.5932203389842114 0.2184873949583598 0
3084 0.5932203389841906 0.2352941176474664 0
3085 0.593220338984169 0.2521008403365701 0
3086 0.5932203389841483 0.2689075630256692 0
3087 0.5932203389841271 0.2857142857147663 0
3088 0.593220338984106 0.3025210084038635 0
3089 0.5932203389840849 0.3193277310929606 0
3090 0.593220338984064 0.3361344537820579 0
3091 0.5932203389840429 0.352941176471155 0
3092 0.5932203389840218 0.3697478991602523 0
3093 0.5932203389840007 0.3865546218493494 0
3094 0.5932203389839796 0.4033613445384465 0
3095 0.5932203389839585 0.4201680672275437 0
3096 0.5932203389839374 0.4369747899166408 0
3097 0.5932203389839164 0.453781512605738 0
3098 0.5932203389838955 0.4705882352948352 0
3099 0.5932203389838742 0.4873949579839326 0
3100 0.5932203389838533 0.5042016806730296 0
3101 0.5932203389838322 0.5210084033621267 0
3102 0.5932203389838111 0.5378151260512238 0
3103 0.59322033898379 0.5546218487403212 0
3104 0.5932203389837689 0.5714285714294182 0
3105 0.5932203389837478 0.5882352941185155 0
3106 0.5932203389837267 0.6050420168076126 0
3107 0.5932203389837056 0.6218487394967097 0
3108 0.5932203389836848 0.6386554621858068 0
3109 0.5932203389836634 0.6554621848749042 0
3110 0.5932203389836423 0.6722689075640013 0
3111 0.5932203389836215 0.6890756302530986 0
3112 0.5932203389836004 0.7058823529421958 0
3113 0.5932203389835793 0.7226890756312929 0
3114 0.5932203389835582 0.73949579832039 0
3115 0.5932203389835371 0.7563025210094871 0
3116 0.5932203389835162 0.7731092436985845 0
3117 0.5932203389834951 0.7899159663876815 0
3118 0.593220338983474 0.8067226890767789 0
3119 0.5932203389834529 0.8235294117658759 0
3120 0.5932203389834318 0.840336134454973 0
3121 0.5932203389834108 0.8571428571440701 0
3122 0.5932203389833897 0.8739495798331673 0
3123 0.5932203389833686 0.8907563025222645 0
3124 0.5932203389833475 0.9075630252113617 0
3125 0.5932203389833266 0.924369747900459 0
3126 0.5932203389833053 0.941176470589556 0
3127 0.5932203389832844 0.9579831932786531 0
3128 0.5932203389832633 0.9747899159677504 0
3129 0.5932203389832422 0.9915966386568398 0
3130 0.5932203389832211 1.008403361345901 0
3131 0.5932203389832 1.025210084034933 0
3132 0.5932203389831789 1.042016806723957 0
3133 0.5932203389831578 1.058823529412982 0
3134 0.5932203389831368 1.075630252102006 0
3135 0.5932203389831157 1.092436974791031 0
3136 0.5932203389830948 1.109243697480055 0
3137 0.5932203389830735 1.12605042016908 0
3138 0.5932203389830526 1.142857142858105 0
3139 0.5932203389830315 1.159663865547129 0
3140 0.5932203389830104 1.176470588236153 0
3141 0.5932203389829893 1.193277310925178 0
3142 0.5932203389829682 1.210084033614202 0
3143 0.5932203389829471 1.226890756303227 0
3144 0.593220338982926 1.243697478992251 0
3145 0.5932203389829052 1.260504201681276 0
3146 0.5932203389828838 1.2773109243703 0
3147 0.593220338982863 1.294117647059325 0
3148 0.5932203389828419 1.310924369748349 0
3149 0.5932203389828208 1.327731092437374 0
3150 0.5932203389827997 1.344537815126399 0
3151 0.5932203389827786 1.361344537815423 0
3152 0.5932203389827575 1.378151260504448 0
3153 0.5932203389827364 1.394957983193472 0
3154 0.5932203389827155 1.411764705882497 0
3155 0.5932203389826942 1.428571428571521 0
3156 0.5932203389826731 1.445378151260546 0
3157 0.593220338982652 1.46218487394957 0
3158 0.5932203389826312 1.478991596638595 0
3159 0.5932203389826101 1.495798319327619 0
3160 0.593220338982589 1.512605042016644 0
3161 0.5932203389825679 1.529411764705668 0
3162 0.5932203389825468 1.546218487394692 0
3163 0.5932203389825259 1.563025210083717 0
3164 0.5932203389825046 1.579831932772742 0
3165 0.5932203389824837 1.596638655461766 0
3166 0.5932203389824624 1.61344537815079 0
3167 0.5932203389824415 1.630252100839815 0
3168 0.5932203389824204 1.647058823528839 0
3169 0.5932203389823993 1.663865546217864 0
3170 0.5932203389823782 1.680672268906888 0
3171 0.5932203389823572 1.697478991595913 0
3172 0.5932203389823361 1.714285714284937 0
3173 0.593220338982315 1.731092436973962 0
3174 0.5932203389822941 1.747899159663008 0
3175 0.5932203389822728 1.764705882352109 0
3176 0.5932203389822519 1.781512605041242 0
3177 0.5932203389822306 1.798319327730378 0
3178 0.5932203389822097 1.815126050419513 0
3179 0.5932203389821886 1.831932773108648 0
3180 0.5932203389821675 1.848739495797783 0
3181 0.5932203389821464 1.865546218486918 0
3182 0.5932203389821253 1.882352941176054 0
3183 0.5932203389821042 1.899159663865189 0
3184 0.5932203389820832 1.915966386554324 0
3185 0.5932203389820623 1.932773109243459 0
3186 0.5932203389820412 1.949579831932594 0
3187 0.5932203389820201 1.96638655462173 0
3188 0.593220338981999 1.983193277310865 0
3189 0.5762711864422077 0.01680672268910239 0
3190 0.5762711864421852 0.0336134453782049 0
3191 0.5762711864421628 0.0504201680673073 0
3192 0.5762711864421401 0.06722689075640897 0
3193 0.5762711864421179 0.08403361344550944 0
3194 0.5762711864420953 0.1008403361346095 0
3195 0.5762711864420731 0.1176470588237101 0
3196 0.5762711864420504 0.134453781512813 0
3197 0.5762711864420282 0.1512605042019175 0
3198 0.5762711864420056 0.1680672268910226 0
3199 0.5762711864419835 0.1848739495801276 0
3200 0.5762711864419606 0.2016806722692326 0
3201 0.5762711864419385 0.2184873949583376 0
3202 0.5762711864419159 0.2352941176474426 0
3203 0.5762711864418937 0.2521008403365445 0
3204 0.576271186441871 0.2689075630256417 0
3205 0.5762711864418488 0.2857142857147367 0
3206 0.5762711864418262 0.302521008403832 0
3207 0.5762711864418038 0.3193277310929271 0
3208 0.5762711864417813 0.3361344537820223 0
3209 0.5762711864417589 0.3529411764711174 0
3210 0.5762711864417365 0.3697478991602127 0
3211 0.576271186441714 0.3865546218493078 0
3212 0.5762711864416916 0.4033613445384029 0
3213 0.5762711864416692 0.4201680672274981 0
3214 0.5762711864416468 0.4369747899165931 0
3215 0.5762711864416243 0.4537815126056884 0
3216 0.5762711864416019 0.4705882352947834 0
3217 0.5762711864415795 0.4873949579838788 0
3218 0.5762711864415571 0.5042016806729739 0
3219 0.5762711864415346 0.521008403362069 0
3220 0.5762711864415122 0.5378151260511641 0
3221 0.5762711864414898 0.5546218487402592 0
3222 0.5762711864414674 0.5714285714293544 0
3223 0.5762711864414449 0.5882352941184498 0
3224 0.5762711864414225 0.6050420168075447 0
3225 0.5762711864413999 0.62184873949664 0
3226 0.5762711864413776 0.6386554621857349 0
3227 0.5762711864413552 0.6554621848748304 0
3228 0.5762711864413326 0.6722689075639253 0
3229 0.5762711864413104 0.6890756302530207 0
3230 0.5762711864412877 0.7058823529421159 0
3231 0.5762711864412655 0.722689075631211 0
3232 0.5762711864412429 0.7394957983203061 0
3233 0.5762711864412204 0.7563025210094012 0
3234 0.576271186441198 0.7731092436984963 0
3235 0.5762711864411756 0.7899159663875918 0
3236 0.5762711864411532 0.8067226890766868 0
3237 0.5762711864411307 0.823529411765782 0
3238 0.5762711864411083 0.8403361344548769 0
3239 0.5762711864410859 0.8571428571439722 0
3240 0.5762711864410635 0.8739495798330673 0
3241 0.576271186441041 0.8907563025221624 0
3242 0.5762711864410186 0.9075630252112578 0
3243 0.5762711864409962 0.9243697479003525 0
3244 0.5762711864409737 0.9411764705894479 0
3245 0.5762711864409513 0.957983193278543 0
3246 0.5762711864409289 0.9747899159676383 0
3247 0.5762711864409062 0.9915966386567261 0
3248 0.576271186440884 1.008403361345787 0
3249 0.5762711864408616 1.025210084034822 0
3250 0.5762711864408392 1.042016806723849 0
3251 0.5762711864408165 1.058823529412876 0
3252 0.5762711864407943 1.075630252101904 0
3253 0.5762711864407717 1.09243697479093 0
3254 0.5762711864407493 1.109243697479958 0
3255 0.5762711864407271 1.126050420168985 0
3256 0.5762711864407044 1.142857142858012 0
3257 0.576271186440682 1.159663865547039 0
3258 0.5762711864406596 1.176470588236067 0
3259 0.5762711864406371 1.193277310925094 0
3260 0.5762711864406147 1.210084033614121 0
3261 0.5762711864405923 1.226890756303148 0
3262 0.5762711864405698 1.243697478992176 0
3263 0.5762711864405474 1.260504201681203 0
3264 0.576271186440525 1.27731092437023 0
3265 0.5762711864405026 1.294117647059258 0
3266 0.5762711864404801 1.310924369748284 0
3267 0.5762711864404577 1.327731092437312 0
3268 0.5762711864404353 1.344537815126339 0
3269 0.5762711864404129 1.361344537815366 0
3270 0.5762711864403904 1.378151260504394 0
3271 0.576271186440368 1.394957983193421 0
3272 0.5762711864403456 1.411764705882448 0
3273 0.5762711864403232 1.428571428571475 0
3274 0.5762711864403007 1.445378151260503 0
3275 0.5762711864402783 1.46218487394953 0
3276 0.5762711864402559 1.478991596638557 0
3277 0.5762711864402335 1.495798319327584 0
3278 0.576271186440211 1.512605042016611 0
3279 0.5762711864401886 1.529411764705639 0
3280 0.576271186440166 1.546218487394666 0
3281 0.5762711864401435 1.563025210083693 0
3282 0.5762711864401211 1.57983193277272 0
3283 0.5762711864400989 1.596638655461748 0
3284 0.5762711864400762 1.613445378150775 0
3285 0.5762711864400538 1.630252100839802 0
3286 0.5762711864400314 1.647058823528829 0
3287 0.576271186440009 1.663865546217856 0
3288 0.5762711864399865 1.680672268906884 0
3289 0.5762711864399641 1.697478991595911 0
3290 0.5762711864399417 1.714285714284938 0
3291 0.5762711864399193 1.731092436973965 0
3292 0.5762711864398968 1.747899159663014 0
3293 0.5762711864398744 1.764705882352115 0
3294 0.576271186439852 1.781512605041249 0
3295 0.5762711864398296 1.798319327730383 0
3296 0.5762711864398071 1.815126050419518 0
3297 0.5762711864397847 1.831932773108652 0
3298 0.5762711864397623 1.848739495797787 0
3299 0.5762711864397398 1.865546218486922 0
3300 0.5762711864397174 1.882352941176057 0
3301 0.5762711864396948 1.899159663865191 0
3302 0.5762711864396726 1.915966386554326 0
3303 0.5762711864396499 1.932773109243461 0
3304 0.5762711864396277 1.949579831932596 0
3305 0.5762711864396051 1.966386554621731 0
3306 0.5762711864395829 1.983193277310865 0
3307 0.5593220338999509 0.01680672268910066 0
3308 0.5593220338999272 0.03361344537820146 0
3309 0.5593220338999032 0.05042016806730214 0
3310 0.5593220338998794 0.06722689075640204 0
3311 0.5593220338998557 0.0840336134455007 0
3312 0.5593220338998317 0.100840336134599 0
3313 0.5593220338998079 0.1176470588236978 0
3314 0.5593220338997844 0.1344537815127989 0
3315 0.5593220338997604 0.1512605042019018 0
3316 0.5593220338997367 0.1680672268910052 0
3317 0.5593220338997129 0.1848739495801087 0
3318 0.559322033899689 0.201680672269212 0
3319 0.5593220338996652 0.2184873949583154 0
3320 0.5593220338996416 0.2352941176474188 0
3321 0.5593220338996177 0.2521008403365189 0
3322 0.5593220338995939 0.2689075630256142 0
3323 0.5593220338995701 0.2857142857147073 0
3324 0.5593220338995464 0.3025210084038005 0
3325 0.5593220338995226 0.3193277310928935 0
3326 0.5593220338994989 0.3361344537819867 0
3327 0.5593220338994749 0.3529411764710798 0
3328 0.5593220338994511 0.369747899160173 0
3329 0.5593220338994274 0.3865546218492661 0
3330 0.5593220338994036 0.4033613445383593 0
3331 0.5593220338993798 0.4201680672274523 0
3332 0.5593220338993559 0.4369747899165455 0
3333 0.5593220338993321 0.4537815126056387 0
3334 0.5593220338993083 0.4705882352947318 0
3335 0.5593220338992846 0.487394957983825 0
3336 0.5593220338992608 0.5042016806729182 0
3337 0.5593220338992371 0.5210084033620113 0
3338 0.5593220338992133 0.5378151260511044 0
3339 0.5593220338991893 0.5546218487401975 0
3340 0.5593220338991656 0.5714285714292906 0
3341 0.5593220338991418 0.588235294118384 0
3342 0.5593220338991181 0.6050420168074772 0
3343 0.5593220338990943 0.62184873949657 0
3344 0.5593220338990703 0.6386554621856634 0
3345 0.5593220338990466 0.6554621848747562 0
3346 0.5593220338990228 0.6722689075638493 0
3347 0.559322033898999 0.6890756302529426 0
3348 0.5593220338989753 0.7058823529420359 0
3349 0.5593220338989513 0.7226890756311291 0
3350 0.5593220338989278 0.7394957983202222 0
3351 0.5593220338989038 0.7563025210093153 0
3352 0.55932203389888 0.7731092436984084 0
3353 0.5593220338988563 0.7899159663875016 0
3354 0.5593220338988325 0.8067226890765946 0
3355 0.5593220338988087 0.8235294117656878 0
3356 0.5593220338987848 0.8403361344547808 0
3357 0.559322033898761 0.8571428571438739 0
3358 0.5593220338987372 0.8739495798329673 0
3359 0.5593220338987133 0.8907563025220604 0
3360 0.5593220338986897 0.9075630252111533 0
3361 0.5593220338986657 0.9243697479002464 0
3362 0.559322033898642 0.9411764705893397 0
3363 0.5593220338986182 0.9579831932784328 0
3364 0.5593220338985945 0.974789915967526 0
3365 0.5593220338985707 0.9915966386566123 0
3366 0.5593220338985467 1.008403361345674 0
3367 0.559322033898523 1.025210084034711 0
3368 0.5593220338984992 1.04201680672374 0
3369 0.5593220338984755 1.058823529412771 0
3370 0.5593220338984517 1.075630252101801 0
3371 0.5593220338984277 1.09243697479083 0
3372 0.5593220338984042 1.109243697479861 0
3373 0.5593220338983802 1.126050420168891 0
3374 0.5593220338983564 1.14285714285792 0
3375 0.5593220338983327 1.159663865546951 0
3376 0.5593220338983089 1.176470588235981 0
3377 0.5593220338982852 1.19327731092501 0
3378 0.5593220338982612 1.21008403361404 0
3379 0.5593220338982374 1.22689075630307 0
3380 0.5593220338982137 1.2436974789921 0
3381 0.5593220338981899 1.26050420168113 0
3382 0.5593220338981661 1.27731092437016 0
3383 0.5593220338981422 1.29411764705919 0
3384 0.5593220338981186 1.31092436974822 0
3385 0.5593220338980947 1.32773109243725 0
3386 0.5593220338980709 1.34453781512628 0
3387 0.5593220338980471 1.36134453781531 0
3388 0.5593220338980234 1.37815126050434 0
3389 0.5593220338979994 1.39495798319337 0
3390 0.5593220338979756 1.4117647058824 0
3391 0.5593220338979519 1.42857142857143 0
3392 0.5593220338979281 1.44537815126046 0
3393 0.5593220338979044 1.462184873949489 0
3394 0.5593220338978806 1.47899159663852 0
3395 0.5593220338978566 1.495798319327549 0
3396 0.5593220338978329 1.51260504201658 0
3397 0.5593220338978091 1.529411764705609 0
3398 0.5593220338977851 1.546218487394639 0
3399 0.5593220338977616 1.563025210083669 0
3400 0.5593220338977376 1.579831932772699 0
3401 0.5593220338977141 1.596638655461729 0
3402 0.5593220338976901 1.613445378150759 0
3403 0.5593220338976663 1.630252100839789 0
3404 0.5593220338976426 1.647058823528819 0
3405 0.5593220338976186 1.663865546217849 0
3406 0.5593220338975951 1.680672268906879 0
3407 0.5593220338975711 1.697478991595909 0
3408 0.5593220338975473 1.714285714284939 0
3409 0.5593220338975236 1.731092436973969 0
3410 0.5593220338974996 1.74789915966302 0
3411 0.559322033897476 1.764705882352121 0
3412 0.5593220338974521 1.781512605041254 0
3413 0.5593220338974283 1.798319327730389 0
3414 0.5593220338974045 1.815126050419522 0
3415 0.5593220338973808 1.831932773108657 0
3416 0.559322033897357 1.848739495797792 0
3417 0.559322033897333 1.865546218486925 0
3418 0.5593220338973093 1.88235294117606 0
3419 0.5593220338972855 1.899159663865194 0
3420 0.5593220338972618 1.915966386554329 0
3421 0.559322033897238 1.932773109243463 0
3422 0.559322033897214 1.949579831932597 0
3423 0.5593220338971903 1.966386554621732 0
3424 0.5593220338971665 1.983193277310866 0
3425 0.5423728813576942 0.01680672268909893 0
3426 0.5423728813576691 0.03361344537819802 0
3427 0.5423728813576438 0.05042016806729696 0
3428 0.5423728813576187 0.06722689075639512 0
3429 0.5423728813575934 0.08403361344549198 0
3430 0.5423728813575683 0.1008403361345884 0
3431 0.5423728813575432 0.1176470588236855 0
3432 0.5423728813575182 0.1344537815127848 0
3433 0.5423728813574931 0.1512605042018861 0
3434 0.5423728813574678 0.1680672268909879 0
3435 0.5423728813574427 0.1848739495800897 0
3436 0.5423728813574173 0.2016806722691915 0
3437 0.5423728813573925 0.2184873949582932 0
3438 0.5423728813573674 0.235294117647395 0
3439 0.5423728813573419 0.2521008403364934 0
3440 0.5423728813573168 0.2689075630255867 0
3441 0.5423728813572917 0.2857142857146778 0
3442 0.5423728813572666 0.3025210084037689 0
3443 0.5423728813572413 0.3193277310928599 0
3444 0.5423728813572162 0.3361344537819512 0
3445 0.5423728813571911 0.3529411764710423 0
3446 0.542372881357166 0.3697478991601335 0
3447 0.5423728813571407 0.3865546218492245 0
3448 0.5423728813571156 0.4033613445383156 0
3449 0.5423728813570905 0.4201680672274067 0
3450 0.5423728813570652 0.4369747899164979 0
3451 0.5423728813570401 0.453781512605589 0
3452 0.542372881357015 0.4705882352946801 0
3453 0.5423728813569897 0.4873949579837713 0
3454 0.5423728813569646 0.5042016806728624 0
3455 0.5423728813569395 0.5210084033619533 0
3456 0.5423728813569142 0.5378151260510446 0
3457 0.5423728813568891 0.5546218487401358 0
3458 0.5423728813568638 0.5714285714292267 0
3459 0.5423728813568387 0.5882352941183179 0
3460 0.5423728813568138 0.6050420168074091 0
3461 0.5423728813567883 0.6218487394965001 0
3462 0.5423728813567632 0.6386554621855913 0
3463 0.5423728813567381 0.6554621848746826 0
3464 0.5423728813567128 0.6722689075637736 0
3465 0.5423728813566877 0.6890756302528647 0
3466 0.5423728813566626 0.705882352941956 0
3467 0.5423728813566375 0.7226890756310469 0
3468 0.5423728813566122 0.739495798320138 0
3469 0.5423728813565871 0.7563025210092291 0
3470 0.542372881356562 0.7731092436983202 0
3471 0.5423728813565369 0.7899159663874114 0
3472 0.5423728813565116 0.8067226890765027 0
3473 0.5423728813564865 0.8235294117655936 0
3474 0.5423728813564612 0.8403361344546848 0
3475 0.5423728813564364 0.8571428571437758 0
3476 0.542372881356411 0.8739495798328669 0
3477 0.5423728813563859 0.8907563025219583 0
3478 0.5423728813563606 0.9075630252110494 0
3479 0.5423728813563355 0.9243697479001403 0
3480 0.5423728813563102 0.9411764705892316 0
3481 0.5423728813562854 0.9579831932783227 0
3482 0.5423728813562601 0.9747899159674137 0
3483 0.5423728813562347 0.9915966386564987 0
3484 0.5423728813562096 1.008403361345561 0
3485 0.5423728813561846 1.0252100840346 0
3486 0.5423728813561595 1.042016806723632 0
3487 0.5423728813561342 1.058823529412665 0
3488 0.5423728813561091 1.075630252101698 0
3489 0.542372881356084 1.09243697479073 0
3490 0.5423728813560589 1.109243697479763 0
3491 0.5423728813560336 1.126050420168796 0
3492 0.5423728813560085 1.142857142857828 0
3493 0.5423728813559834 1.159663865546861 0
3494 0.5423728813559581 1.176470588235893 0
3495 0.542372881355933 1.193277310924926 0
3496 0.5423728813559079 1.210084033613959 0
3497 0.5423728813558826 1.226890756302992 0
3498 0.5423728813558575 1.243697478992024 0
3499 0.5423728813558324 1.260504201681057 0
3500 0.5423728813558071 1.277310924370089 0
3501 0.542372881355782 1.294117647059123 0
3502 0.5423728813557569 1.310924369748155 0
3503 0.5423728813557316 1.327731092437188 0
3504 0.5423728813557065 1.344537815126221 0
3505 0.5423728813556814 1.361344537815253 0
3506 0.5423728813556561 1.378151260504286 0
3507 0.542372881355631 1.394957983193319 0
3508 0.5423728813556059 1.411764705882351 0
3509 0.5423728813555806 1.428571428571384 0
3510 0.5423728813555555 1.445378151260417 0
3511 0.5423728813555304 1.462184873949449 0
3512 0.5423728813555051 1.478991596638482 0
3513 0.54237288135548 1.495798319327515 0
3514 0.5423728813554549 1.512605042016547 0
3515 0.5423728813554296 1.52941176470558 0
3516 0.5423728813554045 1.546218487394612 0
3517 0.5423728813553794 1.563025210083645 0
3518 0.5423728813553541 1.579831932772678 0
3519 0.542372881355329 1.59663865546171 0
3520 0.5423728813553039 1.613445378150743 0
3521 0.5423728813552788 1.630252100839776 0
3522 0.5423728813552537 1.647058823528809 0
3523 0.5423728813552284 1.663865546217842 0
3524 0.5423728813552033 1.680672268906874 0
3525 0.542372881355178 1.697478991595906 0
3526 0.5423728813551529 1.714285714284939 0
3527 0.5423728813551276 1.731092436973972 0
3528 0.5423728813551028 1.747899159663025 0
3529 0.5423728813550774 1.764705882352127 0
3530 0.5423728813550523 1.781512605041259 0
3531 0.5423728813550273 1.798319327730394 0
3532 0.5423728813550019 1.815126050419527 0
3533 0.5423728813549766 1.831932773108661 0
3534 0.5423728813549515 1.848739495797795 0
3535 0.5423728813549265 1.865546218486929 0
3536 0.5423728813549011 1.882352941176063 0
3537 0.5423728813548763 1.899159663865197 0
3538 0.542372881354851 1.915966386554331 0
3539 0.5423728813548256 1.932773109243465 0
3540 0.5423728813548008 1.949579831932599 0
3541 0.5423728813547755 1.966386554621733 0
3542 0.5423728813547504 1.983193277310866 0
3543 0.5254237288154376 0.01680672268909721 0
3544 0.525423728815411 0.03361344537819456 0
3545 0.5254237288153846 0.05042016806729178 0
3546 0.5254237288153579 0.06722689075638819 0
3547 0.5254237288153315 0.08403361344548324 0
3548 0.5254237288153049 0.1008403361345778 0
3549 0.5254237288152784 0.1176470588236731 0
3550 0.525423728815252 0.1344537815127708 0
3551 0.5254237288152254 0.1512605042018704 0
3552 0.5254237288151989 0.1680672268909706 0
3553 0.5254237288151723 0.1848739495800707 0
3554 0.5254237288151459 0.2016806722691709 0
3555 0.5254237288151195 0.218487394958271 0
3556 0.5254237288150928 0.2352941176473711 0
3557 0.5254237288150664 0.2521008403364678 0
3558 0.5254237288150397 0.2689075630255592 0
3559 0.5254237288150133 0.2857142857146482 0
3560 0.5254237288149867 0.3025210084037373 0
3561 0.5254237288149602 0.3193277310928265 0
3562 0.5254237288149335 0.3361344537819156 0
3563 0.525423728814907 0.3529411764710046 0
3564 0.5254237288148805 0.3697478991600939 0
3565 0.5254237288148541 0.3865546218491828 0
3566 0.5254237288148275 0.403361344538272 0
3567 0.525423728814801 0.4201680672273611 0
3568 0.5254237288147746 0.4369747899164501 0
3569 0.525423728814748 0.4537815126055393 0
3570 0.5254237288147213 0.4705882352946283 0
3571 0.5254237288146947 0.4873949579837176 0
3572 0.5254237288146685 0.5042016806728067 0
3573 0.5254237288146418 0.5210084033618956 0
3574 0.5254237288146152 0.5378151260509847 0
3575 0.5254237288145888 0.554621848740074 0
3576 0.5254237288145623 0.5714285714291628 0
3577 0.5254237288145358 0.5882352941182521 0
3578 0.5254237288145093 0.6050420168073413 0
3579 0.5254237288144827 0.6218487394964304 0
3580 0.5254237288144562 0.6386554621855195 0
3581 0.5254237288144294 0.6554621848746084 0
3582 0.5254237288144031 0.6722689075636975 0
3583 0.5254237288143767 0.6890756302527868 0
3584 0.5254237288143501 0.7058823529418761 0
3585 0.5254237288143236 0.722689075630965 0
3586 0.525423728814297 0.7394957983200541 0
3587 0.5254237288142704 0.7563025210091432 0
3588 0.5254237288142439 0.7731092436982323 0
3589 0.5254237288142173 0.7899159663873213 0
3590 0.5254237288141909 0.8067226890764105 0
3591 0.5254237288141643 0.8235294117654995 0
3592 0.5254237288141378 0.8403361344545887 0
3593 0.5254237288141113 0.8571428571436778 0
3594 0.5254237288140847 0.8739495798327671 0
3595 0.5254237288140583 0.890756302521856 0
3596 0.5254237288140318 0.9075630252109451 0
3597 0.5254237288140052 0.9243697479000342 0
3598 0.5254237288139788 0.9411764705891235 0
3599 0.5254237288139522 0.9579831932782124 0
3600 0.5254237288139255 0.9747899159673015 0
3601 0.5254237288138991 0.991596638656385 0
3602 0.5254237288138727 1.008403361345447 0
3603 0.525423728813846 1.025210084034488 0
3604 0.5254237288138196 1.042016806723524 0
3605 0.525423728813793 1.058823529412559 0
3606 0.5254237288137665 1.075630252101595 0
3607 0.5254237288137399 1.09243697479063 0
3608 0.5254237288137135 1.109243697479665 0
3609 0.525423728813687 1.126050420168701 0
3610 0.5254237288136604 1.142857142857736 0
3611 0.5254237288136338 1.159663865546772 0
3612 0.5254237288136073 1.176470588235808 0
3613 0.5254237288135807 1.193277310924843 0
3614 0.5254237288135543 1.210084033613878 0
3615 0.5254237288135278 1.226890756302913 0
3616 0.5254237288135012 1.243697478991949 0
3617 0.5254237288134748 1.260504201680984 0
3618 0.5254237288134481 1.277310924370019 0
3619 0.5254237288134215 1.294117647059055 0
3620 0.5254237288133951 1.31092436974809 0
3621 0.5254237288133686 1.327731092437126 0
3622 0.525423728813342 1.344537815126161 0
3623 0.5254237288133156 1.361344537815196 0
3624 0.5254237288132889 1.378151260504232 0
3625 0.5254237288132625 1.394957983193267 0
3626 0.5254237288132358 1.411764705882303 0
3627 0.5254237288132094 1.428571428571338 0
3628 0.525423728813183 1.445378151260374 0
3629 0.5254237288131564 1.462184873949409 0
3630 0.5254237288131297 1.478991596638444 0
3631 0.5254237288131033 1.49579831932748 0
3632 0.5254237288130769 1.512605042016515 0
3633 0.5254237288130502 1.529411764705551 0
3634 0.5254237288130236 1.546218487394586 0
3635 0.5254237288129971 1.563025210083621 0
3636 0.5254237288129707 1.579831932772657 0
3637 0.5254237288129441 1.596638655461692 0
3638 0.5254237288129177 1.613445378150728 0
3639 0.525423728812891 1.630252100839763 0
3640 0.5254237288128646 1.647058823528799 0
3641 0.5254237288128379 1.663865546217834 0
3642 0.5254237288128115 1.680672268906869 0
3643 0.5254237288127851 1.697478991595905 0
3644 0.5254237288127585 1.71428571428494 0
3645 0.5254237288127318 1.731092436973975 0
3646 0.5254237288127054 1.74789915966303 0
3647 0.525423728812679 1.764705882352133 0
3648 0.5254237288126523 1.781512605041266 0
3649 0.5254237288126259 1.798319327730398 0
3650 0.5254237288125992 1.815126050419532 0
3651 0.5254237288125728 1.831932773108666 0
3652 0.5254237288125462 1.848739495797799 0
3653 0.5254237288125198 1.865546218486932 0
3654 0.5254237288124933 1.882352941176066 0
3655 0.5254237288124667 1.899159663865199 0
3656 0.52542372881244 1.915966386554333 0
3657 0.5254237288124136 1.932773109243466 0
3658 0.5254237288123872 1.9495798319326 0
3659 0.5254237288123605 1.966386554621733 0
3660 0.5254237288123339 1.983193277310867 0
3661 0.5084745762731809 0.01680672268909549 0
3662 0.5084745762731532 0.03361344537819112 0
3663 0.5084745762731252 0.05042016806728662 0
3664 0.5084745762730972 0.06722689075638125 0
3665 0.5084745762730695 0.0840336134454745 0
3666 0.5084745762730415 0.1008403361345673 0
3667 0.5084745762730135 0.1176470588236607 0
3668 0.5084745762729858 0.1344537815127567 0
3669 0.5084745762729578 0.1512605042018547 0
3670 0.5084745762729298 0.1680672268909533 0
3671 0.508474576272902 0.1848739495800518 0
3672 0.5084745762728743 0.2016806722691503 0
3673 0.5084745762728463 0.2184873949582488 0
3674 0.5084745762728183 0.2352941176473473 0
3675 0.5084745762727905 0.2521008403364423 0
3676 0.5084745762727626 0.2689075630255316 0
3677 0.5084745762727348 0.2857142857146188 0
3678 0.5084745762727068 0.3025210084037059 0
3679 0.5084745762726789 0.3193277310927928 0
3680 0.5084745762726509 0.33613445378188 0
3681 0.5084745762726232 0.352941176470967 0
3682 0.5084745762725952 0.3697478991600542 0
3683 0.5084745762725674 0.3865546218491413 0
3684 0.5084745762725394 0.4033613445382284 0
3685 0.5084745762725117 0.4201680672273153 0
3686 0.5084745762724837 0.4369747899164025 0
3687 0.5084745762724557 0.4537815126054895 0
3688 0.508474576272428 0.4705882352945766 0
3689 0.5084745762724 0.4873949579836639 0
3690 0.508474576272372 0.504201680672751 0
3691 0.5084745762723443 0.5210084033618378 0
3692 0.5084745762723163 0.537815126050925 0
3693 0.5084745762722883 0.5546218487400123 0
3694 0.5084745762722606 0.5714285714290993 0
3695 0.5084745762722326 0.5882352941181864 0
3696 0.5084745762722047 0.6050420168072733 0
3697 0.5084745762721768 0.6218487394963604 0
3698 0.5084745762721491 0.6386554621854476 0
3699 0.508474576272121 0.6554621848745347 0
3700 0.5084745762720934 0.6722689075636218 0
3701 0.5084745762720653 0.6890756302527089 0
3702 0.5084745762720376 0.7058823529417959 0
3703 0.5084745762720094 0.722689075630883 0
3704 0.5084745762719817 0.7394957983199701 0
3705 0.5084745762719537 0.756302521009057 0
3706 0.5084745762719259 0.7731092436981444 0
3707 0.508474576271898 0.7899159663872316 0
3708 0.5084745762718702 0.8067226890763184 0
3709 0.5084745762718421 0.8235294117654054 0
3710 0.5084745762718145 0.8403361344544927 0
3711 0.5084745762717864 0.8571428571435796 0
3712 0.5084745762717587 0.8739495798326667 0
3713 0.5084745762717309 0.8907563025217539 0
3714 0.5084745762717028 0.9075630252108412 0
3715 0.5084745762716748 0.9243697478999281 0
3716 0.508474576271647 0.9411764705890151 0
3717 0.5084745762716191 0.9579831932781022 0
3718 0.5084745762715913 0.9747899159671893 0
3719 0.5084745762715633 0.9915966386562711 0
3720 0.5084745762715354 1.008403361345334 0
3721 0.5084745762715074 1.025210084034377 0
3722 0.5084745762714796 1.042016806723415 0
3723 0.5084745762714519 1.058823529412453 0
3724 0.5084745762714239 1.075630252101492 0
3725 0.5084745762713959 1.09243697479053 0
3726 0.5084745762713682 1.109243697479568 0
3727 0.5084745762713402 1.126050420168606 0
3728 0.5084745762713124 1.142857142857644 0
3729 0.5084745762712845 1.159663865546682 0
3730 0.5084745762712565 1.17647058823572 0
3731 0.5084745762712287 1.193277310924758 0
3732 0.5084745762712007 1.210084033613797 0
3733 0.508474576271173 1.226890756302835 0
3734 0.508474576271145 1.243697478991873 0
3735 0.508474576271117 1.260504201680911 0
3736 0.5084745762710893 1.277310924369949 0
3737 0.5084745762710613 1.294117647058987 0
3738 0.5084745762710335 1.310924369748026 0
3739 0.5084745762710056 1.327731092437064 0
3740 0.5084745762709778 1.344537815126102 0
3741 0.5084745762709498 1.36134453781514 0
3742 0.5084745762709219 1.378151260504178 0
3743 0.5084745762708941 1.394957983193216 0
3744 0.5084745762708661 1.411764705882254 0
3745 0.5084745762708384 1.428571428571292 0
3746 0.5084745762708104 1.445378151260331 0
3747 0.5084745762707824 1.462184873949369 0
3748 0.5084745762707547 1.478991596638407 0
3749 0.5084745762707267 1.495798319327445 0
3750 0.5084745762706987 1.512605042016483 0
3751 0.5084745762706709 1.529411764705521 0
3752 0.508474576270643 1.546218487394559 0
3753 0.5084745762706152 1.563025210083597 0
3754 0.5084745762705872 1.579831932772636 0
3755 0.5084745762705595 1.596638655461674 0
3756 0.5084745762705315 1.613445378150712 0
3757 0.5084745762705035 1.63025210083975 0
3758 0.5084745762704758 1.647058823528788 0
3759 0.5084745762704478 1.663865546217826 0
3760 0.5084745762704198 1.680672268906864 0
3761 0.5084745762703921 1.697478991595903 0
3762 0.5084745762703641 1.714285714284941 0
3763 0.5084745762703361 1.731092436973978 0
3764 0.5084745762703083 1.747899159663036 0
3765 0.5084745762702804 1.764705882352139 0
3766 0.5084745762702526 1.781512605041271 0
3767 0.5084745762702246 1.798319327730404 0
3768 0.5084745762701969 1.815126050419537 0
3769 0.5084745762701689 1.83193277310867 0
3770 0.5084745762701409 1.848739495797803 0
3771 0.5084745762701132 1.865546218486936 0
3772 0.5084745762700852 1.882352941176069 0
3773 0.5084745762700574 1.899159663865202 0
3774 0.5084745762700295 1.915966386554335 0
3775 0.5084745762700015 1.932773109243468 0
3776 0.5084745762699737 1.949579831932601 0
3777 0.5084745762699457 1.966386554621734 0
3778 0.508474576269918 1.983193277310867 0
3779 0.4915254237308314 0.01680672268909375 0
3780 0.4915254237308033 0.03361344537818768 0
3781 0.4915254237307751 0.05042016806728145 0
3782 0.491525423730747 0.06722689075637434 0
3783 0.4915254237307192 0.08403361344546578 0
3784 0.491525423730691 0.1008403361345567 0
3785 0.491525423730663 0.1176470588236484 0
3786 0.4915254237306349 0.1344537815127426 0
3787 0.4915254237306068 0.151260504201839 0
3788 0.4915254237305787 0.168067226890936 0
3789 0.4915254237305506 0.1848739495800329 0
3790 0.4915254237305227 0.2016806722691297 0
3791 0.4915254237304946 0.2184873949582266 0
3792 0.4915254237304665 0.2352941176473235 0
3793 0.4915254237304384 0.2521008403364167 0
3794 0.4915254237304103 0.2689075630255042 0
3795 0.4915254237303822 0.2857142857145893 0
3796 0.4915254237303541 0.3025210084036742 0
3797 0.4915254237303262 0.3193277310927592 0
3798 0.4915254237302981 0.3361344537818445 0
3799 0.4915254237302701 0.3529411764709295 0
3800 0.491525423730242 0.3697478991600146 0
3801 0.4915254237302139 0.3865546218490997 0
3802 0.4915254237301859 0.4033613445381847 0
3803 0.4915254237301578 0.4201680672272698 0
3804 0.4915254237301296 0.4369747899163547 0
3805 0.4915254237301016 0.4537815126054399 0
3806 0.4915254237300736 0.470588235294525 0
3807 0.4915254237300454 0.4873949579836102 0
3808 0.4915254237300174 0.5042016806726952 0
3809 0.4915254237299893 0.5210084033617801 0
3810 0.4915254237299612 0.5378151260508652 0
3811 0.4915254237299332 0.5546218487399504 0
3812 0.4915254237299052 0.5714285714290354 0
3813 0.4915254237298771 0.5882352941181207 0
3814 0.4915254237298491 0.6050420168072056 0
3815 0.4915254237298209 0.6218487394962905 0
3816 0.4915254237297929 0.6386554621853756 0
3817 0.4915254237297648 0.655462184874461 0
3818 0.4915254237297366 0.6722689075635458 0
3819 0.4915254237297088 0.689075630252631 0
3820 0.4915254237296806 0.705882352941716 0
3821 0.4915254237296525 0.7226890756308011 0
3822 0.4915254237296244 0.739495798319886 0
3823 0.4915254237295964 0.7563025210089711 0
3824 0.4915254237295683 0.7731092436980562 0
3825 0.4915254237295403 0.7899159663871415 0
3826 0.4915254237295122 0.8067226890762265 0
3827 0.4915254237294841 0.8235294117653117 0
3828 0.4915254237294561 0.8403361344543964 0
3829 0.4915254237294281 0.8571428571434815 0
3830 0.4915254237294 0.8739495798325668 0
3831 0.4915254237293719 0.8907563025216517 0
3832 0.4915254237293438 0.9075630252107368 0
3833 0.4915254237293157 0.924369747899822 0
3834 0.4915254237292878 0.941176470588907 0
3835 0.4915254237292597 0.9579831932779919 0
3836 0.4915254237292316 0.974789915967077 0
3837 0.4915254237292035 0.9915966386561574 0
3838 0.4915254237291754 1.00840336134522 0
3839 0.4915254237291473 1.025210084034266 0
3840 0.4915254237291192 1.042016806723307 0
3841 0.4915254237290912 1.058823529412347 0
3842 0.4915254237290632 1.075630252101389 0
3843 0.4915254237290351 1.092436974790429 0
3844 0.4915254237290071 1.10924369747947 0
3845 0.4915254237289789 1.126050420168512 0
3846 0.4915254237289509 1.142857142857552 0
3847 0.4915254237289228 1.159663865546593 0
3848 0.4915254237288947 1.176470588235633 0
3849 0.4915254237288668 1.193277310924675 0
3850 0.4915254237288386 1.210084033613715 0
3851 0.4915254237288106 1.226890756302757 0
3852 0.4915254237287825 1.243697478991797 0
3853 0.4915254237287544 1.260504201680838 0
3854 0.4915254237287263 1.277310924369879 0
3855 0.4915254237286982 1.29411764705892 0
3856 0.4915254237286703 1.310924369747961 0
3857 0.4915254237286422 1.327731092437002 0
3858 0.4915254237286141 1.344537815126043 0
3859 0.4915254237285861 1.361344537815083 0
3860 0.4915254237285579 1.378151260504124 0
3861 0.4915254237285299 1.394957983193165 0
3862 0.4915254237285017 1.411764705882206 0
3863 0.4915254237284737 1.428571428571247 0
3864 0.4915254237284458 1.445378151260288 0
3865 0.4915254237284176 1.462184873949329 0
3866 0.4915254237283896 1.47899159663837 0
3867 0.4915254237283615 1.49579831932741 0
3868 0.4915254237283334 1.512605042016451 0
3869 0.4915254237283054 1.529411764705492 0
3870 0.4915254237282772 1.546218487394533 0
3871 0.4915254237282493 1.563025210083574 0
3872 0.4915254237282211 1.579831932772615 0
3873 0.4915254237281931 1.596638655461655 0
3874 0.491525423728165 1.613445378150696 0
3875 0.4915254237281369 1.630252100839737 0
3876 0.4915254237281089 1.647058823528778 0
3877 0.4915254237280808 1.663865546217819 0
3878 0.4915254237280527 1.68067226890686 0
3879 0.4915254237280248 1.6974789915959 0
3880 0.4915254237279966 1.714285714284941 0
3881 0.4915254237279686 1.731092436973982 0
3882 0.4915254237279406 1.747899159663041 0
3883 0.4915254237279124 1.764705882352146 0
3884 0.4915254237278844 1.781512605041276 0
3885 0.4915254237278562 1.798319327730409 0
3886 0.4915254237278283 1.815126050419542 0
3887 0.4915254237278002 1.831932773108674 0
3888 0.4915254237277721 1.848739495797807 0
3889 0.491525423727744 1.86554621848694 0
3890 0.4915254237277159 1.882352941176072 0
3891 0.4915254237276879 1.899159663865205 0
3892 0.4915254237276599 1.915966386554337 0
3893 0.4915254237276317 1.93277310924347 0
3894 0.4915254237276037 1.949579831932602 0
3895 0.4915254237275756 1.966386554621735 0
3896 0.4915254237275476 1.983193277310868 0
3897 0.4745762711883891 0.01680672268909203 0
3898 0.474576271188362 0.03361344537818424 0
3899 0.4745762711883348 0.05042016806727627 0
3900 0.4745762711883079 0.0672268907563674 0
3901 0.4745762711882807 0.08403361344545704 0
3902 0.4745762711882537 0.1008403361345462 0
3903 0.4745762711882267 0.117647058823636 0
3904 0.4745762711881996 0.1344537815127286 0
3905 0.4745762711881725 0.1512605042018232 0
3906 0.4745762711881455 0.1680672268909187 0
3907 0.4745762711881185 0.1848739495800139 0
3908 0.4745762711880914 0.2016806722691092 0
3909 0.4745762711880642 0.2184873949582045 0
3910 0.4745762711880372 0.2352941176472996 0
3911 0.4745762711880102 0.2521008403363911 0
3912 0.4745762711879831 0.2689075630254767 0
3913 0.4745762711879561 0.2857142857145598 0
3914 0.4745762711879289 0.3025210084036427 0
3915 0.4745762711879018 0.3193277310927257 0
3916 0.4745762711878748 0.3361344537818088 0
3917 0.4745762711878477 0.352941176470892 0
3918 0.4745762711878208 0.369747899159975 0
3919 0.4745762711877937 0.386554621849058 0
3920 0.4745762711877667 0.4033613445381411 0
3921 0.4745762711877396 0.4201680672272241 0
3922 0.4745762711877126 0.4369747899163071 0
3923 0.4745762711876855 0.4537815126053903 0
3924 0.4745762711876584 0.4705882352944732 0
3925 0.4745762711876313 0.4873949579835564 0
3926 0.4745762711876043 0.5042016806726395 0
3927 0.4745762711875773 0.5210084033617224 0
3928 0.4745762711875502 0.5378151260508055 0
3929 0.4745762711875231 0.5546218487398886 0
3930 0.474576271187496 0.5714285714289714 0
3931 0.4745762711874691 0.5882352941180545 0
3932 0.4745762711874419 0.6050420168071379 0
3933 0.4745762711874149 0.6218487394962208 0
3934 0.4745762711873878 0.6386554621853037 0
3935 0.4745762711873608 0.6554621848743868 0
3936 0.4745762711873338 0.6722689075634699 0
3937 0.4745762711873067 0.689075630252553 0
3938 0.4745762711872796 0.705882352941636 0
3939 0.4745762711872525 0.7226890756307192 0
3940 0.4745762711872255 0.7394957983198021 0
3941 0.4745762711871984 0.7563025210088852 0
3942 0.4745762711871713 0.7731092436979683 0
3943 0.4745762711871441 0.7899159663870513 0
3944 0.4745762711871172 0.8067226890761343 0
3945 0.4745762711870901 0.8235294117652175 0
3946 0.4745762711870631 0.8403361344543004 0
3947 0.474576271187036 0.8571428571433833 0
3948 0.474576271187009 0.8739495798324665 0
3949 0.474576271186982 0.8907563025215496 0
3950 0.4745762711869549 0.9075630252106327 0
3951 0.4745762711869279 0.9243697478997158 0
3952 0.4745762711869008 0.9411764705887988 0
3953 0.4745762711868737 0.9579831932778817 0
3954 0.4745762711868468 0.9747899159669648 0
3955 0.4745762711868196 0.9915966386560437 0
3956 0.4745762711867926 1.008403361345107 0
3957 0.4745762711867654 1.025210084034155 0
3958 0.4745762711867384 1.042016806723199 0
3959 0.4745762711867114 1.058823529412242 0
3960 0.4745762711866843 1.075630252101286 0
3961 0.4745762711866572 1.092436974790329 0
3962 0.4745762711866301 1.109243697479373 0
3963 0.4745762711866032 1.126050420168416 0
3964 0.474576271186576 1.14285714285746 0
3965 0.4745762711865491 1.159663865546504 0
3966 0.4745762711865219 1.176470588235547 0
3967 0.4745762711864949 1.19327731092459 0
3968 0.4745762711864678 1.210084033613634 0
3969 0.4745762711864407 1.226890756302678 0
3970 0.4745762711864137 1.243697478991722 0
3971 0.4745762711863867 1.260504201680765 0
3972 0.4745762711863596 1.277310924369809 0
3973 0.4745762711863325 1.294117647058852 0
3974 0.4745762711863055 1.310924369747896 0
3975 0.4745762711862784 1.327731092436939 0
3976 0.4745762711862513 1.344537815125983 0
3977 0.4745762711862243 1.361344537815027 0
3978 0.4745762711861972 1.37815126050407 0
3979 0.4745762711861703 1.394957983193114 0
3980 0.4745762711861432 1.411764705882157 0
3981 0.4745762711861161 1.428571428571201 0
3982 0.474576271186089 1.445378151260245 0
3983 0.4745762711860619 1.462184873949288 0
3984 0.4745762711860348 1.478991596638332 0
3985 0.4745762711860079 1.495798319327375 0
3986 0.4745762711859808 1.512605042016419 0
3987 0.4745762711859537 1.529411764705463 0
3988 0.4745762711859267 1.546218487394506 0
3989 0.4745762711858996 1.56302521008355 0
3990 0.4745762711858725 1.579831932772593 0
3991 0.4745762711858454 1.596638655461637 0
3992 0.4745762711858184 1.613445378150681 0
3993 0.4745762711857913 1.630252100839724 0
3994 0.4745762711857643 1.647058823528768 0
3995 0.4745762711857373 1.663865546217811 0
3996 0.4745762711857102 1.680672268906855 0
3997 0.4745762711856831 1.697478991595898 0
3998 0.474576271185656 1.714285714284942 0
3999 0.474576271185629 1.731092436973986 0
4000 0.4745762711856019 1.747899159663047 0
4001 0.4745762711855749 1.764705882352152 0
4002 0.4745762711855479 1.781512605041282 0
4003 0.4745762711855207 1.798319327730414 0
4004 0.4745762711854937 1.815126050419546 0
4005 0.4745762711854666 1.831932773108678 0
4006 0.4745762711854395 1.848739495797811 0
4007 0.4745762711854126 1.865546218486943 0
4008 0.4745762711853855 1.882352941176075 0
4009 0.4745762711853585 1.899159663865207 0
4010 0.4745762711853314 1.915966386554339 0
4011 0.4745762711853043 1.932773109243472 0
4012 0.4745762711852772 1.949579831932604 0
4013 0.4745762711852501 1.966386554621736 0
4014 0.4745762711852231 1.983193277310868 0
4015 0.4576271186459465 0.01680672268909031 0
4016 0.4576271186459206 0.0336134453781808 0
4017 0.4576271186458946 0.05042016806727111 0
4018 0.4576271186458685 0.06722689075636046 0
4019 0.4576271186458423 0.0840336134454483 0
4020 0.4576271186458163 0.1008403361345356 0
4021 0.4576271186457903 0.1176470588236237 0
4022 0.4576271186457642 0.1344537815127145 0
4023 0.4576271186457381 0.1512605042018076 0
4024 0.4576271186457121 0.1680672268909013 0
4025 0.4576271186456859 0.184873949579995 0
4026 0.4576271186456601 0.2016806722690886 0
4027 0.4576271186456339 0.2184873949581823 0
4028 0.4576271186456079 0.2352941176472758 0
4029 0.4576271186455819 0.2521008403363655 0
4030 0.4576271186455557 0.2689075630254492 0
4031 0.4576271186455297 0.2857142857145302 0
4032 0.4576271186455036 0.3025210084036112 0
4033 0.4576271186454776 0.3193277310926921 0
4034 0.4576271186454516 0.3361344537817733 0
4035 0.4576271186454255 0.3529411764708543 0
4036 0.4576271186453995 0.3697478991599354 0
4037 0.4576271186453734 0.3865546218490165 0
4038 0.4576271186453475 0.4033613445380975 0
4039 0.4576271186453214 0.4201680672271783 0
4040 0.4576271186452954 0.4369747899162594 0
4041 0.4576271186452693 0.4537815126053406 0
4042 0.4576271186452433 0.4705882352944215 0
4043 0.4576271186452172 0.4873949579835027 0
4044 0.4576271186451911 0.5042016806725835 0
4045 0.457627118645165 0.5210084033616647 0
4046 0.4576271186451391 0.5378151260507458 0
4047 0.457627118645113 0.5546218487398267 0
4048 0.4576271186450869 0.5714285714289079 0
4049 0.4576271186450609 0.5882352941179888 0
4050 0.4576271186450347 0.6050420168070699 0
4051 0.4576271186450089 0.621848739496151 0
4052 0.4576271186449827 0.6386554621852317 0
4053 0.4576271186449567 0.6554621848743131 0
4054 0.4576271186449307 0.6722689075633942 0
4055 0.4576271186449046 0.6890756302524751 0
4056 0.4576271186448786 0.7058823529415561 0
4057 0.4576271186448525 0.7226890756306372 0
4058 0.4576271186448264 0.7394957983197181 0
4059 0.4576271186448003 0.7563025210087992 0
4060 0.4576271186447742 0.7731092436978801 0
4061 0.4576271186447483 0.7899159663869612 0
4062 0.4576271186447222 0.8067226890760424 0
4063 0.4576271186446961 0.8235294117651234 0
4064 0.4576271186446701 0.8403361344542043 0
4065 0.457627118644644 0.8571428571432852 0
4066 0.457627118644618 0.8739495798323665 0
4067 0.457627118644592 0.8907563025214474 0
4068 0.4576271186445658 0.9075630252105286 0
4069 0.45762711864454 0.9243697478996097 0
4070 0.4576271186445139 0.9411764705886905 0
4071 0.4576271186444878 0.9579831932777716 0
4072 0.4576271186444618 0.9747899159668527 0
4073 0.4576271186444357 0.9915966386559301 0
4074 0.4576271186444096 1.008403361344993 0
4075 0.4576271186443835 1.025210084034044 0
4076 0.4576271186443576 1.04201680672309 0
4077 0.4576271186443315 1.058823529412136 0
4078 0.4576271186443054 1.075630252101183 0
4079 0.4576271186442793 1.092436974790229 0
4080 0.4576271186442533 1.109243697479275 0
4081 0.4576271186442272 1.126050420168321 0
4082 0.4576271186442012 1.142857142857368 0
4083 0.4576271186441753 1.159663865546414 0
4084 0.4576271186441491 1.176470588235461 0
4085 0.4576271186441231 1.193277310924507 0
4086 0.457627118644097 1.210084033613553 0
4087 0.457627118644071 1.226890756302599 0
4088 0.4576271186440449 1.243697478991646 0
4089 0.4576271186440189 1.260504201680692 0
4090 0.4576271186439929 1.277310924369739 0
4091 0.4576271186439668 1.294117647058785 0
4092 0.4576271186439408 1.310924369747831 0
4093 0.4576271186439147 1.327731092436877 0
4094 0.4576271186438886 1.344537815125924 0
4095 0.4576271186438626 1.36134453781497 0
4096 0.4576271186438365 1.378151260504016 0
4097 0.4576271186438104 1.394957983193063 0
4098 0.4576271186437845 1.411764705882109 0
4099 0.4576271186437585 1.428571428571155 0
4100 0.4576271186437323 1.445378151260202 0
4101 0.4576271186437063 1.462184873949248 0
4102 0.4576271186436803 1.478991596638294 0
4103 0.4576271186436541 1.495798319327341 0
4104 0.4576271186436282 1.512605042016387 0
4105 0.4576271186436022 1.529411764705433 0
4106 0.457627118643576 1.54621848739448 0
4107 0.45762711864355 1.563025210083526 0
4108 0.457627118643524 1.579831932772572 0
4109 0.4576271186434978 1.596638655461618 0
4110 0.4576271186434718 1.613445378150665 0
4111 0.4576271186434457 1.630252100839711 0
4112 0.4576271186434198 1.647058823528758 0
4113 0.4576271186433937 1.663865546217804 0
4114 0.4576271186433677 1.68067226890685 0
4115 0.4576271186433416 1.697478991595897 0
4116 0.4576271186433155 1.714285714284942 0
4117 0.4576271186432895 1.731092436973989 0
4118 0.4576271186432634 1.747899159663053 0
4119 0.4576271186432374 1.764705882352157 0
4120 0.4576271186432114 1.781512605041288 0
4121 0.4576271186431854 1.79831932773042 0
4122 0.4576271186431592 1.815126050419552 0
4123 0.4576271186431332 1.831932773108683 0
4124 0.4576271186431072 1.848739495797815 0
4125 0.457627118643081 1.865546218486946 0
4126 0.4576271186430551 1.882352941176078 0
4127 0.4576271186430291 1.89915966386521 0
4128 0.457627118643003 1.915966386554341 0
4129 0.4576271186429769 1.932773109243473 0
4130 0.4576271186429509 1.949579831932605 0
4131 0.4576271186429247 1.966386554621737 0
4132 0.4576271186428987 1.983193277310868 0
4133 0.4406779661035042 0.01680672268908858 0
4134 0.440677966103479 0.03361344537817734 0
4135 0.4406779661034541 0.05042016806726594 0
4136 0.440677966103429 0.06722689075635352 0
4137 0.440677966103404 0.08403361344543958 0
4138 0.4406779661033789 0.1008403361345251 0
4139 0.4406779661033539 0.1176470588236114 0
4140 0.4406779661033289 0.1344537815127004 0
4141 0.4406779661033037 0.1512605042017918 0
4142 0.4406779661032788 0.168067226890884 0
4143 0.4406779661032537 0.184873949579976 0
4144 0.4406779661032286 0.2016806722690681 0
4145 0.4406779661032036 0.2184873949581601 0
4146 0.4406779661031786 0.235294117647252 0
4147 0.4406779661031535 0.2521008403363399 0
4148 0.4406779661031285 0.2689075630254217 0
4149 0.4406779661031035 0.2857142857145007 0
4150 0.4406779661030784 0.3025210084035796 0
4151 0.4406779661030534 0.3193277310926586 0
4152 0.4406779661030285 0.3361344537817378 0
4153 0.4406779661030032 0.3529411764708167 0
4154 0.4406779661029783 0.3697478991598958 0
4155 0.4406779661029533 0.3865546218489748 0
4156 0.4406779661029281 0.4033613445380538 0
4157 0.4406779661029031 0.4201680672271328 0
4158 0.4406779661028781 0.4369747899162117 0
4159 0.440677966102853 0.4537815126052909 0
4160 0.4406779661028279 0.4705882352943698 0
4161 0.440677966102803 0.4873949579834489 0
4162 0.440677966102778 0.504201680672528 0
4163 0.4406779661027529 0.5210084033616069 0
4164 0.4406779661027279 0.5378151260506858 0
4165 0.4406779661027028 0.5546218487397649 0
4166 0.4406779661026778 0.571428571428844 0
4167 0.4406779661026528 0.5882352941179231 0
4168 0.4406779661026278 0.605042016807002 0
4169 0.4406779661026027 0.6218487394960809 0
4170 0.4406779661025777 0.63865546218516 0
4171 0.4406779661025526 0.6554621848742391 0
4172 0.4406779661025274 0.6722689075633183 0
4173 0.4406779661025024 0.6890756302523972 0
4174 0.4406779661024774 0.7058823529414762 0
4175 0.4406779661024524 0.7226890756305553 0
4176 0.4406779661024273 0.7394957983196342 0
4177 0.4406779661024023 0.7563025210087131 0
4178 0.4406779661023773 0.7731092436977922 0
4179 0.4406779661023522 0.7899159663868714 0
4180 0.4406779661023272 0.8067226890759502 0
4181 0.4406779661023023 0.8235294117650293 0
4182 0.4406779661022771 0.8403361344541082 0
4183 0.4406779661022521 0.8571428571431871 0
4184 0.440677966102227 0.8739495798322662 0
4185 0.440677966102202 0.8907563025213455 0
4186 0.4406779661021769 0.9075630252104245 0
4187 0.4406779661021519 0.9243697478995035 0
4188 0.4406779661021268 0.9411764705885823 0
4189 0.4406779661021019 0.9579831932776615 0
4190 0.4406779661020767 0.9747899159667404 0
4191 0.4406779661020517 0.9915966386558162 0
4192 0.4406779661020267 1.00840336134488 0
4193 0.4406779661020016 1.025210084033933 0
4194 0.4406779661019767 1.042016806722981 0
4195 0.4406779661019516 1.05882352941203 0
4196 0.4406779661019266 1.07563025210108 0
4197 0.4406779661019015 1.092436974790128 0
4198 0.4406779661018764 1.109243697479178 0
4199 0.4406779661018515 1.126050420168227 0
4200 0.4406779661018264 1.142857142857276 0
4201 0.4406779661018013 1.159663865546325 0
4202 0.4406779661017762 1.176470588235374 0
4203 0.4406779661017513 1.193277310924423 0
4204 0.4406779661017263 1.210084033613472 0
4205 0.4406779661017012 1.226890756302521 0
4206 0.4406779661016761 1.24369747899157 0
4207 0.440677966101651 1.260504201680619 0
4208 0.440677966101626 1.277310924369669 0
4209 0.4406779661016009 1.294117647058717 0
4210 0.4406779661015759 1.310924369747766 0
4211 0.4406779661015509 1.327731092436816 0
4212 0.4406779661015259 1.344537815125864 0
4213 0.4406779661015009 1.361344537814913 0
4214 0.4406779661014758 1.378151260503963 0
4215 0.4406779661014507 1.394957983193012 0
4216 0.4406779661014256 1.411764705882061 0
4217 0.4406779661014006 1.42857142857111 0
4218 0.4406779661013756 1.445378151260159 0
4219 0.4406779661013506 1.462184873949208 0
4220 0.4406779661013256 1.478991596638257 0
4221 0.4406779661013006 1.495798319327306 0
4222 0.4406779661012755 1.512605042016355 0
4223 0.4406779661012504 1.529411764705404 0
4224 0.4406779661012253 1.546218487394453 0
4225 0.4406779661012004 1.563025210083502 0
4226 0.4406779661011754 1.579831932772551 0
4227 0.4406779661011503 1.5966386554616 0
4228 0.4406779661011252 1.613445378150649 0
4229 0.4406779661011001 1.630252100839699 0
4230 0.440677966101075 1.647058823528747 0
4231 0.4406779661010501 1.663865546217796 0
4232 0.4406779661010251 1.680672268906845 0
4233 0.4406779661010001 1.697478991595894 0
4234 0.440677966100975 1.714285714284943 0
4235 0.44067796610095 1.731092436973993 0
4236 0.4406779661009249 1.747899159663058 0
4237 0.4406779661008998 1.764705882352163 0
4238 0.4406779661008747 1.781512605041293 0
4239 0.4406779661008497 1.798319327730425 0
4240 0.4406779661008248 1.815126050419556 0
4241 0.4406779661007997 1.831932773108687 0
4242 0.4406779661007746 1.848739495797818 0
4243 0.4406779661007496 1.86554621848695 0
4244 0.4406779661007246 1.882352941176081 0
4245 0.4406779661006995 1.899159663865213 0
4246 0.4406779661006744 1.915966386554344 0
4247 0.4406779661006494 1.932773109243475 0
4248 0.4406779661006244 1.949579831932606 0
4249 0.4406779661005994 1.966386554621738 0
4250 0.4406779661005743 1.983193277310869 0
4251 0.4237288135610618 0.01680672268908686 0
4252 0.4237288135610378 0.0336134453781739 0
4253 0.4237288135610138 0.05042016806726077 0
4254 0.4237288135609897 0.06722689075634658 0
4255 0.4237288135609655 0.08403361344543084 0
4256 0.4237288135609417 0.1008403361345145 0
4257 0.4237288135609176 0.117647058823599 0
4258 0.4237288135608936 0.1344537815126864 0
4259 0.4237288135608696 0.1512605042017762 0
4260 0.4237288135608456 0.1680672268908667 0
4261 0.4237288135608214 0.184873949579957 0
4262 0.4237288135607974 0.2016806722690475 0
4263 0.4237288135607733 0.2184873949581379 0
4264 0.4237288135607493 0.2352941176472282 0
4265 0.4237288135607253 0.2521008403363144 0
4266 0.4237288135607013 0.2689075630253942 0
4267 0.4237288135606772 0.2857142857144712 0
4268 0.4237288135606532 0.3025210084035481 0
4269 0.4237288135606292 0.3193277310926251 0
4270 0.4237288135606052 0.3361344537817021 0
4271 0.4237288135605811 0.3529411764707792 0
4272 0.4237288135605571 0.3697478991598562 0
4273 0.4237288135605332 0.3865546218489332 0
4274 0.423728813560509 0.4033613445380101 0
4275 0.4237288135604851 0.420168067227087 0
4276 0.4237288135604609 0.4369747899161641 0
4277 0.4237288135604369 0.4537815126052411 0
4278 0.4237288135604129 0.470588235294318 0
4279 0.4237288135603888 0.4873949579833952 0
4280 0.4237288135603647 0.5042016806724721 0
4281 0.4237288135603408 0.5210084033615492 0
4282 0.4237288135603168 0.5378151260506261 0
4283 0.4237288135602927 0.5546218487397032 0
4284 0.4237288135602687 0.57142857142878 0
4285 0.4237288135602447 0.5882352941178574 0
4286 0.4237288135602206 0.605042016806934 0
4287 0.4237288135601966 0.6218487394960112 0
4288 0.4237288135601727 0.6386554621850883 0
4289 0.4237288135601487 0.6554621848741652 0
4290 0.4237288135601245 0.6722689075632423 0
4291 0.4237288135601005 0.6890756302523192 0
4292 0.4237288135600764 0.7058823529413962 0
4293 0.4237288135600524 0.7226890756304731 0
4294 0.4237288135600283 0.7394957983195503 0
4295 0.4237288135600044 0.7563025210086272 0
4296 0.4237288135599803 0.7731092436977043 0
4297 0.4237288135599562 0.7899159663867813 0
4298 0.4237288135599322 0.8067226890758583 0
4299 0.4237288135599082 0.8235294117649351 0
4300 0.4237288135598842 0.8403361344540122 0
4301 0.4237288135598601 0.8571428571430894 0
4302 0.4237288135598362 0.8739495798321661 0
4303 0.4237288135598121 0.8907563025212432 0
4304 0.4237288135597881 0.9075630252103202 0
4305 0.423728813559764 0.9243697478993972 0
4306 0.4237288135597399 0.9411764705884742 0
4307 0.4237288135597159 0.9579831932775511 0
4308 0.4237288135596919 0.9747899159666282 0
4309 0.4237288135596678 0.9915966386557025 0
4310 0.4237288135596439 1.008403361344767 0
4311 0.4237288135596198 1.025210084033821 0
4312 0.4237288135595958 1.042016806722873 0
4313 0.4237288135595718 1.058823529411925 0
4314 0.4237288135595477 1.075630252100977 0
4315 0.4237288135595236 1.092436974790028 0
4316 0.4237288135594997 1.10924369747908 0
4317 0.4237288135594757 1.126050420168132 0
4318 0.4237288135594517 1.142857142857184 0
4319 0.4237288135594275 1.159663865546236 0
4320 0.4237288135594035 1.176470588235287 0
4321 0.4237288135593795 1.193277310924339 0
4322 0.4237288135593554 1.210084033613391 0
4323 0.4237288135593315 1.226890756302443 0
4324 0.4237288135593074 1.243697478991494 0
4325 0.4237288135592834 1.260504201680546 0
4326 0.4237288135592593 1.277310924369598 0
4327 0.4237288135592353 1.29411764705865 0
4328 0.4237288135592112 1.310924369747702 0
4329 0.4237288135591872 1.327731092436753 0
4330 0.4237288135591633 1.344537815125805 0
4331 0.4237288135591392 1.361344537814857 0
4332 0.4237288135591151 1.378151260503909 0
4333 0.4237288135590911 1.394957983192961 0
4334 0.4237288135590671 1.411764705882012 0
4335 0.4237288135590429 1.428571428571064 0
4336 0.4237288135590189 1.445378151260116 0
4337 0.4237288135589949 1.462184873949168 0
4338 0.423728813558971 1.478991596638219 0
4339 0.4237288135589469 1.495798319327271 0
4340 0.4237288135589229 1.512605042016323 0
4341 0.4237288135588988 1.529411764705375 0
4342 0.4237288135588748 1.546218487394427 0
4343 0.4237288135588507 1.563025210083478 0
4344 0.4237288135588267 1.57983193277253 0
4345 0.4237288135588027 1.596638655461582 0
4346 0.4237288135587787 1.613445378150634 0
4347 0.4237288135587547 1.630252100839685 0
4348 0.4237288135587305 1.647058823528737 0
4349 0.4237288135587065 1.663865546217789 0
4350 0.4237288135586825 1.68067226890684 0
4351 0.4237288135586585 1.697478991595892 0
4352 0.4237288135586345 1.714285714284944 0
4353 0.4237288135586104 1.731092436973996 0
4354 0.4237288135585864 1.747899159663063 0
4355 0.4237288135585624 1.764705882352169 0
4356 0.4237288135585383 1.781512605041299 0
4357 0.4237288135585143 1.79831932773043 0
4358 0.4237288135584902 1.81512605041956 0
4359 0.4237288135584663 1.831932773108692 0
4360 0.4237288135584422 1.848739495797823 0
4361 0.4237288135584181 1.865546218486953 0
4362 0.4237288135583941 1.882352941176084 0
4363 0.4237288135583701 1.899159663865215 0
4364 0.423728813558346 1.915966386554346 0
4365 0.4237288135583219 1.932773109243477 0
4366 0.4237288135582979 1.949579831932608 0
4367 0.423728813558274 1.966386554621739 0
4368 0.42372881355825 1.983193277310869 0
4369 0.4067796610186193 0.01680672268908514 0
4370 0.4067796610185963 0.03361344537817046 0
4371 0.4067796610185732 0.05042016806725559 0
4372 0.4067796610185502 0.06722689075633964 0
4373 0.4067796610185272 0.0840336134454221 0
4374 0.4067796610185043 0.100840336134504 0
4375 0.4067796610184812 0.1176470588235867 0
4376 0.4067796610184582 0.1344537815126723 0
4377 0.4067796610184351 0.1512605042017605 0
4378 0.4067796610184121 0.1680672268908494 0
4379 0.4067796610183892 0.1848739495799381 0
4380 0.406779661018366 0.2016806722690269 0
4381 0.4067796610183431 0.2184873949581157 0
4382 0.4067796610183201 0.2352941176472044 0
4383 0.4067796610182969 0.2521008403362889 0
4384 0.4067796610182741 0.2689075630253667 0
4385 0.4067796610182509 0.2857142857144416 0
4386 0.4067796610182279 0.3025210084035166 0
4387 0.406779661018205 0.3193277310925915 0
4388 0.4067796610181819 0.3361344537816666 0
4389 0.4067796610181589 0.3529411764707415 0
4390 0.4067796610181359 0.3697478991598167 0
4391 0.4067796610181129 0.3865546218488915 0
4392 0.4067796610180897 0.4033613445379665 0
4393 0.4067796610180668 0.4201680672270415 0
4394 0.4067796610180438 0.4369747899161164 0
4395 0.4067796610180208 0.4537815126051916 0
4396 0.4067796610179977 0.4705882352942664 0
4397 0.4067796610179746 0.4873949579833415 0
4398 0.4067796610179516 0.5042016806724166 0
4399 0.4067796610179286 0.5210084033614915 0
4400 0.4067796610179055 0.5378151260505664 0
4401 0.4067796610178825 0.5546218487396415 0
4402 0.4067796610178596 0.5714285714287163 0
4403 0.4067796610178366 0.5882352941177914 0
4404 0.4067796610178135 0.6050420168068663 0
4405 0.4067796610177905 0.6218487394959414 0
4406 0.4067796610177675 0.6386554621850163 0
4407 0.4067796610177445 0.6554621848740915 0
4408 0.4067796610177213 0.6722689075631664 0
4409 0.4067796610176985 0.6890756302522413 0
4410 0.4067796610176754 0.7058823529413163 0
4411 0.4067796610176523 0.7226890756303912 0
4412 0.4067796610176293 0.7394957983194661 0
4413 0.4067796610176063 0.7563025210085412 0
4414 0.4067796610175832 0.7731092436976161 0
4415 0.4067796610175602 0.7899159663866911 0
4416 0.4067796610175373 0.8067226890757662 0
4417 0.4067796610175142 0.8235294117648412 0
4418 0.4067796610174911 0.8403361344539161 0
4419 0.4067796610174681 0.8571428571429913 0
4420 0.4067796610174451 0.8739495798320661 0
4421 0.4067796610174221 0.8907563025211412 0
4422 0.406779661017399 0.907563025210216 0
4423 0.4067796610173761 0.924369747899291 0
4424 0.406779661017353 0.9411764705883661 0
4425 0.40677966101733 0.957983193277441 0
4426 0.4067796610173069 0.9747899159665161 0
4427 0.4067796610172839 0.9915966386555888 0
4428 0.4067796610172609 1.008403361344653 0
4429 0.4067796610172379 1.02521008403371 0
4430 0.4067796610172149 1.042016806722764 0
4431 0.4067796610171918 1.058823529411819 0
4432 0.4067796610171688 1.075630252100874 0
4433 0.4067796610171458 1.092436974789928 0
4434 0.4067796610171228 1.109243697478983 0
4435 0.4067796610170997 1.126050420168037 0
4436 0.4067796610170767 1.142857142857092 0
4437 0.4067796610170537 1.159663865546146 0
4438 0.4067796610170307 1.176470588235201 0
4439 0.4067796610170077 1.193277310924256 0
4440 0.4067796610169846 1.21008403361331 0
4441 0.4067796610169616 1.226890756302364 0
4442 0.4067796610169386 1.243697478991419 0
4443 0.4067796610169155 1.260504201680474 0
4444 0.4067796610168926 1.277310924369527 0
4445 0.4067796610168696 1.294117647058582 0
4446 0.4067796610168465 1.310924369747637 0
4447 0.4067796610168234 1.327731092436691 0
4448 0.4067796610168004 1.344537815125746 0
4449 0.4067796610167774 1.3613445378148 0
4450 0.4067796610167543 1.378151260503855 0
4451 0.4067796610167314 1.394957983192909 0
4452 0.4067796610167084 1.411764705881964 0
4453 0.4067796610166853 1.428571428571018 0
4454 0.4067796610166623 1.445378151260073 0
4455 0.4067796610166392 1.462184873949127 0
4456 0.4067796610166162 1.478991596638182 0
4457 0.4067796610165932 1.495798319327236 0
4458 0.4067796610165703 1.512605042016291 0
4459 0.4067796610165472 1.529411764705346 0
4460 0.4067796610165241 1.5462184873944 0
4461 0.4067796610165011 1.563025210083454 0
4462 0.4067796610164781 1.579831932772509 0
4463 0.406779661016455 1.596638655461563 0
4464 0.406779661016432 1.613445378150618 0
4465 0.4067796610164091 1.630252100839672 0
4466 0.406779661016386 1.647058823528727 0
4467 0.4067796610163629 1.663865546217781 0
4468 0.40677966101634 1.680672268906836 0
4469 0.4067796610163169 1.69747899159589 0
4470 0.4067796610162938 1.714285714284945 0
4471 0.4067796610162708 1.731092436973999 0
4472 0.4067796610162479 1.747899159663069 0
4473 0.4067796610162248 1.764705882352176 0
4474 0.4067796610162019 1.781512605041304 0
4475 0.4067796610161788 1.798319327730435 0
4476 0.4067796610161557 1.815126050419566 0
4477 0.4067796610161326 1.831932773108696 0
4478 0.4067796610161097 1.848739495797826 0
4479 0.4067796610160866 1.865546218486956 0
4480 0.4067796610160636 1.882352941176087 0
4481 0.4067796610160406 1.899159663865218 0
4482 0.4067796610160176 1.915966386554348 0
4483 0.4067796610159945 1.932773109243478 0
4484 0.4067796610159715 1.949579831932609 0
4485 0.4067796610159485 1.96638655462174 0
4486 0.4067796610159254 1.98319327731087 0
4487 0.3898305084761768 0.01680672268908341 0
4488 0.3898305084761547 0.033613445378167 0
4489 0.3898305084761329 0.05042016806725043 0
4490 0.3898305084761108 0.06722689075633273 0
4491 0.3898305084760888 0.08403361344541335 0
4492 0.3898305084760668 0.1008403361344934 0
4493 0.3898305084760447 0.1176470588235743 0
4494 0.3898305084760227 0.1344537815126582 0
4495 0.3898305084760008 0.1512605042017447 0
4496 0.3898305084759786 0.168067226890832 0
4497 0.3898305084759567 0.1848739495799192 0
4498 0.3898305084759347 0.2016806722690063 0
4499 0.3898305084759126 0.2184873949580934 0
4500 0.3898305084758906 0.2352941176471806 0
4501 0.3898305084758686 0.2521008403362633 0
4502 0.3898305084758465 0.2689075630253391 0
4503 0.3898305084758246 0.2857142857144121 0
4504 0.3898305084758026 0.3025210084034851 0
4505 0.3898305084757805 0.319327731092558 0
4506 0.3898305084757585 0.336134453781631 0
4507 0.3898305084757366 0.352941176470704 0
4508 0.3898305084757145 0.3697478991597769 0
4509 0.3898305084756926 0.38655462184885 0
4510 0.3898305084756705 0.4033613445379228 0
4511 0.3898305084756485 0.4201680672269958 0
4512 0.3898305084756264 0.4369747899160688 0
4513 0.3898305084756044 0.4537815126051419 0
4514 0.3898305084755824 0.4705882352942147 0
4515 0.3898305084755603 0.4873949579832877 0
4516 0.3898305084755384 0.5042016806723606 0
4517 0.3898305084755163 0.5210084033614337 0
4518 0.3898305084754943 0.5378151260505064 0
4519 0.3898305084754723 0.5546218487395798 0
4520 0.3898305084754503 0.5714285714286526 0
4521 0.3898305084754283 0.5882352941177255 0
4522 0.3898305084754062 0.6050420168067986 0
4523 0.3898305084753843 0.6218487394958713 0
4524 0.3898305084753623 0.6386554621849444 0
4525 0.3898305084753403 0.6554621848740173 0
4526 0.3898305084753183 0.6722689075630904 0
4527 0.3898305084752963 0.6890756302521636 0
4528 0.3898305084752742 0.7058823529412364 0
4529 0.3898305084752521 0.7226890756303093 0
4530 0.3898305084752302 0.7394957983193822 0
4531 0.3898305084752082 0.7563025210084551 0
4532 0.3898305084751862 0.7731092436975282 0
4533 0.3898305084751642 0.789915966386601 0
4534 0.389830508475142 0.806722689075674 0
4535 0.3898305084751201 0.8235294117647473 0
4536 0.389830508475098 0.84033613445382 0
4537 0.3898305084750761 0.857142857142893 0
4538 0.3898305084750541 0.873949579831966 0
4539 0.389830508475032 0.8907563025210392 0
4540 0.38983050847501 0.907563025210112 0
4541 0.389830508474988 0.9243697478991847 0
4542 0.3898305084749659 0.9411764705882579 0
4543 0.3898305084749439 0.9579831932773308 0
4544 0.389830508474922 0.9747899159664037 0
4545 0.3898305084748999 0.9915966386554751 0
4546 0.3898305084748779 1.00840336134454 0
4547 0.3898305084748559 1.025210084033599 0
4548 0.3898305084748339 1.042016806722656 0
4549 0.3898305084748119 1.058823529411713 0
4550 0.3898305084747898 1.075630252100771 0
4551 0.3898305084747679 1.092436974789828 0
4552 0.3898305084747458 1.109243697478886 0
4553 0.3898305084747238 1.126050420167942 0
4554 0.3898305084747018 1.142857142857 0
4555 0.3898305084746798 1.159663865546057 0
4556 0.3898305084746577 1.176470588235114 0
4557 0.3898305084746357 1.193277310924171 0
4558 0.3898305084746138 1.210084033613229 0
4559 0.3898305084745918 1.226890756302286 0
4560 0.3898305084745697 1.243697478991343 0
4561 0.3898305084745476 1.260504201680401 0
4562 0.3898305084745256 1.277310924369458 0
4563 0.3898305084745037 1.294117647058515 0
4564 0.3898305084744816 1.310924369747572 0
4565 0.3898305084744597 1.327731092436629 0
4566 0.3898305084744376 1.344537815125687 0
4567 0.3898305084744156 1.361344537814744 0
4568 0.3898305084743936 1.378151260503801 0
4569 0.3898305084743716 1.394957983192858 0
4570 0.3898305084743495 1.411764705881915 0
4571 0.3898305084743275 1.428571428570973 0
4572 0.3898305084743056 1.44537815126003 0
4573 0.3898305084742835 1.462184873949087 0
4574 0.3898305084742615 1.478991596638144 0
4575 0.3898305084742395 1.495798319327201 0
4576 0.3898305084742174 1.512605042016259 0
4577 0.3898305084741954 1.529411764705316 0
4578 0.3898305084741734 1.546218487394374 0
4579 0.3898305084741515 1.56302521008343 0
4580 0.3898305084741295 1.579831932772488 0
4581 0.3898305084741074 1.596638655461544 0
4582 0.3898305084740854 1.613445378150602 0
4583 0.3898305084740633 1.63025210083966 0
4584 0.3898305084740413 1.647058823528717 0
4585 0.3898305084740193 1.663865546217774 0
4586 0.3898305084739974 1.680672268906831 0
4587 0.3898305084739753 1.697478991595887 0
4588 0.3898305084739533 1.714285714284945 0
4589 0.3898305084739312 1.731092436974002 0
4590 0.3898305084739092 1.747899159663074 0
4591 0.3898305084738872 1.764705882352182 0
4592 0.3898305084738652 1.781512605041311 0
4593 0.3898305084738433 1.798319327730441 0
4594 0.3898305084738212 1.81512605041957 0
4595 0.3898305084737992 1.831932773108701 0
4596 0.3898305084737771 1.84873949579783 0
4597 0.3898305084737551 1.86554621848696 0
4598 0.3898305084737331 1.88235294117609 0
4599 0.3898305084737111 1.899159663865221 0
4600 0.3898305084736892 1.91596638655435 0
4601 0.3898305084736671 1.93277310924348 0
4602 0.3898305084736451 1.94957983193261 0
4603 0.389830508473623 1.966386554621741 0
4604 0.389830508473601 1.98319327731087 0
4605 0.3728813559337344 0.01680672268908168 0
4606 0.3728813559337135 0.03361344537816356 0
4607 0.3728813559336925 0.05042016806724525 0
4608 0.3728813559336715 0.06722689075632579 0
4609 0.3728813559336505 0.08403361344540461 0
4610 0.3728813559336295 0.1008403361344828 0
4611 0.3728813559336085 0.117647058823562 0
4612 0.3728813559335875 0.1344537815126442 0
4613 0.3728813559335664 0.151260504201729 0
4614 0.3728813559335454 0.1680672268908146 0
4615 0.3728813559335244 0.1848739495799002 0
4616 0.3728813559335034 0.2016806722689858 0
4617 0.3728813559334824 0.2184873949580713 0
4618 0.3728813559334612 0.2352941176471567 0
4619 0.3728813559334404 0.2521008403362377 0
4620 0.3728813559334194 0.2689075630253116 0
4621 0.3728813559333983 0.2857142857143826 0
4622 0.3728813559333772 0.3025210084034535 0
4623 0.3728813559333563 0.3193277310925245 0
4624 0.3728813559333353 0.3361344537815955 0
4625 0.3728813559333143 0.3529411764706664 0
4626 0.3728813559332933 0.3697478991597374 0
4627 0.3728813559332723 0.3865546218488082 0
4628 0.3728813559332513 0.4033613445378792 0
4629 0.3728813559332302 0.42016806722695 0
4630 0.3728813559332093 0.4369747899160211 0
4631 0.3728813559331883 0.4537815126050921 0
4632 0.3728813559331673 0.470588235294163 0
4633 0.3728813559331463 0.487394957983234 0
4634 0.3728813559331253 0.5042016806723051 0
4635 0.3728813559331043 0.521008403361376 0
4636 0.3728813559330834 0.5378151260504469 0
4637 0.3728813559330623 0.5546218487395178 0
4638 0.3728813559330413 0.5714285714285886 0
4639 0.3728813559330202 0.5882352941176597 0
4640 0.3728813559329993 0.6050420168067306 0
4641 0.3728813559329782 0.6218487394958016 0
4642 0.3728813559329572 0.6386554621848725 0
4643 0.3728813559329361 0.6554621848739436 0
4644 0.3728813559329152 0.6722689075630145 0
4645 0.3728813559328942 0.6890756302520854 0
4646 0.3728813559328732 0.7058823529411564 0
4647 0.3728813559328522 0.7226890756302273 0
4648 0.3728813559328312 0.7394957983192982 0
4649 0.3728813559328101 0.7563025210083691 0
4650 0.3728813559327893 0.7731092436974403 0
4651 0.3728813559327682 0.7899159663865113 0
4652 0.3728813559327471 0.8067226890755821 0
4653 0.3728813559327262 0.823529411764653 0
4654 0.3728813559327051 0.840336134453724 0
4655 0.3728813559326842 0.8571428571427949 0
4656 0.3728813559326631 0.8739495798318662 0
4657 0.372881355932642 0.8907563025209366 0
4658 0.3728813559326211 0.9075630252100076 0
4659 0.3728813559326001 0.9243697478990788 0
4660 0.372881355932579 0.9411764705881496 0
4661 0.372881355932558 0.9579831932772205 0
4662 0.372881355932537 0.9747899159662914 0
4663 0.3728813559325161 0.9915966386553614 0
4664 0.3728813559324951 1.008403361344427 0
4665 0.3728813559324741 1.025210084033488 0
4666 0.3728813559324531 1.042016806722547 0
4667 0.372881355932432 1.058823529411608 0
4668 0.3728813559324111 1.075630252100668 0
4669 0.37288135593239 1.092436974789728 0
4670 0.372881355932369 1.109243697478788 0
4671 0.3728813559323479 1.126050420167848 0
4672 0.372881355932327 1.142857142856907 0
4673 0.372881355932306 1.159663865545967 0
4674 0.3728813559322849 1.176470588235028 0
4675 0.3728813559322639 1.193277310924088 0
4676 0.3728813559322429 1.210084033613148 0
4677 0.3728813559322219 1.226890756302208 0
4678 0.372881355932201 1.243697478991267 0
4679 0.37288135593218 1.260504201680327 0
4680 0.3728813559321589 1.277310924369387 0
4681 0.3728813559321379 1.294117647058447 0
4682 0.3728813559321169 1.310924369747507 0
4683 0.3728813559320958 1.327731092436567 0
4684 0.3728813559320749 1.344537815125627 0
4685 0.3728813559320538 1.361344537814687 0
4686 0.3728813559320329 1.378151260503747 0
4687 0.3728813559320119 1.394957983192807 0
4688 0.3728813559319908 1.411764705881867 0
4689 0.3728813559319699 1.428571428570927 0
4690 0.3728813559319488 1.445378151259987 0
4691 0.3728813559319278 1.462184873949047 0
4692 0.3728813559319069 1.478991596638107 0
4693 0.3728813559318859 1.495798319327167 0
4694 0.3728813559318648 1.512605042016227 0
4695 0.3728813559318438 1.529411764705287 0
4696 0.3728813559318228 1.546218487394347 0
4697 0.3728813559318018 1.563025210083406 0
4698 0.3728813559317807 1.579831932772466 0
4699 0.3728813559317598 1.596638655461526 0
4700 0.3728813559317388 1.613445378150587 0
4701 0.3728813559317178 1.630252100839646 0
4702 0.3728813559316968 1.647058823528706 0
4703 0.3728813559316757 1.663865546217767 0
4704 0.3728813559316548 1.680672268906826 0
4705 0.3728813559316337 1.697478991595886 0
4706 0.3728813559316126 1.714285714284946 0
4707 0.3728813559315918 1.731092436974006 0
4708 0.3728813559315707 1.74789915966308 0
4709 0.3728813559315497 1.764705882352188 0
4710 0.3728813559315287 1.781512605041316 0
4711 0.3728813559315076 1.798319327730445 0
4712 0.3728813559314867 1.815126050419575 0
4713 0.3728813559314657 1.831932773108705 0
4714 0.3728813559314447 1.848739495797834 0
4715 0.3728813559314237 1.865546218486964 0
4716 0.3728813559314026 1.882352941176094 0
4717 0.3728813559313816 1.899159663865223 0
4718 0.3728813559313606 1.915966386554353 0
4719 0.3728813559313396 1.932773109243482 0
4720 0.3728813559313187 1.949579831932612 0
4721 0.3728813559312976 1.966386554621741 0
4722 0.3728813559312766 1.983193277310871 0
4723 0.3559322033912921 0.01680672268907996 0
4724 0.3559322033912721 0.03361344537816012 0
4725 0.355932203391252 0.05042016806724009 0
4726 0.3559322033912321 0.06722689075631885 0
4727 0.3559322033912121 0.08403361344539589 0
4728 0.355932203391192 0.1008403361344723 0
4729 0.355932203391172 0.1176470588235496 0
4730 0.3559322033911521 0.1344537815126301 0
4731 0.3559322033911321 0.1512605042017133 0
4732 0.355932203391112 0.1680672268907973 0
4733 0.3559322033910921 0.1848739495798813 0
4734 0.355932203391072 0.2016806722689652 0
4735 0.355932203391052 0.2184873949580491 0
4736 0.3559322033910322 0.2352941176471329 0
4737 0.3559322033910119 0.2521008403362122 0
4738 0.355932203390992 0.2689075630252842 0
4739 0.3559322033909721 0.285714285714353 0
4740 0.355932203390952 0.3025210084034219 0
4741 0.355932203390932 0.3193277310924909 0
4742 0.355932203390912 0.3361344537815599 0
4743 0.355932203390892 0.3529411764706288 0
4744 0.3559322033908721 0.3697478991596977 0
4745 0.3559322033908521 0.3865546218487667 0
4746 0.3559322033908321 0.4033613445378356 0
4747 0.3559322033908121 0.4201680672269045 0
4748 0.3559322033907921 0.4369747899159734 0
4749 0.3559322033907721 0.4537815126050423 0
4750 0.3559322033907522 0.4705882352941113 0
4751 0.3559322033907322 0.4873949579831803 0
4752 0.3559322033907122 0.5042016806722491 0
4753 0.3559322033906921 0.521008403361318 0
4754 0.3559322033906721 0.5378151260503869 0
4755 0.3559322033906521 0.5546218487394559 0
4756 0.3559322033906321 0.5714285714285249 0
4757 0.355932203390612 0.588235294117594 0
4758 0.3559322033905922 0.6050420168066627 0
4759 0.3559322033905721 0.6218487394957318 0
4760 0.3559322033905522 0.6386554621848005 0
4761 0.3559322033905321 0.6554621848738696 0
4762 0.3559322033905121 0.6722689075629386 0
4763 0.355932203390492 0.6890756302520075 0
4764 0.355932203390472 0.7058823529410765 0
4765 0.3559322033904521 0.7226890756301454 0
4766 0.3559322033904321 0.7394957983192143 0
4767 0.3559322033904121 0.7563025210082832 0
4768 0.3559322033903921 0.7731092436973521 0
4769 0.3559322033903721 0.7899159663864211 0
4770 0.3559322033903521 0.8067226890754899 0
4771 0.3559322033903322 0.823529411764559 0
4772 0.3559322033903121 0.8403361344536279 0
4773 0.3559322033902922 0.8571428571426969 0
4774 0.3559322033902721 0.8739495798317656 0
4775 0.3559322033902521 0.8907563025208348 0
4776 0.355932203390232 0.9075630252099037 0
4777 0.3559322033902123 0.9243697478989727 0
4778 0.355932203390192 0.9411764705880414 0
4779 0.3559322033901721 0.9579831932771103 0
4780 0.3559322033901521 0.9747899159661795 0
4781 0.3559322033901321 0.9915966386552477 0
4782 0.3559322033901121 1.008403361344314 0
4783 0.3559322033900921 1.025210084033377 0
4784 0.3559322033900721 1.042016806722439 0
4785 0.3559322033900522 1.058823529411502 0
4786 0.3559322033900322 1.075630252100565 0
4787 0.3559322033900121 1.092436974789627 0
4788 0.3559322033899922 1.10924369747869 0
4789 0.3559322033899722 1.126050420167753 0
4790 0.3559322033899521 1.142857142856815 0
4791 0.3559322033899321 1.159663865545878 0
4792 0.3559322033899123 1.176470588234941 0
4793 0.3559322033898922 1.193277310924003 0
4794 0.3559322033898721 1.210084033613066 0
4795 0.3559322033898521 1.226890756302129 0
4796 0.3559322033898321 1.243697478991191 0
4797 0.3559322033898121 1.260504201680254 0
4798 0.3559322033897921 1.277310924369317 0
4799 0.3559322033897722 1.29411764705838 0
4800 0.3559322033897522 1.310924369747442 0
4801 0.3559322033897322 1.327731092436505 0
4802 0.3559322033897122 1.344537815125568 0
4803 0.3559322033896921 1.36134453781463 0
4804 0.3559322033896722 1.378151260503693 0
4805 0.3559322033896521 1.394957983192756 0
4806 0.3559322033896322 1.411764705881819 0
4807 0.3559322033896122 1.428571428570881 0
4808 0.3559322033895922 1.445378151259944 0
4809 0.3559322033895721 1.462184873949006 0
4810 0.3559322033895521 1.478991596638069 0
4811 0.3559322033895321 1.495798319327132 0
4812 0.3559322033895121 1.512605042016195 0
4813 0.3559322033894922 1.529411764705258 0
4814 0.3559322033894722 1.54621848739432 0
4815 0.3559322033894522 1.563025210083382 0
4816 0.3559322033894322 1.579831932772445 0
4817 0.3559322033894122 1.596638655461508 0
4818 0.3559322033893922 1.613445378150571 0
4819 0.3559322033893723 1.630252100839634 0
4820 0.3559322033893522 1.647058823528696 0
4821 0.3559322033893322 1.663865546217759 0
4822 0.3559322033893122 1.680672268906822 0
4823 0.3559322033892921 1.697478991595884 0
4824 0.3559322033892721 1.714285714284947 0
4825 0.3559322033892521 1.731092436974009 0
4826 0.3559322033892321 1.747899159663086 0
4827 0.3559322033892122 1.764705882352194 0
4828 0.3559322033891922 1.781512605041322 0
4829 0.3559322033891722 1.798319327730451 0
4830 0.3559322033891522 1.81512605041958 0
4831 0.3559322033891322 1.831932773108709 0
4832 0.3559322033891122 1.848739495797838 0
4833 0.3559322033890923 1.865546218486967 0
4834 0.3559322033890723 1.882352941176097 0
4835 0.3559322033890522 1.899159663865226 0
4836 0.3559322033890322 1.915966386554355 0
4837 0.3559322033890122 1.932773109243484 0
4838 0.3559322033889922 1.949579831932613 0
4839 0.3559322033889721 1.966386554621742 0
4840 0.3559322033889522 1.983193277310871 0
4841 0.3389830508488496 0.01680672268907823 0
4842 0.3389830508488306 0.03361344537815668 0
4843 0.3389830508488116 0.05042016806723491 0
4844 0.3389830508487925 0.06722689075631194 0
4845 0.3389830508487737 0.08403361344538715 0
4846 0.3389830508487547 0.1008403361344617 0
4847 0.3389830508487357 0.1176470588235373 0
4848 0.3389830508487167 0.134453781512616 0
4849 0.3389830508486977 0.1512605042016976 0
4850 0.3389830508486787 0.16806722689078 0
4851 0.3389830508486597 0.1848739495798623 0
4852 0.3389830508486408 0.2016806722689446 0
4853 0.3389830508486218 0.2184873949580269 0
4854 0.3389830508486028 0.2352941176471091 0
4855 0.3389830508485838 0.2521008403361866 0
4856 0.3389830508485648 0.2689075630252566 0
4857 0.3389830508485457 0.2857142857143235 0
4858 0.3389830508485269 0.3025210084033905 0
4859 0.3389830508485079 0.3193277310924573 0
4860 0.3389830508484889 0.3361344537815243 0
4861 0.3389830508484699 0.3529411764705912 0
4862 0.3389830508484508 0.3697478991596581 0
4863 0.3389830508484318 0.386554621848725 0
4864 0.3389830508484127 0.4033613445377919 0
4865 0.3389830508483939 0.4201680672268588 0
4866 0.3389830508483748 0.4369747899159258 0
4867 0.3389830508483558 0.4537815126049926 0
4868 0.3389830508483368 0.4705882352940596 0
4869 0.3389830508483178 0.4873949579831265 0
4870 0.3389830508482988 0.5042016806721936 0
4871 0.3389830508482798 0.5210084033612603 0
4872 0.3389830508482609 0.5378151260503272 0
4873 0.338983050848242 0.5546218487393941 0
4874 0.3389830508482229 0.5714285714284612 0
4875 0.338983050848204 0.5882352941175281 0
4876 0.338983050848185 0.605042016806595 0
4877 0.338983050848166 0.6218487394956617 0
4878 0.3389830508481471 0.6386554621847286 0
4879 0.338983050848128 0.6554621848737957 0
4880 0.338983050848109 0.6722689075628626 0
4881 0.33898305084809 0.6890756302519295 0
4882 0.338983050848071 0.7058823529409965 0
4883 0.338983050848052 0.7226890756300635 0
4884 0.338983050848033 0.7394957983191301 0
4885 0.3389830508480141 0.7563025210081971 0
4886 0.338983050847995 0.7731092436972642 0
4887 0.338983050847976 0.7899159663863311 0
4888 0.3389830508479571 0.806722689075398 0
4889 0.338983050847938 0.8235294117644647 0
4890 0.3389830508479191 0.8403361344535316 0
4891 0.3389830508479 0.8571428571425985 0
4892 0.3389830508478812 0.8739495798316658 0
4893 0.3389830508478622 0.8907563025207327 0
4894 0.3389830508478432 0.9075630252097995 0
4895 0.3389830508478242 0.9243697478988664 0
4896 0.3389830508478052 0.9411764705879333 0
4897 0.3389830508477862 0.9579831932770002 0
4898 0.3389830508477673 0.9747899159660671 0
4899 0.3389830508477482 0.991596638655134 0
4900 0.3389830508477293 1.0084033613442 0
4901 0.3389830508477102 1.025210084033266 0
4902 0.3389830508476912 1.042016806722331 0
4903 0.3389830508476722 1.058823529411396 0
4904 0.3389830508476532 1.075630252100461 0
4905 0.3389830508476342 1.092436974789527 0
4906 0.3389830508476153 1.109243697478592 0
4907 0.3389830508475963 1.126050420167658 0
4908 0.3389830508475773 1.142857142856724 0
4909 0.3389830508475583 1.159663865545789 0
4910 0.3389830508475392 1.176470588234855 0
4911 0.3389830508475203 1.19327731092392 0
4912 0.3389830508475014 1.210084033612985 0
4913 0.3389830508474824 1.226890756302051 0
4914 0.3389830508474633 1.243697478991116 0
4915 0.3389830508474443 1.260504201680181 0
4916 0.3389830508474253 1.277310924369247 0
4917 0.3389830508474064 1.294117647058312 0
4918 0.3389830508473873 1.310924369747378 0
4919 0.3389830508473684 1.327731092436443 0
4920 0.3389830508473494 1.344537815125508 0
4921 0.3389830508473304 1.361344537814574 0
4922 0.3389830508473114 1.378151260503639 0
4923 0.3389830508472924 1.394957983192705 0
4924 0.3389830508472734 1.41176470588177 0
4925 0.3389830508472544 1.428571428570836 0
4926 0.3389830508472355 1.445378151259901 0
4927 0.3389830508472165 1.462184873948966 0
4928 0.3389830508471975 1.478991596638032 0
4929 0.3389830508471784 1.495798319327097 0
4930 0.3389830508471595 1.512605042016163 0
4931 0.3389830508471404 1.529411764705228 0
4932 0.3389830508471215 1.546218487394294 0
4933 0.3389830508471025 1.563025210083358 0
4934 0.3389830508470836 1.579831932772424 0
4935 0.3389830508470645 1.596638655461489 0
4936 0.3389830508470456 1.613445378150555 0
4937 0.3389830508470265 1.630252100839621 0
4938 0.3389830508470076 1.647058823528686 0
4939 0.3389830508469885 1.663865546217751 0
4940 0.3389830508469696 1.680672268906817 0
4941 0.3389830508469506 1.697478991595883 0
4942 0.3389830508469317 1.714285714284947 0
4943 0.3389830508469126 1.731092436974013 0
4944 0.3389830508468936 1.747899159663091 0
4945 0.3389830508468746 1.7647058823522 0
4946 0.3389830508468558 1.781512605041328 0
4947 0.3389830508468367 1.798319327730456 0
4948 0.3389830508468177 1.815126050419585 0
4949 0.3389830508467987 1.831932773108714 0
4950 0.3389830508467797 1.848739495797842 0
4951 0.3389830508467607 1.865546218486971 0
4952 0.3389830508467417 1.882352941176099 0
4953 0.3389830508467228 1.899159663865228 0
4954 0.3389830508467037 1.915966386554357 0
4955 0.3389830508466848 1.932773109243485 0
4956 0.3389830508466657 1.949579831932614 0
4957 0.3389830508466468 1.966386554621743 0
4958 0.3389830508466277 1.983193277310872 0
4959 0.3220338983064074 0.0168067226890765 0
4960 0.3220338983063893 0.03361344537815324 0
4961 0.3220338983063713 0.05042016806722975 0
4962 0.3220338983063533 0.067226890756305 0
4963 0.3220338983063353 0.08403361344537841 0
4964 0.3220338983063174 0.1008403361344512 0
4965 0.3220338983062994 0.1176470588235249 0
4966 0.3220338983062814 0.134453781512602 0
4967 0.3220338983062634 0.1512605042016819 0
4968 0.3220338983062455 0.1680672268907627 0
4969 0.3220338983062275 0.1848739495798433 0
4970 0.3220338983062095 0.2016806722689241 0
4971 0.3220338983061914 0.2184873949580048 0
4972 0.3220338983061736 0.2352941176470852 0
4973 0.3220338983061556 0.252100840336161 0
4974 0.3220338983061375 0.2689075630252291 0
4975 0.3220338983061195 0.285714285714294 0
4976 0.3220338983061015 0.3025210084033588 0
4977 0.3220338983060835 0.3193277310924237 0
4978 0.3220338983060657 0.3361344537814887 0
4979 0.3220338983060477 0.3529411764705536 0
4980 0.3220338983060297 0.3697478991596186 0
4981 0.3220338983060117 0.3865546218486834 0
4982 0.3220338983059937 0.4033613445377483 0
4983 0.3220338983059757 0.4201680672268131 0
4984 0.3220338983059577 0.4369747899158781 0
4985 0.3220338983059398 0.4537815126049429 0
4986 0.3220338983059218 0.4705882352940078 0
4987 0.3220338983059038 0.4873949579830728 0
4988 0.3220338983058858 0.5042016806721377 0
4989 0.3220338983058678 0.5210084033612026 0
4990 0.3220338983058498 0.5378151260502675 0
4991 0.3220338983058318 0.5546218487393324 0
4992 0.3220338983058137 0.5714285714283972 0
4993 0.3220338983057959 0.5882352941174621 0
4994 0.3220338983057779 0.6050420168065272 0
4995 0.3220338983057599 0.6218487394955919 0
4996 0.3220338983057419 0.6386554621846569 0
4997 0.322033898305724 0.655462184873722 0
4998 0.3220338983057061 0.6722689075627867 0
4999 0.3220338983056881 0.6890756302518518 0
5000 0.3220338983056701 0.7058823529409164 0
5001 0.3220338983056521 0.7226890756299815 0
5002 0.3220338983056341 0.7394957983190462 0
5003 0.3220338983056161 0.7563025210081114 0
5004 0.322033898305598 0.7731092436971763 0
5005 0.3220338983055802 0.7899159663862408 0
5006 0.3220338983055622 0.8067226890753059 0
5007 0.3220338983055442 0.8235294117643707 0
5008 0.3220338983055262 0.8403361344534358 0
5009 0.3220338983055082 0.8571428571425005 0
5010 0.3220338983054902 0.8739495798315655 0
5011 0.3220338983054721 0.8907563025206303 0
5012 0.3220338983054543 0.9075630252096956 0
5013 0.3220338983054363 0.9243697478987603 0
5014 0.3220338983054183 0.9411764705878249 0
5015 0.3220338983054003 0.9579831932768901 0
5016 0.3220338983053823 0.9747899159659548 0
5017 0.3220338983053643 0.9915966386550201 0
5018 0.3220338983053463 1.008403361344087 0
5019 0.3220338983053284 1.025210084033154 0
5020 0.3220338983053104 1.042016806722222 0
5021 0.3220338983052924 1.05882352941129 0
5022 0.3220338983052744 1.075630252100359 0
5023 0.3220338983052564 1.092436974789427 0
5024 0.3220338983052384 1.109243697478495 0
5025 0.3220338983052204 1.126050420167563 0
5026 0.3220338983052025 1.142857142856631 0
5027 0.3220338983051845 1.1596638655457 0
5028 0.3220338983051665 1.176470588234767 0
5029 0.3220338983051486 1.193277310923836 0
5030 0.3220338983051305 1.210084033612904 0
5031 0.3220338983051125 1.226890756301972 0
5032 0.3220338983050945 1.24369747899104 0
5033 0.3220338983050767 1.260504201680108 0
5034 0.3220338983050586 1.277310924369176 0
5035 0.3220338983050407 1.294117647058245 0
5036 0.3220338983050226 1.310924369747313 0
5037 0.3220338983050046 1.327731092436381 0
5038 0.3220338983049866 1.344537815125449 0
5039 0.3220338983049686 1.361344537814517 0
5040 0.3220338983049508 1.378151260503585 0
5041 0.3220338983049328 1.394957983192653 0
5042 0.3220338983049148 1.411764705881722 0
5043 0.3220338983048968 1.42857142857079 0
5044 0.3220338983048788 1.445378151259858 0
5045 0.3220338983048608 1.462184873948926 0
5046 0.3220338983048429 1.478991596637994 0
5047 0.3220338983048249 1.495798319327062 0
5048 0.3220338983048069 1.512605042016131 0
5049 0.3220338983047889 1.529411764705199 0
5050 0.3220338983047709 1.546218487394267 0
5051 0.3220338983047529 1.563025210083335 0
5052 0.3220338983047349 1.579831932772403 0
5053 0.322033898304717 1.596638655461471 0
5054 0.3220338983046991 1.613445378150539 0
5055 0.322033898304681 1.630252100839607 0
5056 0.322033898304663 1.647058823528675 0
5057 0.322033898304645 1.663865546217744 0
5058 0.3220338983046271 1.680672268906812 0
5059 0.3220338983046092 1.69747899159588 0
5060 0.3220338983045912 1.714285714284948 0
5061 0.3220338983045732 1.731092436974015 0
5062 0.3220338983045552 1.747899159663096 0
5063 0.3220338983045372 1.764705882352206 0
5064 0.3220338983045192 1.781512605041333 0
5065 0.3220338983045012 1.798319327730462 0
5066 0.3220338983044833 1.81512605041959 0
5067 0.3220338983044653 1.831932773108718 0
5068 0.3220338983044473 1.848739495797846 0
5069 0.3220338983044293 1.865546218486974 0
5070 0.3220338983044113 1.882352941176102 0
5071 0.3220338983043933 1.89915966386523 0
5072 0.3220338983043753 1.915966386554359 0
5073 0.3220338983043574 1.932773109243487 0
5074 0.3220338983043394 1.949579831932616 0
5075 0.3220338983043214 1.966386554621744 0
5076 0.3220338983043034 1.983193277310872 0
5077 0.3050847457639648 0.01680672268907478 0
5078 0.3050847457639478 0.03361344537814979 0
5079 0.3050847457639309 0.05042016806722457 0
5080 0.3050847457639139 0.06722689075629806 0
5081 0.305084745763897 0.08403361344536969 0
5082 0.30508474576388 0.1008403361344406 0
5083 0.305084745763863 0.1176470588235126 0
5084 0.305084745763846 0.1344537815125879 0
5085 0.305084745763829 0.1512605042016663 0
5086 0.3050847457638121 0.1680672268907454 0
5087 0.3050847457637951 0.1848739495798244 0
5088 0.3050847457637782 0.2016806722689035 0
5089 0.3050847457637611 0.2184873949579826 0
5090 0.3050847457637441 0.2352941176470614 0
5091 0.3050847457637272 0.2521008403361354 0
5092 0.3050847457637103 0.2689075630252017 0
5093 0.3050847457636933 0.2857142857142644 0
5094 0.3050847457636763 0.3025210084033273 0
5095 0.3050847457636593 0.3193277310923902 0
5096 0.3050847457636424 0.3361344537814531 0
5097 0.3050847457636254 0.352941176470516 0
5098 0.3050847457636084 0.3697478991595788 0
5099 0.3050847457635915 0.3865546218486418 0
5100 0.3050847457635744 0.4033613445377047 0
5101 0.3050847457635576 0.4201680672267676 0
5102 0.3050847457635405 0.4369747899158304 0
5103 0.3050847457635235 0.4537815126048934 0
5104 0.3050847457635065 0.4705882352939561 0
5105 0.3050847457634897 0.4873949579830191 0
5106 0.3050847457634727 0.5042016806720819 0
5107 0.3050847457634557 0.5210084033611448 0
5108 0.3050847457634387 0.5378151260502075 0
5109 0.3050847457634217 0.5546218487392707 0
5110 0.3050847457634046 0.5714285714283335 0
5111 0.3050847457633877 0.5882352941173964 0
5112 0.3050847457633707 0.6050420168064593 0
5113 0.3050847457633538 0.6218487394955222 0
5114 0.3050847457633368 0.6386554621845851 0
5115 0.3050847457633199 0.6554621848736478 0
5116 0.3050847457633029 0.6722689075627107 0
5117 0.3050847457632859 0.6890756302517737 0
5118 0.3050847457632689 0.7058823529408365 0
5119 0.305084745763252 0.7226890756298994 0
5120 0.305084745763235 0.7394957983189623 0
5121 0.305084745763218 0.7563025210080252 0
5122 0.305084745763201 0.7731092436970881 0
5123 0.3050847457631841 0.7899159663861511 0
5124 0.3050847457631671 0.8067226890752139 0
5125 0.3050847457631501 0.8235294117642769 0
5126 0.3050847457631332 0.8403361344533393 0
5127 0.3050847457631162 0.8571428571424025 0
5128 0.3050847457630993 0.8739495798314654 0
5129 0.3050847457630822 0.8907563025205285 0
5130 0.3050847457630652 0.907563025209591 0
5131 0.3050847457630483 0.9243697478986539 0
5132 0.3050847457630314 0.9411764705877168 0
5133 0.3050847457630144 0.9579831932767797 0
5134 0.3050847457629974 0.9747899159658426 0
5135 0.3050847457629804 0.9915966386549064 0
5136 0.3050847457629634 1.008403361343973 0
5137 0.3050847457629464 1.025210084033043 0
5138 0.3050847457629294 1.042016806722114 0
5139 0.3050847457629126 1.058823529411185 0
5140 0.3050847457628955 1.075630252100256 0
5141 0.3050847457628786 1.092436974789326 0
5142 0.3050847457628616 1.109243697478398 0
5143 0.3050847457628446 1.126050420167469 0
5144 0.3050847457628276 1.142857142856539 0
5145 0.3050847457628106 1.15966386554561 0
5146 0.3050847457627937 1.176470588234681 0
5147 0.3050847457627767 1.193277310923752 0
5148 0.3050847457627598 1.210084033612823 0
5149 0.3050847457627427 1.226890756301893 0
5150 0.3050847457627258 1.243697478990965 0
5151 0.3050847457627088 1.260504201680036 0
5152 0.3050847457626918 1.277310924369106 0
5153 0.3050847457626749 1.294117647058177 0
5154 0.3050847457626579 1.310924369747248 0
5155 0.3050847457626409 1.327731092436319 0
5156 0.3050847457626239 1.34453781512539 0
5157 0.305084745762607 1.36134453781446 0
5158 0.3050847457625899 1.378151260503532 0
5159 0.3050847457625731 1.394957983192603 0
5160 0.3050847457625561 1.411764705881673 0
5161 0.3050847457625391 1.428571428570744 0
5162 0.3050847457625221 1.445378151259815 0
5163 0.3050847457625051 1.462184873948886 0
5164 0.3050847457624881 1.478991596637957 0
5165 0.3050847457624711 1.495798319327028 0
5166 0.3050847457624543 1.512605042016098 0
5167 0.3050847457624372 1.529411764705169 0
5168 0.3050847457624203 1.546218487394241 0
5169 0.3050847457624033 1.563025210083311 0
5170 0.3050847457623863 1.579831932772382 0
5171 0.3050847457623693 1.596638655461452 0
5172 0.3050847457623523 1.613445378150524 0
5173 0.3050847457623355 1.630252100839594 0
5174 0.3050847457623184 1.647058823528665 0
5175 0.3050847457623015 1.663865546217736 0
5176 0.3050847457622844 1.680672268906807 0
5177 0.3050847457622675 1.697478991595878 0
5178 0.3050847457622505 1.714285714284949 0
5179 0.3050847457622335 1.731092436974019 0
5180 0.3050847457622166 1.747899159663101 0
5181 0.3050847457621996 1.764705882352212 0
5182 0.3050847457621827 1.781512605041339 0
5183 0.3050847457621656 1.798319327730467 0
5184 0.3050847457621487 1.815126050419594 0
5185 0.3050847457621316 1.831932773108722 0
5186 0.3050847457621148 1.84873949579785 0
5187 0.3050847457620978 1.865546218486978 0
5188 0.3050847457620808 1.882352941176106 0
5189 0.3050847457620639 1.899159663865233 0
5190 0.3050847457620468 1.915966386554361 0
5191 0.3050847457620299 1.932773109243489 0
5192 0.3050847457620128 1.949579831932617 0
5193 0.305084745761996 1.966386554621744 0
5194 0.305084745761979 1.983193277310872 0
5195 0.2881355932215223 0.01680672268907306 0
5196 0.2881355932215064 0.03361344537814634 0
5197 0.2881355932214903 0.0504201680672194 0
5198 0.2881355932214744 0.06722689075629112 0
5199 0.2881355932214584 0.08403361344536095 0
5200 0.2881355932214425 0.1008403361344301 0
5201 0.2881355932214266 0.1176470588235002 0
5202 0.2881355932214106 0.1344537815125738 0
5203 0.2881355932213946 0.1512605042016505 0
5204 0.2881355932213786 0.168067226890728 0
5205 0.2881355932213626 0.1848739495798055 0
5206 0.2881355932213467 0.2016806722688829 0
5207 0.2881355932213308 0.2184873949579603 0
5208 0.2881355932213148 0.2352941176470376 0
5209 0.2881355932212988 0.2521008403361099 0
5210 0.2881355932212828 0.2689075630251742 0
5211 0.2881355932212668 0.2857142857142349 0
5212 0.2881355932212509 0.3025210084032958 0
5213 0.2881355932212349 0.3193277310923566 0
5214 0.288135593221219 0.3361344537814176 0
5215 0.2881355932212031 0.3529411764704784 0
5216 0.2881355932211871 0.3697478991595393 0
5217 0.2881355932211711 0.3865546218486002 0
5218 0.2881355932211551 0.403361344537661 0
5219 0.2881355932211392 0.4201680672267218 0
5220 0.2881355932211231 0.4369747899157828 0
5221 0.2881355932211073 0.4537815126048436 0
5222 0.2881355932210913 0.4705882352939045 0
5223 0.2881355932210753 0.4873949579829653 0
5224 0.2881355932210593 0.5042016806720262 0
5225 0.2881355932210434 0.5210084033610869 0
5226 0.2881355932210274 0.537815126050148 0
5227 0.2881355932210115 0.5546218487392089 0
5228 0.2881355932209956 0.5714285714282697 0
5229 0.2881355932209795 0.5882352941173307 0
5230 0.2881355932209636 0.6050420168063914 0
5231 0.2881355932209476 0.6218487394954521 0
5232 0.2881355932209316 0.6386554621845132 0
5233 0.2881355932209156 0.6554621848735741 0
5234 0.2881355932208997 0.6722689075626348 0
5235 0.2881355932208838 0.6890756302516957 0
5236 0.2881355932208678 0.7058823529407567 0
5237 0.2881355932208518 0.7226890756298177 0
5238 0.2881355932208359 0.7394957983188784 0
5239 0.2881355932208199 0.7563025210079393 0
5240 0.288135593220804 0.7731092436970002 0
5241 0.2881355932207881 0.7899159663860611 0
5242 0.288135593220772 0.8067226890751218 0
5243 0.288135593220756 0.8235294117641828 0
5244 0.28813559322074 0.8403361344532435 0
5245 0.2881355932207241 0.8571428571423041 0
5246 0.2881355932207081 0.8739495798313653 0
5247 0.2881355932206922 0.8907563025204261 0
5248 0.2881355932206763 0.9075630252094872 0
5249 0.2881355932206603 0.9243697478985478 0
5250 0.2881355932206443 0.9411764705876087 0
5251 0.2881355932206283 0.9579831932766696 0
5252 0.2881355932206123 0.9747899159657305 0
5253 0.2881355932205963 0.9915966386547928 0
5254 0.2881355932205805 1.00840336134386 0
5255 0.2881355932205645 1.025210084032932 0
5256 0.2881355932205486 1.042016806722006 0
5257 0.2881355932205326 1.058823529411079 0
5258 0.2881355932205166 1.075630252100153 0
5259 0.2881355932205006 1.092436974789226 0
5260 0.2881355932204847 1.1092436974783 0
5261 0.2881355932204687 1.126050420167374 0
5262 0.2881355932204527 1.142857142856447 0
5263 0.2881355932204367 1.159663865545521 0
5264 0.2881355932204208 1.176470588234594 0
5265 0.2881355932204048 1.193277310923668 0
5266 0.2881355932203888 1.210084033612742 0
5267 0.288135593220373 1.226890756301815 0
5268 0.288135593220357 1.243697478990889 0
5269 0.288135593220341 1.260504201679962 0
5270 0.288135593220325 1.277310924369036 0
5271 0.288135593220309 1.294117647058109 0
5272 0.288135593220293 1.310924369747183 0
5273 0.2881355932202772 1.327731092436257 0
5274 0.2881355932202612 1.344537815125331 0
5275 0.2881355932202452 1.361344537814404 0
5276 0.2881355932202293 1.378151260503478 0
5277 0.2881355932202133 1.394957983192551 0
5278 0.2881355932201973 1.411764705881625 0
5279 0.2881355932201813 1.428571428570699 0
5280 0.2881355932201654 1.445378151259772 0
5281 0.2881355932201495 1.462184873948846 0
5282 0.2881355932201335 1.478991596637919 0
5283 0.2881355932201175 1.495798319326993 0
5284 0.2881355932201016 1.512605042016066 0
5285 0.2881355932200856 1.52941176470514 0
5286 0.2881355932200697 1.546218487394214 0
5287 0.2881355932200537 1.563025210083287 0
5288 0.2881355932200377 1.579831932772361 0
5289 0.2881355932200217 1.596638655461434 0
5290 0.2881355932200058 1.613445378150508 0
5291 0.2881355932199897 1.630252100839582 0
5292 0.2881355932199738 1.647058823528655 0
5293 0.2881355932199579 1.663865546217729 0
5294 0.288135593219942 1.680672268906802 0
5295 0.288135593219926 1.697478991595876 0
5296 0.28813559321991 1.714285714284949 0
5297 0.288135593219894 1.731092436974023 0
5298 0.288135593219878 1.747899159663107 0
5299 0.288135593219862 1.764705882352218 0
5300 0.2881355932198461 1.781512605041344 0
5301 0.2881355932198302 1.798319327730472 0
5302 0.2881355932198142 1.815126050419599 0
5303 0.2881355932197983 1.831932773108726 0
5304 0.2881355932197823 1.848739495797854 0
5305 0.2881355932197663 1.865546218486981 0
5306 0.2881355932197504 1.882352941176109 0
5307 0.2881355932197344 1.899159663865236 0
5308 0.2881355932197184 1.915966386554363 0
5309 0.2881355932197024 1.932773109243491 0
5310 0.2881355932196865 1.949579831932618 0
5311 0.2881355932196705 1.966386554621745 0
5312 0.2881355932196547 1.983193277310873 0
5313 0.27118644067908 0.01680672268907133 0
5314 0.2711864406790651 0.0336134453781429 0
5315 0.2711864406790501 0.05042016806721424 0
5316 0.271186440679035 0.06722689075628419 0
5317 0.2711864406790201 0.08403361344535221 0
5318 0.2711864406790052 0.1008403361344195 0
5319 0.2711864406789902 0.1176470588234879 0
5320 0.2711864406789752 0.1344537815125598 0
5321 0.2711864406789602 0.1512605042016348 0
5322 0.2711864406789454 0.1680672268907107 0
5323 0.2711864406789304 0.1848739495797865 0
5324 0.2711864406789154 0.2016806722688623 0
5325 0.2711864406789005 0.2184873949579381 0
5326 0.2711864406788855 0.2352941176470138 0
5327 0.2711864406788707 0.2521008403360844 0
5328 0.2711864406788557 0.2689075630251466 0
5329 0.2711864406788407 0.2857142857142054 0
5330 0.2711864406788257 0.3025210084032642 0
5331 0.2711864406788108 0.3193277310923231 0
5332 0.2711864406787958 0.3361344537813821 0
5333 0.2711864406787808 0.3529411764704409 0
5334 0.2711864406787658 0.3697478991594997 0
5335 0.2711864406787509 0.3865546218485585 0
5336 0.271186440678736 0.4033613445376174 0
5337 0.271186440678721 0.4201680672266763 0
5338 0.271186440678706 0.436974789915735 0
5339 0.2711864406786911 0.4537815126047939 0
5340 0.2711864406786761 0.4705882352938527 0
5341 0.2711864406786613 0.4873949579829116 0
5342 0.2711864406786463 0.5042016806719705 0
5343 0.2711864406786313 0.5210084033610292 0
5344 0.2711864406786163 0.5378151260500881 0
5345 0.2711864406786013 0.554621848739147 0
5346 0.2711864406785863 0.5714285714282058 0
5347 0.2711864406785714 0.5882352941172647 0
5348 0.2711864406785565 0.6050420168063234 0
5349 0.2711864406785416 0.6218487394953823 0
5350 0.2711864406785266 0.6386554621844412 0
5351 0.2711864406785116 0.6554621848734999 0
5352 0.2711864406784967 0.6722689075625589 0
5353 0.2711864406784817 0.6890756302516178 0
5354 0.2711864406784668 0.7058823529406766 0
5355 0.2711864406784518 0.7226890756297355 0
5356 0.2711864406784369 0.7394957983187944 0
5357 0.2711864406784219 0.7563025210078531 0
5358 0.2711864406784069 0.773109243696912 0
5359 0.2711864406783919 0.7899159663859708 0
5360 0.271186440678377 0.8067226890750296 0
5361 0.2711864406783621 0.8235294117640886 0
5362 0.2711864406783471 0.8403361344531476 0
5363 0.2711864406783322 0.8571428571422063 0
5364 0.2711864406783172 0.8739495798312652 0
5365 0.2711864406783022 0.8907563025203239 0
5366 0.2711864406782872 0.9075630252093828 0
5367 0.2711864406782724 0.9243697478984416 0
5368 0.2711864406782574 0.9411764705875005 0
5369 0.2711864406782425 0.9579831932765595 0
5370 0.2711864406782275 0.9747899159656181 0
5371 0.2711864406782125 0.9915966386546791 0
5372 0.2711864406781976 1.008403361343746 0
5373 0.2711864406781826 1.025210084032821 0
5374 0.2711864406781677 1.042016806721897 0
5375 0.2711864406781527 1.058823529410973 0
5376 0.2711864406781378 1.07563025210005 0
5377 0.2711864406781228 1.092436974789126 0
5378 0.2711864406781078 1.109243697478203 0
5379 0.2711864406780928 1.126050420167279 0
5380 0.271186440678078 1.142857142856355 0
5381 0.271186440678063 1.159663865545432 0
5382 0.271186440678048 1.176470588234508 0
5383 0.2711864406780331 1.193277310923584 0
5384 0.271186440678018 1.210084033612661 0
5385 0.2711864406780031 1.226890756301737 0
5386 0.2711864406779882 1.243697478990813 0
5387 0.2711864406779732 1.26050420167989 0
5388 0.2711864406779583 1.277310924368966 0
5389 0.2711864406779433 1.294117647058042 0
5390 0.2711864406779283 1.310924369747118 0
5391 0.2711864406779134 1.327731092436195 0
5392 0.2711864406778985 1.344537815125271 0
5393 0.2711864406778836 1.361344537814347 0
5394 0.2711864406778686 1.378151260503424 0
5395 0.2711864406778536 1.3949579831925 0
5396 0.2711864406778386 1.411764705881577 0
5397 0.2711864406778237 1.428571428570653 0
5398 0.2711864406778087 1.445378151259729 0
5399 0.2711864406777937 1.462184873948806 0
5400 0.2711864406777788 1.478991596637882 0
5401 0.2711864406777639 1.495798319326958 0
5402 0.2711864406777489 1.512605042016034 0
5403 0.271186440677734 1.52941176470511 0
5404 0.2711864406777189 1.546218487394187 0
5405 0.271186440677704 1.563025210083263 0
5406 0.271186440677689 1.579831932772339 0
5407 0.2711864406776741 1.596638655461416 0
5408 0.2711864406776592 1.613445378150492 0
5409 0.2711864406776442 1.630252100839568 0
5410 0.2711864406776292 1.647058823528645 0
5411 0.2711864406776143 1.663865546217721 0
5412 0.2711864406775993 1.680672268906797 0
5413 0.2711864406775844 1.697478991595873 0
5414 0.2711864406775695 1.71428571428495 0
5415 0.2711864406775545 1.731092436974026 0
5416 0.2711864406775395 1.747899159663113 0
5417 0.2711864406775246 1.764705882352224 0
5418 0.2711864406775096 1.78151260504135 0
5419 0.2711864406774946 1.798319327730477 0
5420 0.2711864406774798 1.815126050419604 0
5421 0.2711864406774647 1.831932773108731 0
5422 0.2711864406774498 1.848739495797858 0
5423 0.2711864406774348 1.865546218486985 0
5424 0.2711864406774198 1.882352941176112 0
5425 0.2711864406774049 1.899159663865238 0
5426 0.27118644067739 1.915966386554365 0
5427 0.271186440677375 1.932773109243493 0
5428 0.2711864406773601 1.949579831932619 0
5429 0.2711864406773451 1.966386554621746 0
5430 0.2711864406773301 1.983193277310873 0
5431 0.2542372881366375 0.01680672268906961 0
5432 0.2542372881366236 0.03361344537813944 0
5433 0.2542372881366096 0.05042016806720907 0
5434 0.2542372881365956 0.06722689075627727 0
5435 0.2542372881365818 0.08403361344534349 0
5436 0.2542372881365678 0.100840336134409 0
5437 0.2542372881365539 0.1176470588234755 0
5438 0.2542372881365399 0.1344537815125458 0
5439 0.254237288136526 0.1512605042016191 0
5440 0.254237288136512 0.1680672268906934 0
5441 0.254237288136498 0.1848739495797676 0
5442 0.2542372881364842 0.2016806722688417 0
5443 0.2542372881364702 0.2184873949579159 0
5444 0.2542372881364563 0.23529411764699 0
5445 0.2542372881364422 0.2521008403360588 0
5446 0.2542372881364283 0.2689075630251191 0
5447 0.2542372881364144 0.2857142857141758 0
5448 0.2542372881364005 0.3025210084032327 0
5449 0.2542372881363865 0.3193277310922896 0
5450 0.2542372881363726 0.3361344537813464 0
5451 0.2542372881363586 0.3529411764704032 0
5452 0.2542372881363446 0.36974789915946 0
5453 0.2542372881363307 0.3865546218485169 0
5454 0.2542372881363167 0.4033613445375738 0
5455 0.2542372881363028 0.4201680672266305 0
5456 0.2542372881362889 0.4369747899156874 0
5457 0.2542372881362749 0.4537815126047441 0
5458 0.254237288136261 0.4705882352938011 0
5459 0.254237288136247 0.4873949579828579 0
5460 0.254237288136233 0.5042016806719147 0
5461 0.2542372881362192 0.5210084033609714 0
5462 0.2542372881362052 0.5378151260500283 0
5463 0.2542372881361912 0.5546218487390853 0
5464 0.2542372881361773 0.5714285714281419 0
5465 0.2542372881361633 0.5882352941171988 0
5466 0.2542372881361493 0.6050420168062559 0
5467 0.2542372881361354 0.6218487394953126 0
5468 0.2542372881361215 0.6386554621843693 0
5469 0.2542372881361076 0.6554621848734262 0
5470 0.2542372881360936 0.6722689075624829 0
5471 0.2542372881360797 0.68907563025154 0
5472 0.2542372881360657 0.7058823529405966 0
5473 0.2542372881360517 0.7226890756296536 0
5474 0.2542372881360379 0.7394957983187103 0
5475 0.2542372881360239 0.7563025210077672 0
5476 0.2542372881360099 0.7731092436968241 0
5477 0.254237288135996 0.7899159663858809 0
5478 0.254237288135982 0.8067226890749377 0
5479 0.254237288135968 0.8235294117639945 0
5480 0.2542372881359541 0.8403361344530512 0
5481 0.2542372881359402 0.8571428571421081 0
5482 0.2542372881359263 0.8739495798311652 0
5483 0.2542372881359123 0.890756302520222 0
5484 0.2542372881358983 0.9075630252092787 0
5485 0.2542372881358844 0.9243697478983356 0
5486 0.2542372881358704 0.9411764705873924 0
5487 0.2542372881358566 0.9579831932764491 0
5488 0.2542372881358426 0.974789915965506 0
5489 0.2542372881358286 0.9915966386545652 0
5490 0.2542372881358147 1.008403361343633 0
5491 0.2542372881358007 1.02521008403271 0
5492 0.2542372881357868 1.042016806721789 0
5493 0.2542372881357728 1.058823529410868 0
5494 0.2542372881357589 1.075630252099947 0
5495 0.254237288135745 1.092436974789026 0
5496 0.254237288135731 1.109243697478105 0
5497 0.254237288135717 1.126050420167185 0
5498 0.254237288135703 1.142857142856263 0
5499 0.2542372881356891 1.159663865545342 0
5500 0.2542372881356753 1.176470588234421 0
5501 0.2542372881356613 1.193277310923501 0
5502 0.2542372881356473 1.210084033612579 0
5503 0.2542372881356333 1.226890756301658 0
5504 0.2542372881356194 1.243697478990738 0
5505 0.2542372881356055 1.260504201679816 0
5506 0.2542372881355915 1.277310924368896 0
5507 0.2542372881355776 1.294117647057974 0
5508 0.2542372881355636 1.310924369747053 0
5509 0.2542372881355497 1.327731092436133 0
5510 0.2542372881355357 1.344537815125212 0
5511 0.2542372881355218 1.36134453781429 0
5512 0.2542372881355078 1.37815126050337 0
5513 0.2542372881354938 1.394957983192449 0
5514 0.2542372881354799 1.411764705881528 0
5515 0.254237288135466 1.428571428570607 0
5516 0.2542372881354521 1.445378151259686 0
5517 0.2542372881354381 1.462184873948765 0
5518 0.2542372881354241 1.478991596637844 0
5519 0.2542372881354102 1.495798319326923 0
5520 0.2542372881353963 1.512605042016002 0
5521 0.2542372881353824 1.529411764705081 0
5522 0.2542372881353684 1.54621848739416 0
5523 0.2542372881353544 1.563025210083239 0
5524 0.2542372881353404 1.579831932772318 0
5525 0.2542372881353265 1.596638655461397 0
5526 0.2542372881353127 1.613445378150477 0
5527 0.2542372881352987 1.630252100839555 0
5528 0.2542372881352847 1.647058823528634 0
5529 0.2542372881352707 1.663865546217714 0
5530 0.2542372881352568 1.680672268906793 0
5531 0.2542372881352428 1.697478991595872 0
5532 0.2542372881352289 1.71428571428495 0
5533 0.254237288135215 1.73109243697403 0
5534 0.254237288135201 1.747899159663118 0
5535 0.2542372881351871 1.76470588235223 0
5536 0.2542372881351731 1.781512605041356 0
5537 0.2542372881351591 1.798319327730482 0
5538 0.2542372881351452 1.815126050419609 0
5539 0.2542372881351312 1.831932773108735 0
5540 0.2542372881351173 1.848739495797862 0
5541 0.2542372881351034 1.865546218486989 0
5542 0.2542372881350894 1.882352941176114 0
5543 0.2542372881350755 1.899159663865241 0
5544 0.2542372881350615 1.915966386554368 0
5545 0.2542372881350475 1.932773109243494 0
5546 0.2542372881350337 1.949579831932621 0
5547 0.2542372881350198 1.966386554621747 0
5548 0.2542372881350058 1.983193277310874 0
5549 0.2372881355941951 0.01680672268906789 0
5550 0.2372881355941822 0.033613445378136 0
5551 0.2372881355941692 0.0504201680672039 0
5552 0.2372881355941563 0.06722689075627034 0
5553 0.2372881355941433 0.08403361344533475 0
5554 0.2372881355941304 0.1008403361343985 0
5555 0.2372881355941175 0.1176470588234632 0
5556 0.2372881355941045 0.1344537815125317 0
5557 0.2372881355940916 0.1512605042016034 0
5558 0.2372881355940787 0.168067226890676 0
5559 0.2372881355940657 0.1848739495797486 0
5560 0.2372881355940528 0.2016806722688212 0
5561 0.2372881355940398 0.2184873949578938 0
5562 0.2372881355940269 0.2352941176469662 0
5563 0.237288135594014 0.2521008403360332 0
5564 0.2372881355940011 0.2689075630250916 0
5565 0.2372881355939881 0.2857142857141463 0
5566 0.2372881355939751 0.3025210084032012 0
5567 0.2372881355939622 0.319327731092256 0
5568 0.2372881355939492 0.3361344537813108 0
5569 0.2372881355939363 0.3529411764703657 0
5570 0.2372881355939234 0.3697478991594205 0
5571 0.2372881355939104 0.3865546218484753 0
5572 0.2372881355938975 0.40336134453753 0
5573 0.2372881355938846 0.4201680672265848 0
5574 0.2372881355938716 0.4369747899156396 0
5575 0.2372881355938588 0.4537815126046945 0
5576 0.2372881355938458 0.4705882352937493 0
5577 0.2372881355938328 0.4873949579828042 0
5578 0.2372881355938199 0.504201680671859 0
5579 0.237288135593807 0.5210084033609137 0
5580 0.237288135593794 0.5378151260499686 0
5581 0.237288135593781 0.5546218487390235 0
5582 0.2372881355937681 0.5714285714280783 0
5583 0.2372881355937552 0.588235294117133 0
5584 0.2372881355937422 0.605042016806188 0
5585 0.2372881355937293 0.6218487394952424 0
5586 0.2372881355937164 0.6386554621842974 0
5587 0.2372881355937034 0.6554621848733523 0
5588 0.2372881355936906 0.6722689075624072 0
5589 0.2372881355936776 0.6890756302514619 0
5590 0.2372881355936647 0.7058823529405167 0
5591 0.2372881355936517 0.7226890756295716 0
5592 0.2372881355936387 0.7394957983186263 0
5593 0.2372881355936258 0.7563025210076812 0
5594 0.2372881355936128 0.7731092436967362 0
5595 0.2372881355935999 0.7899159663857911 0
5596 0.237288135593587 0.8067226890748458 0
5597 0.237288135593574 0.8235294117639003 0
5598 0.2372881355935611 0.8403361344529553 0
5599 0.2372881355935481 0.8571428571420101 0
5600 0.2372881355935352 0.8739495798310649 0
5601 0.2372881355935223 0.8907563025201198 0
5602 0.2372881355935094 0.9075630252091745 0
5603 0.2372881355934965 0.9243697478982295 0
5604 0.2372881355934835 0.941176470587284 0
5605 0.2372881355934706 0.957983193276339 0
5606 0.2372881355934576 0.9747899159653939 0
5607 0.2372881355934447 0.9915966386544515 0
5608 0.2372881355934318 1.00840336134352 0
5609 0.2372881355934188 1.025210084032599 0
5610 0.2372881355934058 1.04201680672168 0
5611 0.2372881355933929 1.058823529410762 0
5612 0.23728813559338 1.075630252099844 0
5613 0.237288135593367 1.092436974788926 0
5614 0.2372881355933541 1.109243697478008 0
5615 0.2372881355933412 1.12605042016709 0
5616 0.2372881355933282 1.142857142856171 0
5617 0.2372881355933153 1.159663865545253 0
5618 0.2372881355933023 1.176470588234335 0
5619 0.2372881355932894 1.193277310923416 0
5620 0.2372881355932765 1.210084033612498 0
5621 0.2372881355932636 1.22689075630158 0
5622 0.2372881355932506 1.243697478990662 0
5623 0.2372881355932377 1.260504201679743 0
5624 0.2372881355932247 1.277310924368826 0
5625 0.2372881355932118 1.294117647057907 0
5626 0.2372881355931988 1.310924369746989 0
5627 0.2372881355931859 1.327731092436071 0
5628 0.237288135593173 1.344537815125153 0
5629 0.23728813559316 1.361344537814234 0
5630 0.2372881355931471 1.378151260503316 0
5631 0.2372881355931342 1.394957983192398 0
5632 0.2372881355931212 1.41176470588148 0
5633 0.2372881355931082 1.428571428570561 0
5634 0.2372881355930954 1.445378151259643 0
5635 0.2372881355930824 1.462184873948725 0
5636 0.2372881355930694 1.478991596637806 0
5637 0.2372881355930565 1.495798319326889 0
5638 0.2372881355930436 1.51260504201597 0
5639 0.2372881355930306 1.529411764705052 0
5640 0.2372881355930178 1.546218487394134 0
5641 0.2372881355930048 1.563025210083215 0
5642 0.2372881355929918 1.579831932772297 0
5643 0.2372881355929789 1.596638655461379 0
5644 0.2372881355929659 1.613445378150461 0
5645 0.237288135592953 1.630252100839542 0
5646 0.23728813559294 1.647058823528625 0
5647 0.2372881355929272 1.663865546217706 0
5648 0.2372881355929142 1.680672268906787 0
5649 0.2372881355929013 1.69747899159587 0
5650 0.2372881355928883 1.714285714284951 0
5651 0.2372881355928754 1.731092436974033 0
5652 0.2372881355928624 1.747899159663124 0
5653 0.2372881355928495 1.764705882352236 0
5654 0.2372881355928366 1.781512605041361 0
5655 0.2372881355928236 1.798319327730487 0
5656 0.2372881355928107 1.815126050419613 0
5657 0.2372881355927977 1.83193277310874 0
5658 0.2372881355927848 1.848739495797865 0
5659 0.2372881355927719 1.865546218486992 0
5660 0.237288135592759 1.882352941176118 0
5661 0.237288135592746 1.899159663865244 0
5662 0.2372881355927331 1.91596638655437 0
5663 0.2372881355927201 1.932773109243496 0
5664 0.2372881355927072 1.949579831932622 0
5665 0.2372881355926942 1.966386554621748 0
5666 0.2372881355926813 1.983193277310874 0
5667 0.2203389830517528 0.01680672268906615 0
5668 0.2203389830517409 0.03361344537813256 0
5669 0.2203389830517289 0.05042016806719872 0
5670 0.220338983051717 0.06722689075626342 0
5671 0.220338983051705 0.08403361344532601 0
5672 0.2203389830516931 0.1008403361343879 0
5673 0.2203389830516812 0.1176470588234508 0
5674 0.2203389830516693 0.1344537815125176 0
5675 0.2203389830516573 0.1512605042015877 0
5676 0.2203389830516454 0.1680672268906587 0
5677 0.2203389830516335 0.1848739495797297 0
5678 0.2203389830516215 0.2016806722688007 0
5679 0.2203389830516096 0.2184873949578716 0
5680 0.2203389830515977 0.2352941176469424 0
5681 0.2203389830515857 0.2521008403360077 0
5682 0.2203389830515738 0.2689075630250641 0
5683 0.2203389830515618 0.2857142857141168 0
5684 0.2203389830515499 0.3025210084031696 0
5685 0.220338983051538 0.3193277310922225 0
5686 0.2203389830515261 0.3361344537812753 0
5687 0.2203389830515142 0.3529411764703281 0
5688 0.2203389830515022 0.3697478991593809 0
5689 0.2203389830514903 0.3865546218484336 0
5690 0.2203389830514784 0.4033613445374865 0
5691 0.2203389830514665 0.4201680672265392 0
5692 0.2203389830514545 0.436974789915592 0
5693 0.2203389830514426 0.4537815126046449 0
5694 0.2203389830514306 0.4705882352936976 0
5695 0.2203389830514187 0.4873949579827504 0
5696 0.2203389830514068 0.5042016806718033 0
5697 0.2203389830513948 0.521008403360856 0
5698 0.2203389830513829 0.5378151260499087 0
5699 0.220338983051371 0.5546218487389616 0
5700 0.2203389830513591 0.5714285714280144 0
5701 0.2203389830513471 0.5882352941170673 0
5702 0.2203389830513353 0.60504201680612 0
5703 0.2203389830513233 0.6218487394951727 0
5704 0.2203389830513114 0.6386554621842254 0
5705 0.2203389830512994 0.6554621848732782 0
5706 0.2203389830512874 0.6722689075623313 0
5707 0.2203389830512755 0.6890756302513843 0
5708 0.2203389830512636 0.7058823529404368 0
5709 0.2203389830512517 0.7226890756294895 0
5710 0.2203389830512397 0.7394957983185424 0
5711 0.2203389830512278 0.7563025210075951 0
5712 0.2203389830512159 0.773109243696648 0
5713 0.220338983051204 0.7899159663857008 0
5714 0.220338983051192 0.8067226890747534 0
5715 0.2203389830511801 0.8235294117638065 0
5716 0.2203389830511682 0.840336134452859 0
5717 0.2203389830511563 0.8571428571419121 0
5718 0.2203389830511443 0.873949579830965 0
5719 0.2203389830511324 0.8907563025200176 0
5720 0.2203389830511204 0.9075630252090705 0
5721 0.2203389830511086 0.9243697478981233 0
5722 0.2203389830510966 0.9411764705871759 0
5723 0.2203389830510847 0.9579831932762288 0
5724 0.2203389830510727 0.9747899159652815 0
5725 0.2203389830510608 0.9915966386543378 0
5726 0.2203389830510488 1.008403361343406 0
5727 0.2203389830510369 1.025210084032487 0
5728 0.2203389830510251 1.042016806721572 0
5729 0.2203389830510131 1.058823529410656 0
5730 0.2203389830510012 1.075630252099741 0
5731 0.2203389830509892 1.092436974788825 0
5732 0.2203389830509773 1.10924369747791 0
5733 0.2203389830509653 1.126050420166995 0
5734 0.2203389830509535 1.142857142856079 0
5735 0.2203389830509415 1.159663865545164 0
5736 0.2203389830509296 1.176470588234248 0
5737 0.2203389830509176 1.193277310923333 0
5738 0.2203389830509057 1.210084033612417 0
5739 0.2203389830508938 1.226890756301502 0
5740 0.2203389830508818 1.243697478990586 0
5741 0.2203389830508699 1.260504201679671 0
5742 0.220338983050858 1.277310924368755 0
5743 0.220338983050846 1.294117647057839 0
5744 0.2203389830508341 1.310924369746924 0
5745 0.2203389830508222 1.327731092436009 0
5746 0.2203389830508102 1.344537815125093 0
5747 0.2203389830507983 1.361344537814178 0
5748 0.2203389830507864 1.378151260503262 0
5749 0.2203389830507745 1.394957983192347 0
5750 0.2203389830507625 1.411764705881431 0
5751 0.2203389830507506 1.428571428570516 0
5752 0.2203389830507387 1.4453781512596 0
5753 0.2203389830507267 1.462184873948685 0
5754 0.2203389830507148 1.478991596637769 0
5755 0.2203389830507029 1.495798319326854 0
5756 0.2203389830506909 1.512605042015938 0
5757 0.220338983050679 1.529411764705022 0
5758 0.2203389830506671 1.546218487394107 0
5759 0.2203389830506551 1.563025210083191 0
5760 0.2203389830506432 1.579831932772276 0
5761 0.2203389830506313 1.596638655461361 0
5762 0.2203389830506194 1.613445378150445 0
5763 0.2203389830506075 1.63025210083953 0
5764 0.2203389830505955 1.647058823528614 0
5765 0.2203389830505835 1.663865546217699 0
5766 0.2203389830505716 1.680672268906783 0
5767 0.2203389830505597 1.697478991595867 0
5768 0.2203389830505478 1.714285714284952 0
5769 0.2203389830505358 1.731092436974036 0
5770 0.2203389830505239 1.747899159663129 0
5771 0.220338983050512 1.764705882352242 0
5772 0.2203389830505 1.781512605041367 0
5773 0.2203389830504882 1.798319327730493 0
5774 0.2203389830504762 1.815126050419618 0
5775 0.2203389830504643 1.831932773108744 0
5776 0.2203389830504524 1.84873949579787 0
5777 0.2203389830504404 1.865546218486996 0
5778 0.2203389830504285 1.882352941176121 0
5779 0.2203389830504165 1.899159663865246 0
5780 0.2203389830504046 1.915966386554372 0
5781 0.2203389830503927 1.932773109243498 0
5782 0.2203389830503807 1.949579831932624 0
5783 0.2203389830503688 1.966386554621749 0
5784 0.2203389830503569 1.983193277310875 0
5785 0.2033898305093103 0.01680672268906443 0
5786 0.2033898305092994 0.03361344537812912 0
5787 0.2033898305092884 0.05042016806719356 0
5788 0.2033898305092776 0.06722689075625649 0
5789 0.2033898305092666 0.08403361344531729 0
5790 0.2033898305092557 0.1008403361343773 0
5791 0.2033898305092448 0.1176470588234385 0
5792 0.2033898305092339 0.1344537815125036 0
5793 0.2033898305092229 0.151260504201572 0
5794 0.203389830509212 0.1680672268906414 0
5795 0.2033898305092011 0.1848739495797107 0
5796 0.2033898305091902 0.2016806722687801 0
5797 0.2033898305091792 0.2184873949578494 0
5798 0.2033898305091684 0.2352941176469185 0
5799 0.2033898305091574 0.252100840335982 0
5800 0.2033898305091465 0.2689075630250366 0
5801 0.2033898305091356 0.2857142857140874 0
5802 0.2033898305091246 0.3025210084031381 0
5803 0.2033898305091137 0.3193277310921888 0
5804 0.2033898305091029 0.3361344537812397 0
5805 0.2033898305090919 0.3529411764702904 0
5806 0.203389830509081 0.3697478991593413 0
5807 0.2033898305090701 0.3865546218483921 0
5808 0.2033898305090591 0.4033613445374428 0
5809 0.2033898305090482 0.4201680672264935 0
5810 0.2033898305090373 0.4369747899155444 0
5811 0.2033898305090263 0.4537815126045951 0
5812 0.2033898305090154 0.4705882352936459 0
5813 0.2033898305090045 0.4873949579826967 0
5814 0.2033898305089936 0.5042016806717475 0
5815 0.2033898305089827 0.5210084033607982 0
5816 0.2033898305089717 0.5378151260498492 0
5817 0.2033898305089609 0.5546218487388999 0
5818 0.2033898305089499 0.5714285714279504 0
5819 0.2033898305089389 0.5882352941170014 0
5820 0.2033898305089281 0.6050420168060521 0
5821 0.2033898305089171 0.621848739495103 0
5822 0.2033898305089062 0.6386554621841537 0
5823 0.2033898305088953 0.6554621848732046 0
5824 0.2033898305088843 0.6722689075622555 0
5825 0.2033898305088735 0.689075630251306 0
5826 0.2033898305088625 0.7058823529403568 0
5827 0.2033898305088516 0.7226890756294078 0
5828 0.2033898305088406 0.7394957983184585 0
5829 0.2033898305088297 0.7563025210075092 0
5830 0.2033898305088189 0.7731092436965599 0
5831 0.2033898305088079 0.7899159663856107 0
5832 0.203389830508797 0.8067226890746615 0
5833 0.2033898305087861 0.8235294117637125 0
5834 0.2033898305087752 0.840336134452763 0
5835 0.2033898305087642 0.857142857141814 0
5836 0.2033898305087534 0.8739495798308646 0
5837 0.2033898305087424 0.8907563025199156 0
5838 0.2033898305087314 0.9075630252089661 0
5839 0.2033898305087206 0.9243697478980172 0
5840 0.2033898305087096 0.9411764705870678 0
5841 0.2033898305086987 0.9579831932761187 0
5842 0.2033898305086878 0.9747899159651694 0
5843 0.2033898305086769 0.9915966386542241 0
5844 0.2033898305086659 1.008403361343293 0
5845 0.203389830508655 1.025210084032376 0
5846 0.2033898305086441 1.042016806721463 0
5847 0.2033898305086332 1.058823529410551 0
5848 0.2033898305086222 1.075630252099638 0
5849 0.2033898305086113 1.092436974788725 0
5850 0.2033898305086004 1.109243697477813 0
5851 0.2033898305085895 1.1260504201669 0
5852 0.2033898305085786 1.142857142855987 0
5853 0.2033898305085676 1.159663865545074 0
5854 0.2033898305085567 1.176470588234162 0
5855 0.2033898305085458 1.193277310923248 0
5856 0.2033898305085349 1.210084033612336 0
5857 0.2033898305085239 1.226890756301424 0
5858 0.203389830508513 1.24369747899051 0
5859 0.2033898305085021 1.260504201679598 0
5860 0.2033898305084912 1.277310924368685 0
5861 0.2033898305084803 1.294117647057772 0
5862 0.2033898305084694 1.310924369746859 0
5863 0.2033898305084584 1.327731092435946 0
5864 0.2033898305084475 1.344537815125034 0
5865 0.2033898305084366 1.361344537814121 0
5866 0.2033898305084256 1.378151260503208 0
5867 0.2033898305084147 1.394957983192295 0
5868 0.2033898305084038 1.411764705881383 0
5869 0.2033898305083929 1.42857142857047 0
5870 0.203389830508382 1.445378151259557 0
5871 0.2033898305083711 1.462184873948644 0
5872 0.2033898305083601 1.478991596637732 0
5873 0.2033898305083492 1.495798319326819 0
5874 0.2033898305083383 1.512605042015906 0
5875 0.2033898305083274 1.529411764704993 0
5876 0.2033898305083165 1.546218487394081 0
5877 0.2033898305083055 1.563025210083167 0
5878 0.2033898305082946 1.579831932772255 0
5879 0.2033898305082837 1.596638655461342 0
5880 0.2033898305082728 1.613445378150429 0
5881 0.2033898305082619 1.630252100839517 0
5882 0.2033898305082509 1.647058823528604 0
5883 0.20338983050824 1.663865546217691 0
5884 0.2033898305082291 1.680672268906778 0
5885 0.2033898305082181 1.697478991595865 0
5886 0.2033898305082072 1.714285714284953 0
5887 0.2033898305081963 1.73109243697404 0
5888 0.2033898305081854 1.747899159663135 0
5889 0.2033898305081744 1.764705882352248 0
5890 0.2033898305081636 1.781512605041373 0
5891 0.2033898305081526 1.798319327730498 0
5892 0.2033898305081417 1.815126050419623 0
5893 0.2033898305081308 1.831932773108748 0
5894 0.2033898305081199 1.848739495797874 0
5895 0.2033898305081089 1.865546218486998 0
5896 0.203389830508098 1.882352941176124 0
5897 0.2033898305080871 1.899159663865249 0
5898 0.2033898305080762 1.915966386554374 0
5899 0.2033898305080653 1.9327731092435 0
5900 0.2033898305080543 1.949579831932625 0
5901 0.2033898305080434 1.96638655462175 0
5902 0.2033898305080325 1.983193277310875 0
5903 0.1864406779668678 0.01680672268906271 0
5904 0.1864406779668579 0.03361344537812568 0
5905 0.1864406779668479 0.05042016806718838 0
5906 0.1864406779668381 0.06722689075624955 0
5907 0.1864406779668281 0.08403361344530855 0
5908 0.1864406779668182 0.1008403361343668 0
5909 0.1864406779668083 0.1176470588234262 0
5910 0.1864406779667984 0.1344537815124895 0
5911 0.1864406779667885 0.1512605042015563 0
5912 0.1864406779667785 0.1680672268906241 0
5913 0.1864406779667686 0.1848739495796918 0
5914 0.1864406779667587 0.2016806722687595 0
5915 0.1864406779667488 0.2184873949578272 0
5916 0.1864406779667389 0.2352941176468947 0
5917 0.186440677966729 0.2521008403359565 0
5918 0.1864406779667191 0.2689075630250092 0
5919 0.1864406779667092 0.2857142857140578 0
5920 0.1864406779666993 0.3025210084031066 0
5921 0.1864406779666893 0.3193277310921552 0
5922 0.1864406779666795 0.3361344537812041 0
5923 0.1864406779666695 0.3529411764702529 0
5924 0.1864406779666596 0.3697478991593017 0
5925 0.1864406779666498 0.3865546218483504 0
5926 0.1864406779666398 0.4033613445373991 0
5927 0.1864406779666299 0.4201680672264479 0
5928 0.18644067796662 0.4369747899154967 0
5929 0.1864406779666101 0.4537815126045454 0
5930 0.1864406779666001 0.4705882352935942 0
5931 0.1864406779665902 0.487394957982643 0
5932 0.1864406779665803 0.5042016806716918 0
5933 0.1864406779665704 0.5210084033607405 0
5934 0.1864406779665604 0.5378151260497892 0
5935 0.1864406779665506 0.5546218487388381 0
5936 0.1864406779665407 0.5714285714278867 0
5937 0.1864406779665307 0.5882352941169354 0
5938 0.1864406779665209 0.6050420168059844 0
5939 0.1864406779665109 0.6218487394950331 0
5940 0.186440677966501 0.638655462184082 0
5941 0.1864406779664911 0.6554621848731307 0
5942 0.1864406779664812 0.6722689075621796 0
5943 0.1864406779664713 0.6890756302512282 0
5944 0.1864406779664614 0.7058823529402769 0
5945 0.1864406779664515 0.7226890756293256 0
5946 0.1864406779664415 0.7394957983183743 0
5947 0.1864406779664316 0.756302521007423 0
5948 0.1864406779664217 0.7731092436964719 0
5949 0.1864406779664118 0.7899159663855209 0
5950 0.1864406779664018 0.8067226890745696 0
5951 0.186440677966392 0.8235294117636184 0
5952 0.186440677966382 0.8403361344526671 0
5953 0.1864406779663722 0.8571428571417157 0
5954 0.1864406779663622 0.8739495798307646 0
5955 0.1864406779663523 0.8907563025198134 0
5956 0.1864406779663424 0.9075630252088619 0
5957 0.1864406779663325 0.9243697478979108 0
5958 0.1864406779663226 0.9411764705869594 0
5959 0.1864406779663127 0.9579831932760083 0
5960 0.1864406779663028 0.974789915965057 0
5961 0.1864406779662928 0.9915966386541104 0
5962 0.1864406779662829 1.00840336134318 0
5963 0.1864406779662731 1.025210084032265 0
5964 0.1864406779662631 1.042016806721355 0
5965 0.1864406779662532 1.058823529410445 0
5966 0.1864406779662433 1.075630252099535 0
5967 0.1864406779662334 1.092436974788625 0
5968 0.1864406779662234 1.109243697477715 0
5969 0.1864406779662136 1.126050420166805 0
5970 0.1864406779662037 1.142857142855895 0
5971 0.1864406779661937 1.159663865544985 0
5972 0.1864406779661838 1.176470588234075 0
5973 0.1864406779661739 1.193277310923165 0
5974 0.186440677966164 1.210084033612255 0
5975 0.1864406779661541 1.226890756301344 0
5976 0.1864406779661442 1.243697478990435 0
5977 0.1864406779661343 1.260504201679524 0
5978 0.1864406779661244 1.277310924368614 0
5979 0.1864406779661145 1.294117647057704 0
5980 0.1864406779661045 1.310924369746794 0
5981 0.1864406779660946 1.327731092435884 0
5982 0.1864406779660847 1.344537815124975 0
5983 0.1864406779660748 1.361344537814064 0
5984 0.1864406779660649 1.378151260503155 0
5985 0.186440677966055 1.394957983192244 0
5986 0.186440677966045 1.411764705881334 0
5987 0.1864406779660351 1.428571428570424 0
5988 0.1864406779660253 1.445378151259514 0
5989 0.1864406779660153 1.462184873948604 0
5990 0.1864406779660054 1.478991596637694 0
5991 0.1864406779659955 1.495798319326784 0
5992 0.1864406779659856 1.512605042015874 0
5993 0.1864406779659756 1.529411764704964 0
5994 0.1864406779659658 1.546218487394054 0
5995 0.1864406779659559 1.563025210083144 0
5996 0.186440677965946 1.579831932772234 0
5997 0.186440677965936 1.596638655461324 0
5998 0.1864406779659261 1.613445378150413 0
5999 0.1864406779659162 1.630252100839504 0
6000 0.1864406779659062 1.647058823528593 0
6001 0.1864406779658964 1.663865546217684 0
6002 0.1864406779658865 1.680672268906773 0
6003 0.1864406779658765 1.697478991595864 0
6004 0.1864406779658666 1.714285714284953 0
6005 0.1864406779658567 1.731092436974043 0
6006 0.1864406779658468 1.74789915966314 0
6007 0.1864406779658369 1.764705882352254 0
6008 0.186440677965827 1.781512605041378 0
6009 0.1864406779658171 1.798319327730503 0
6010 0.1864406779658072 1.815126050419628 0
6011 0.1864406779657972 1.831932773108753 0
6012 0.1864406779657873 1.848739495797877 0
6013 0.1864406779657775 1.865546218487002 0
6014 0.1864406779657675 1.882352941176127 0
6015 0.1864406779657576 1.899159663865252 0
6016 0.1864406779657477 1.915966386554377 0
6017 0.1864406779657378 1.932773109243501 0
6018 0.1864406779657278 1.949579831932626 0
6019 0.1864406779657179 1.966386554621751 0
6020 0.1864406779657081 1.983193277310876 0
6021 0.1694915254244255 0.01680672268906097 0
6022 0.1694915254244166 0.03361344537812223 0
6023 0.1694915254244076 0.05042016806718322 0
6024 0.1694915254243987 0.06722689075624261 0
6025 0.1694915254243898 0.0840336134452998 0
6026 0.169491525424381 0.1008403361343562 0
6027 0.169491525424372 0.1176470588234138 0
6028 0.1694915254243631 0.1344537815124754 0
6029 0.1694915254243542 0.1512605042015406 0
6030 0.1694915254243453 0.1680672268906067 0
6031 0.1694915254243364 0.1848739495796728 0
6032 0.1694915254243275 0.2016806722687389 0
6033 0.1694915254243186 0.218487394957805 0
6034 0.1694915254243097 0.2352941176468709 0
6035 0.1694915254243008 0.2521008403359309 0
6036 0.1694915254242919 0.2689075630249816 0
6037 0.169491525424283 0.2857142857140283 0
6038 0.1694915254242741 0.3025210084030751 0
6039 0.1694915254242652 0.3193277310921217 0
6040 0.1694915254242563 0.3361344537811686 0
6041 0.1694915254242473 0.3529411764702154 0
6042 0.1694915254242385 0.3697478991592621 0
6043 0.1694915254242296 0.3865546218483089 0
6044 0.1694915254242207 0.4033613445373555 0
6045 0.1694915254242117 0.4201680672264023 0
6046 0.1694915254242028 0.436974789915449 0
6047 0.1694915254241939 0.4537815126044958 0
6048 0.169491525424185 0.4705882352935424 0
6049 0.1694915254241761 0.4873949579825893 0
6050 0.1694915254241672 0.5042016806716361 0
6051 0.1694915254241584 0.5210084033606828 0
6052 0.1694915254241494 0.5378151260497295 0
6053 0.1694915254241405 0.5546218487387764 0
6054 0.1694915254241316 0.571428571427823 0
6055 0.1694915254241227 0.5882352941168697 0
6056 0.1694915254241138 0.6050420168059166 0
6057 0.1694915254241049 0.6218487394949631 0
6058 0.169491525424096 0.6386554621840099 0
6059 0.1694915254240871 0.6554621848730567 0
6060 0.1694915254240782 0.6722689075621034 0
6061 0.1694915254240693 0.6890756302511502 0
6062 0.1694915254240603 0.705882352940197 0
6063 0.1694915254240514 0.7226890756292439 0
6064 0.1694915254240426 0.7394957983182904 0
6065 0.1694915254240336 0.7563025210073373 0
6066 0.1694915254240247 0.773109243696384 0
6067 0.1694915254240159 0.7899159663854308 0
6068 0.169491525424007 0.8067226890744774 0
6069 0.169491525423998 0.8235294117635241 0
6070 0.1694915254239892 0.8403361344525709 0
6071 0.1694915254239802 0.8571428571416176 0
6072 0.1694915254239713 0.8739495798306643 0
6073 0.1694915254239624 0.8907563025197113 0
6074 0.1694915254239535 0.907563025208758 0
6075 0.1694915254239446 0.9243697478978047 0
6076 0.1694915254239357 0.9411764705868513 0
6077 0.1694915254239268 0.957983193275898 0
6078 0.1694915254239179 0.9747899159649449 0
6079 0.1694915254239089 0.9915966386539967 0
6080 0.1694915254239001 1.008403361343066 0
6081 0.1694915254238912 1.025210084032154 0
6082 0.1694915254238823 1.042016806721246 0
6083 0.1694915254238734 1.058823529410339 0
6084 0.1694915254238645 1.075630252099432 0
6085 0.1694915254238556 1.092436974788525 0
6086 0.1694915254238467 1.109243697477617 0
6087 0.1694915254238378 1.12605042016671 0
6088 0.1694915254238289 1.142857142855803 0
6089 0.16949152542382 1.159663865544895 0
6090 0.1694915254238111 1.176470588233989 0
6091 0.1694915254238021 1.193277310923081 0
6092 0.1694915254237932 1.210084033612173 0
6093 0.1694915254237843 1.226890756301266 0
6094 0.1694915254237754 1.243697478990359 0
6095 0.1694915254237666 1.260504201679451 0
6096 0.1694915254237576 1.277310924368544 0
6097 0.1694915254237487 1.294117647057637 0
6098 0.1694915254237398 1.31092436974673 0
6099 0.1694915254237309 1.327731092435823 0
6100 0.169491525423722 1.344537815124915 0
6101 0.1694915254237131 1.361344537814007 0
6102 0.1694915254237042 1.3781512605031 0
6103 0.1694915254236953 1.394957983192193 0
6104 0.1694915254236864 1.411764705881286 0
6105 0.1694915254236775 1.428571428570379 0
6106 0.1694915254236686 1.445378151259471 0
6107 0.1694915254236596 1.462184873948564 0
6108 0.1694915254236508 1.478991596637656 0
6109 0.1694915254236419 1.495798319326749 0
6110 0.169491525423633 1.512605042015842 0
6111 0.1694915254236241 1.529411764704934 0
6112 0.1694915254236152 1.546218487394027 0
6113 0.1694915254236062 1.563025210083119 0
6114 0.1694915254235974 1.579831932772212 0
6115 0.1694915254235885 1.596638655461305 0
6116 0.1694915254235795 1.613445378150398 0
6117 0.1694915254235706 1.630252100839491 0
6118 0.1694915254235617 1.647058823528584 0
6119 0.1694915254235528 1.663865546217676 0
6120 0.169491525423544 1.680672268906769 0
6121 0.169491525423535 1.697478991595861 0
6122 0.1694915254235261 1.714285714284954 0
6123 0.1694915254235172 1.731092436974047 0
6124 0.1694915254235083 1.747899159663146 0
6125 0.1694915254234994 1.76470588235226 0
6126 0.1694915254234905 1.781512605041384 0
6127 0.1694915254234816 1.798319327730509 0
6128 0.1694915254234727 1.815126050419632 0
6129 0.1694915254234638 1.831932773108757 0
6130 0.1694915254234549 1.848739495797881 0
6131 0.1694915254234459 1.865546218487006 0
6132 0.169491525423437 1.88235294117613 0
6133 0.1694915254234282 1.899159663865254 0
6134 0.1694915254234193 1.915966386554378 0
6135 0.1694915254234103 1.932773109243503 0
6136 0.1694915254234014 1.949579831932627 0
6137 0.1694915254233925 1.966386554621752 0
6138 0.1694915254233836 1.983193277310876 0
6139 0.1525423728819831 0.01680672268905925 0
6140 0.1525423728819751 0.03361344537811878 0
6141 0.1525423728819672 0.05042016806717804 0
6142 0.1525423728819593 0.06722689075623567 0
6143 0.1525423728819514 0.08403361344529109 0
6144 0.1525423728819435 0.1008403361343457 0
6145 0.1525423728819356 0.1176470588234014 0
6146 0.1525423728819278 0.1344537815124614 0
6147 0.1525423728819199 0.1512605042015249 0
6148 0.152542372881912 0.1680672268905894 0
6149 0.1525423728819041 0.1848739495796539 0
6150 0.1525423728818961 0.2016806722687184 0
6151 0.1525423728818883 0.2184873949577828 0
6152 0.1525423728818804 0.2352941176468471 0
6153 0.1525423728818724 0.2521008403359054 0
6154 0.1525423728818646 0.2689075630249541 0
6155 0.1525423728818567 0.2857142857139988 0
6156 0.1525423728818488 0.3025210084030435 0
6157 0.1525423728818409 0.3193277310920882 0
6158 0.152542372881833 0.3361344537811329 0
6159 0.1525423728818251 0.3529411764701776 0
6160 0.1525423728818172 0.3697478991592225 0
6161 0.1525423728818093 0.3865546218482671 0
6162 0.1525423728818014 0.403361344537312 0
6163 0.1525423728817935 0.4201680672263565 0
6164 0.1525423728817856 0.4369747899154014 0
6165 0.1525423728817777 0.4537815126044462 0
6166 0.1525423728817698 0.4705882352934908 0
6167 0.1525423728817619 0.4873949579825356 0
6168 0.152542372881754 0.5042016806715803 0
6169 0.1525423728817462 0.521008403360625 0
6170 0.1525423728817383 0.5378151260496697 0
6171 0.1525423728817304 0.5546218487387145 0
6172 0.1525423728817225 0.571428571427759 0
6173 0.1525423728817146 0.588235294116804 0
6174 0.1525423728817066 0.6050420168058487 0
6175 0.1525423728816988 0.6218487394948934 0
6176 0.1525423728816909 0.6386554621839381 0
6177 0.152542372881683 0.6554621848729828 0
6178 0.1525423728816751 0.6722689075620277 0
6179 0.1525423728816672 0.6890756302510724 0
6180 0.1525423728816593 0.705882352940117 0
6181 0.1525423728816514 0.7226890756291617 0
6182 0.1525423728816435 0.7394957983182064 0
6183 0.1525423728816356 0.7563025210072511 0
6184 0.1525423728816277 0.7731092436962959 0
6185 0.1525423728816198 0.7899159663853407 0
6186 0.1525423728816119 0.8067226890743853 0
6187 0.152542372881604 0.8235294117634301 0
6188 0.1525423728815961 0.8403361344524748 0
6189 0.1525423728815882 0.8571428571415196 0
6190 0.1525423728815803 0.8739495798305644 0
6191 0.1525423728815725 0.8907563025196091 0
6192 0.1525423728815645 0.9075630252086538 0
6193 0.1525423728815566 0.9243697478976983 0
6194 0.1525423728815488 0.9411764705867431 0
6195 0.1525423728815409 0.9579831932757878 0
6196 0.1525423728815329 0.9747899159648326 0
6197 0.1525423728815251 0.991596638653883 0
6198 0.1525423728815172 1.008403361342953 0
6199 0.1525423728815093 1.025210084032043 0
6200 0.1525423728815014 1.042016806721138 0
6201 0.1525423728814935 1.058823529410233 0
6202 0.1525423728814856 1.075630252099329 0
6203 0.1525423728814777 1.092436974788424 0
6204 0.1525423728814698 1.10924369747752 0
6205 0.1525423728814619 1.126050420166615 0
6206 0.152542372881454 1.142857142855711 0
6207 0.1525423728814461 1.159663865544806 0
6208 0.1525423728814382 1.176470588233901 0
6209 0.1525423728814303 1.193277310922997 0
6210 0.1525423728814224 1.210084033612093 0
6211 0.1525423728814145 1.226890756301188 0
6212 0.1525423728814066 1.243697478990283 0
6213 0.1525423728813987 1.260504201679378 0
6214 0.1525423728813908 1.277310924368474 0
6215 0.1525423728813829 1.294117647057569 0
6216 0.1525423728813751 1.310924369746665 0
6217 0.1525423728813671 1.32773109243576 0
6218 0.1525423728813592 1.344537815124855 0
6219 0.1525423728813514 1.361344537813951 0
6220 0.1525423728813434 1.378151260503047 0
6221 0.1525423728813356 1.394957983192142 0
6222 0.1525423728813277 1.411764705881237 0
6223 0.1525423728813198 1.428571428570333 0
6224 0.1525423728813119 1.445378151259428 0
6225 0.152542372881304 1.462184873948523 0
6226 0.1525423728812961 1.478991596637619 0
6227 0.1525423728812882 1.495798319326715 0
6228 0.1525423728812803 1.51260504201581 0
6229 0.1525423728812724 1.529411764704905 0
6230 0.1525423728812645 1.546218487394001 0
6231 0.1525423728812566 1.563025210083096 0
6232 0.1525423728812487 1.579831932772191 0
6233 0.1525423728812408 1.596638655461287 0
6234 0.152542372881233 1.613445378150382 0
6235 0.152542372881225 1.630252100839478 0
6236 0.1525423728812171 1.647058823528573 0
6237 0.1525423728812092 1.663865546217669 0
6238 0.1525423728812013 1.680672268906764 0
6239 0.1525423728811934 1.697478991595859 0
6240 0.1525423728811856 1.714285714284955 0
6241 0.1525423728811777 1.73109243697405 0
6242 0.1525423728811698 1.747899159663151 0
6243 0.1525423728811619 1.764705882352266 0
6244 0.152542372881154 1.78151260504139 0
6245 0.1525423728811461 1.798319327730514 0
6246 0.1525423728811381 1.815126050419638 0
6247 0.1525423728811303 1.831932773108761 0
6248 0.1525423728811224 1.848739495797885 0
6249 0.1525423728811145 1.865546218487009 0
6250 0.1525423728811066 1.882352941176133 0
6251 0.1525423728810987 1.899159663865257 0
6252 0.1525423728810908 1.915966386554381 0
6253 0.1525423728810829 1.932773109243505 0
6254 0.152542372881075 1.949579831932629 0
6255 0.1525423728810671 1.966386554621752 0
6256 0.1525423728810592 1.983193277310876 0
6257 0.1355932203395406 0.01680672268905753 0
6258 0.1355932203395337 0.03361344537811534 0
6259 0.1355932203395268 0.05042016806717288 0
6260 0.1355932203395199 0.06722689075622873 0
6261 0.135593220339513 0.08403361344528235 0
6262 0.1355932203395062 0.1008403361343351 0
6263 0.1355932203394993 0.1176470588233891 0
6264 0.1355932203394923 0.1344537815124473 0
6265 0.1355932203394855 0.1512605042015092 0
6266 0.1355932203394786 0.1680672268905721 0
6267 0.1355932203394717 0.1848739495796349 0
6268 0.1355932203394648 0.2016806722686978 0
6269 0.1355932203394579 0.2184873949577606 0
6270 0.135593220339451 0.2352941176468232 0
6271 0.1355932203394442 0.2521008403358799 0
6272 0.1355932203394373 0.2689075630249266 0
6273 0.1355932203394304 0.2857142857139693 0
6274 0.1355932203394235 0.302521008403012 0
6275 0.1355932203394166 0.3193277310920546 0
6276 0.1355932203394097 0.3361344537810974 0
6277 0.1355932203394028 0.3529411764701401 0
6278 0.1355932203393959 0.3697478991591828 0
6279 0.135593220339389 0.3865546218482256 0
6280 0.1355932203393821 0.4033613445372682 0
6281 0.1355932203393753 0.420168067226311 0
6282 0.1355932203393684 0.4369747899153537 0
6283 0.1355932203393615 0.4537815126043964 0
6284 0.1355932203393546 0.4705882352934391 0
6285 0.1355932203393477 0.4873949579824819 0
6286 0.1355932203393408 0.5042016806715246 0
6287 0.135593220339334 0.5210084033605673 0
6288 0.1355932203393271 0.5378151260496098 0
6289 0.1355932203393202 0.5546218487386527 0
6290 0.1355932203393133 0.5714285714276953 0
6291 0.1355932203393064 0.588235294116738 0
6292 0.1355932203392995 0.6050420168057807 0
6293 0.1355932203392927 0.6218487394948237 0
6294 0.1355932203392858 0.6386554621838662 0
6295 0.1355932203392789 0.6554621848729089 0
6296 0.135593220339272 0.6722689075619518 0
6297 0.1355932203392651 0.6890756302509943 0
6298 0.1355932203392582 0.7058823529400371 0
6299 0.1355932203392513 0.7226890756290798 0
6300 0.1355932203392444 0.7394957983181225 0
6301 0.1355932203392375 0.756302521007165 0
6302 0.1355932203392307 0.7731092436962079 0
6303 0.1355932203392238 0.7899159663852505 0
6304 0.1355932203392169 0.8067226890742933 0
6305 0.13559322033921 0.8235294117633359 0
6306 0.1355932203392031 0.8403361344523789 0
6307 0.1355932203391962 0.8571428571414214 0
6308 0.1355932203391894 0.8739495798304642 0
6309 0.1355932203391824 0.8907563025195067 0
6310 0.1355932203391755 0.9075630252085497 0
6311 0.1355932203391687 0.9243697478975922 0
6312 0.1355932203391618 0.941176470586635 0
6313 0.1355932203391549 0.9579831932756777 0
6314 0.135593220339148 0.9747899159647204 0
6315 0.1355932203391411 0.9915966386537691 0
6316 0.1355932203391342 1.00840336134284 0
6317 0.1355932203391274 1.025210084031932 0
6318 0.1355932203391205 1.04201680672103 0
6319 0.1355932203391136 1.058823529410128 0
6320 0.1355932203391067 1.075630252099226 0
6321 0.1355932203390998 1.092436974788324 0
6322 0.1355932203390929 1.109243697477423 0
6323 0.1355932203390861 1.126050420166521 0
6324 0.1355932203390792 1.142857142855619 0
6325 0.1355932203390723 1.159663865544717 0
6326 0.1355932203390654 1.176470588233815 0
6327 0.1355932203390585 1.193277310922914 0
6328 0.1355932203390516 1.210084033612011 0
6329 0.1355932203390448 1.226890756301109 0
6330 0.1355932203390378 1.243697478990207 0
6331 0.1355932203390309 1.260504201679306 0
6332 0.135593220339024 1.277310924368404 0
6333 0.1355932203390172 1.294117647057502 0
6334 0.1355932203390103 1.3109243697466 0
6335 0.1355932203390034 1.327731092435698 0
6336 0.1355932203389965 1.344537815124796 0
6337 0.1355932203389896 1.361344537813894 0
6338 0.1355932203389827 1.378151260502993 0
6339 0.1355932203389759 1.394957983192091 0
6340 0.135593220338969 1.411764705881189 0
6341 0.135593220338962 1.428571428570288 0
6342 0.1355932203389552 1.445378151259385 0
6343 0.1355932203389483 1.462184873948483 0
6344 0.1355932203389414 1.478991596637581 0
6345 0.1355932203389345 1.49579831932668 0
6346 0.1355932203389276 1.512605042015778 0
6347 0.1355932203389207 1.529411764704876 0
6348 0.1355932203389139 1.546218487393974 0
6349 0.135593220338907 1.563025210083072 0
6350 0.1355932203389001 1.57983193277217 0
6351 0.1355932203388932 1.596638655461268 0
6352 0.1355932203388863 1.613445378150366 0
6353 0.1355932203388794 1.630252100839465 0
6354 0.1355932203388726 1.647058823528563 0
6355 0.1355932203388657 1.663865546217661 0
6356 0.1355932203388588 1.680672268906759 0
6357 0.1355932203388519 1.697478991595857 0
6358 0.135593220338845 1.714285714284956 0
6359 0.1355932203388381 1.731092436974054 0
6360 0.1355932203388313 1.747899159663157 0
6361 0.1355932203388244 1.764705882352273 0
6362 0.1355932203388175 1.781512605041395 0
6363 0.1355932203388105 1.798319327730519 0
6364 0.1355932203388037 1.815126050419642 0
6365 0.1355932203387968 1.831932773108765 0
6366 0.1355932203387899 1.848739495797889 0
6367 0.135593220338783 1.865546218487012 0
6368 0.1355932203387761 1.882352941176136 0
6369 0.1355932203387692 1.899159663865259 0
6370 0.1355932203387623 1.915966386554383 0
6371 0.1355932203387555 1.932773109243506 0
6372 0.1355932203387485 1.94957983193263 0
6373 0.1355932203387417 1.966386554621753 0
6374 0.1355932203387348 1.983193277310877 0
6375 0.1186440677970982 0.01680672268905581 0
6376 0.1186440677970922 0.03361344537811188 0
6377 0.1186440677970863 0.0504201680671677 0
6378 0.1186440677970803 0.06722689075622182 0
6379 0.1186440677970743 0.0840336134452736 0
6380 0.1186440677970684 0.1008403361343246 0
6381 0.1186440677970624 0.1176470588233768 0
6382 0.1186440677970565 0.1344537815124332 0
6383 0.1186440677970505 0.1512605042014935 0
6384 0.1186440677970446 0.1680672268905547 0
6385 0.1186440677970386 0.184873949579616 0
6386 0.1186440677970326 0.2016806722686772 0
6387 0.1186440677970267 0.2184873949577385 0
6388 0.1186440677970207 0.2352941176467994 0
6389 0.1186440677970148 0.2521008403358543 0
6390 0.1186440677970088 0.268907563024899 0
6391 0.1186440677970028 0.2857142857139398 0
6392 0.1186440677969969 0.3025210084029805 0
6393 0.1186440677969909 0.3193277310920211 0
6394 0.118644067796985 0.3361344537810619 0
6395 0.118644067796979 0.3529411764701026 0
6396 0.1186440677969731 0.3697478991591432 0
6397 0.1186440677969671 0.3865546218481838 0
6398 0.1186440677969612 0.4033613445372246 0
6399 0.1186440677969552 0.4201680672262653 0
6400 0.1186440677969492 0.4369747899153059 0
6401 0.1186440677969433 0.4537815126043467 0
6402 0.1186440677969373 0.4705882352933873 0
6403 0.1186440677969314 0.4873949579824281 0
6404 0.1186440677969254 0.5042016806714689 0
6405 0.1186440677969194 0.5210084033605096 0
6406 0.1186440677969135 0.5378151260495503 0
6407 0.1186440677969076 0.5546218487385908 0
6408 0.1186440677969016 0.5714285714276316 0
6409 0.1186440677968956 0.5882352941166721 0
6410 0.1186440677968897 0.605042016805713 0
6411 0.1186440677968837 0.6218487394947535 0
6412 0.1186440677968778 0.6386554621837942 0
6413 0.1186440677968718 0.6554621848728351 0
6414 0.1186440677968658 0.6722689075618759 0
6415 0.1186440677968599 0.6890756302509163 0
6416 0.1186440677968539 0.7058823529399572 0
6417 0.118644067796848 0.7226890756289979 0
6418 0.118644067796842 0.7394957983180386 0
6419 0.1186440677968361 0.7563025210070793 0
6420 0.1186440677968301 0.77310924369612 0
6421 0.1186440677968241 0.7899159663851606 0
6422 0.1186440677968182 0.8067226890742014 0
6423 0.1186440677968122 0.823529411763242 0
6424 0.1186440677968063 0.8403361344522824 0
6425 0.1186440677968003 0.8571428571413232 0
6426 0.1186440677967943 0.873949579830364 0
6427 0.1186440677967884 0.8907563025194049 0
6428 0.1186440677967824 0.9075630252084453 0
6429 0.1186440677967765 0.924369747897486 0
6430 0.1186440677967705 0.9411764705865269 0
6431 0.1186440677967646 0.9579831932755676 0
6432 0.1186440677967586 0.9747899159646083 0
6433 0.1186440677967527 0.9915966386536554 0
6434 0.1186440677967467 1.008403361342726 0
6435 0.1186440677967407 1.025210084031821 0
6436 0.1186440677967348 1.042016806720921 0
6437 0.1186440677967288 1.058823529410022 0
6438 0.1186440677967229 1.075630252099123 0
6439 0.1186440677967169 1.092436974788224 0
6440 0.1186440677967109 1.109243697477325 0
6441 0.118644067796705 1.126050420166426 0
6442 0.118644067796699 1.142857142855527 0
6443 0.1186440677966931 1.159663865544627 0
6444 0.1186440677966871 1.176470588233729 0
6445 0.1186440677966812 1.193277310922829 0
6446 0.1186440677966752 1.21008403361193 0
6447 0.1186440677966693 1.226890756301031 0
6448 0.1186440677966633 1.243697478990132 0
6449 0.1186440677966573 1.260504201679232 0
6450 0.1186440677966514 1.277310924368334 0
6451 0.1186440677966454 1.294117647057434 0
6452 0.1186440677966394 1.310924369746535 0
6453 0.1186440677966335 1.327731092435636 0
6454 0.1186440677966275 1.344537815124737 0
6455 0.1186440677966216 1.361344537813838 0
6456 0.1186440677966156 1.378151260502939 0
6457 0.1186440677966097 1.39495798319204 0
6458 0.1186440677966037 1.41176470588114 0
6459 0.1186440677965978 1.428571428570241 0
6460 0.1186440677965918 1.445378151259342 0
6461 0.1186440677965859 1.462184873948443 0
6462 0.1186440677965799 1.478991596637544 0
6463 0.1186440677965739 1.495798319326645 0
6464 0.118644067796568 1.512605042015746 0
6465 0.118644067796562 1.529411764704846 0
6466 0.1186440677965561 1.546218487393947 0
6467 0.1186440677965501 1.563025210083048 0
6468 0.1186440677965441 1.579831932772149 0
6469 0.1186440677965382 1.59663865546125 0
6470 0.1186440677965322 1.61344537815035 0
6471 0.1186440677965263 1.630252100839452 0
6472 0.1186440677965203 1.647058823528553 0
6473 0.1186440677965144 1.663865546217654 0
6474 0.1186440677965084 1.680672268906754 0
6475 0.1186440677965025 1.697478991595855 0
6476 0.1186440677964965 1.714285714284955 0
6477 0.1186440677964906 1.731092436974057 0
6478 0.1186440677964846 1.747899159663162 0
6479 0.1186440677964786 1.764705882352278 0
6480 0.1186440677964727 1.781512605041401 0
6481 0.1186440677964667 1.798319327730524 0
6482 0.1186440677964608 1.815126050419647 0
6483 0.1186440677964548 1.83193277310877 0
6484 0.1186440677964488 1.848739495797893 0
6485 0.1186440677964429 1.865546218487016 0
6486 0.1186440677964369 1.882352941176139 0
6487 0.1186440677964309 1.899159663865262 0
6488 0.118644067796425 1.915966386554385 0
6489 0.1186440677964191 1.932773109243508 0
6490 0.1186440677964131 1.949579831932631 0
6491 0.1186440677964071 1.966386554621754 0
6492 0.1186440677964012 1.983193277310877 0
6493 0.1016949152546556 0.01680672268905408 0
6494 0.1016949152546504 0.03361344537810844 0
6495 0.1016949152546452 0.05042016806716253 0
6496 0.1016949152546401 0.06722689075621488 0
6497 0.1016949152546349 0.08403361344526489 0
6498 0.1016949152546298 0.100840336134314 0
6499 0.1016949152546247 0.1176470588233644 0
6500 0.1016949152546195 0.1344537815124192 0
6501 0.1016949152546144 0.1512605042014777 0
6502 0.1016949152546093 0.1680672268905374 0
6503 0.1016949152546041 0.184873949579597 0
6504 0.101694915254599 0.2016806722686567 0
6505 0.1016949152545938 0.2184873949577163 0
6506 0.1016949152545887 0.2352941176467756 0
6507 0.1016949152545835 0.2521008403358287 0
6508 0.1016949152545784 0.2689075630248715 0
6509 0.1016949152545733 0.2857142857139103 0
6510 0.1016949152545681 0.3025210084029489 0
6511 0.101694915254563 0.3193277310919876 0
6512 0.1016949152545579 0.3361344537810264 0
6513 0.1016949152545527 0.352941176470065 0
6514 0.1016949152545475 0.3697478991591037 0
6515 0.1016949152545424 0.3865546218481424 0
6516 0.1016949152545372 0.403361344537181 0
6517 0.1016949152545321 0.4201680672262196 0
6518 0.101694915254527 0.4369747899152584 0
6519 0.1016949152545218 0.4537815126042969 0
6520 0.1016949152545167 0.4705882352933357 0
6521 0.1016949152545116 0.4873949579823744 0
6522 0.1016949152545064 0.5042016806714129 0
6523 0.1016949152545013 0.5210084033604516 0
6524 0.1016949152544961 0.5378151260494903 0
6525 0.101694915254491 0.554621848738529 0
6526 0.1016949152544858 0.5714285714275675 0
6527 0.1016949152544807 0.5882352941166064 0
6528 0.1016949152544756 0.6050420168056453 0
6529 0.1016949152544704 0.6218487394946838 0
6530 0.1016949152544653 0.6386554621837224 0
6531 0.1016949152544601 0.6554621848727612 0
6532 0.101694915254455 0.6722689075617999 0
6533 0.1016949152544498 0.6890756302508384 0
6534 0.1016949152544447 0.7058823529398772 0
6535 0.1016949152544396 0.7226890756289159 0
6536 0.1016949152544344 0.7394957983179546 0
6537 0.1016949152544293 0.7563025210069931 0
6538 0.1016949152544241 0.7731092436960318 0
6539 0.101694915254419 0.7899159663850706 0
6540 0.1016949152544139 0.806722689074109 0
6541 0.1016949152544087 0.8235294117631481 0
6542 0.1016949152544036 0.8403361344521866 0
6543 0.1016949152543984 0.8571428571412253 0
6544 0.1016949152543933 0.8739495798302638 0
6545 0.1016949152543881 0.8907563025193027 0
6546 0.101694915254383 0.9075630252083414 0
6547 0.1016949152543779 0.92436974789738 0
6548 0.1016949152543727 0.9411764705864185 0
6549 0.1016949152543676 0.9579831932754574 0
6550 0.1016949152543625 0.9747899159644959 0
6551 0.1016949152543573 0.9915966386535415 0
6552 0.1016949152543522 1.008403361342613 0
6553 0.101694915254347 1.025210084031709 0
6554 0.1016949152543419 1.042016806720813 0
6555 0.1016949152543367 1.058823529409916 0
6556 0.1016949152543316 1.07563025209902 0
6557 0.1016949152543264 1.092436974788124 0
6558 0.1016949152543213 1.109243697477227 0
6559 0.1016949152543162 1.126050420166331 0
6560 0.101694915254311 1.142857142855435 0
6561 0.1016949152543059 1.159663865544538 0
6562 0.1016949152543007 1.176470588233642 0
6563 0.1016949152542956 1.193277310922745 0
6564 0.1016949152542905 1.210084033611849 0
6565 0.1016949152542853 1.226890756300953 0
6566 0.1016949152542802 1.243697478990056 0
6567 0.101694915254275 1.26050420167916 0
6568 0.1016949152542699 1.277310924368263 0
6569 0.1016949152542648 1.294117647057367 0
6570 0.1016949152542596 1.310924369746471 0
6571 0.1016949152542545 1.327731092435574 0
6572 0.1016949152542493 1.344537815124678 0
6573 0.1016949152542442 1.361344537813781 0
6574 0.1016949152542391 1.378151260502885 0
6575 0.1016949152542339 1.394957983191988 0
6576 0.1016949152542288 1.411764705881092 0
6577 0.1016949152542236 1.428571428570196 0
6578 0.1016949152542185 1.4453781512593 0
6579 0.1016949152542133 1.462184873948403 0
6580 0.1016949152542082 1.478991596637506 0
6581 0.101694915254203 1.49579831932661 0
6582 0.1016949152541979 1.512605042015714 0
6583 0.1016949152541928 1.529411764704817 0
6584 0.1016949152541876 1.546218487393921 0
6585 0.1016949152541825 1.563025210083024 0
6586 0.1016949152541773 1.579831932772128 0
6587 0.1016949152541722 1.596638655461232 0
6588 0.1016949152541671 1.613445378150336 0
6589 0.1016949152541619 1.630252100839439 0
6590 0.1016949152541568 1.647058823528543 0
6591 0.1016949152541516 1.663865546217646 0
6592 0.1016949152541465 1.68067226890675 0
6593 0.1016949152541414 1.697478991595853 0
6594 0.1016949152541362 1.714285714284957 0
6595 0.1016949152541311 1.73109243697406 0
6596 0.1016949152541259 1.747899159663168 0
6597 0.1016949152541208 1.764705882352285 0
6598 0.1016949152541156 1.781512605041407 0
6599 0.1016949152541105 1.798319327730529 0
6600 0.1016949152541054 1.815126050419652 0
6601 0.1016949152541002 1.831932773108774 0
6602 0.1016949152540951 1.848739495797897 0
6603 0.1016949152540899 1.86554621848702 0
6604 0.1016949152540848 1.882352941176142 0
6605 0.1016949152540796 1.899159663865265 0
6606 0.1016949152540745 1.915966386554387 0
6607 0.1016949152540694 1.93277310924351 0
6608 0.1016949152540642 1.949579831932633 0
6609 0.1016949152540591 1.966386554621755 0
6610 0.1016949152540539 1.983193277310878 0
6611 0.08474576271221287 0.01680672268905236 0
6612 0.0847457627122086 0.033613445378105 0
6613 0.08474576271220424 0.05042016806715736 0
6614 0.08474576271219991 0.06722689075620794 0
6615 0.08474576271219558 0.08403361344525614 0
6616 0.08474576271219127 0.1008403361343034 0
6617 0.08474576271218692 0.1176470588233521 0
6618 0.08474576271218259 0.1344537815124051 0
6619 0.08474576271217826 0.1512605042014621 0
6620 0.08474576271217393 0.1680672268905201 0
6621 0.0847457627121696 0.1848739495795781 0
6622 0.08474576271216526 0.2016806722686361 0
6623 0.08474576271216094 0.2184873949576941 0
6624 0.08474576271215661 0.2352941176467518 0
6625 0.08474576271215228 0.252100840335803 0
6626 0.08474576271214793 0.2689075630248441 0
6627 0.08474576271214362 0.2857142857138807 0
6628 0.08474576271213927 0.3025210084029174 0
6629 0.08474576271213495 0.3193277310919541 0
6630 0.08474576271213063 0.3361344537809907 0
6631 0.08474576271212628 0.3529411764700273 0
6632 0.08474576271212195 0.369747899159064 0
6633 0.08474576271211762 0.3865546218481008 0
6634 0.08474576271211329 0.4033613445371372 0
6635 0.08474576271210896 0.420168067226174 0
6636 0.08474576271210463 0.4369747899152107 0
6637 0.0847457627121003 0.4537815126042473 0
6638 0.08474576271209597 0.470588235293284 0
6639 0.08474576271209167 0.4873949579823206 0
6640 0.08474576271208734 0.5042016806713574 0
6641 0.08474576271208301 0.5210084033603939 0
6642 0.08474576271207865 0.5378151260494306 0
6643 0.08474576271207432 0.5546218487384673 0
6644 0.08474576271206999 0.5714285714275039 0
6645 0.08474576271206563 0.5882352941165406 0
6646 0.08474576271206133 0.6050420168055773 0
6647 0.08474576271205697 0.6218487394946138 0
6648 0.08474576271205267 0.6386554621836505 0
6649 0.08474576271204834 0.6554621848726873 0
6650 0.08474576271204401 0.672268907561724 0
6651 0.08474576271203968 0.6890756302507607 0
6652 0.08474576271203535 0.7058823529397973 0
6653 0.08474576271203102 0.722689075628834 0
6654 0.08474576271202669 0.7394957983178705 0
6655 0.08474576271202236 0.7563025210069072 0
6656 0.08474576271201803 0.7731092436959439 0
6657 0.08474576271201367 0.7899159663849805 0
6658 0.08474576271200934 0.8067226890740171 0
6659 0.08474576271200501 0.8235294117630539 0
6660 0.08474576271200068 0.8403361344520904 0
6661 0.08474576271199635 0.8571428571411271 0
6662 0.08474576271199205 0.8739495798301639 0
6663 0.08474576271198769 0.8907563025192006 0
6664 0.08474576271198336 0.907563025208237 0
6665 0.08474576271197903 0.9243697478972737 0
6666 0.0847457627119747 0.9411764705863104 0
6667 0.08474576271197037 0.9579831932753471 0
6668 0.08474576271196604 0.9747899159643838 0
6669 0.08474576271196174 0.9915966386534278 0
6670 0.08474576271195738 1.008403361342499 0
6671 0.08474576271195305 1.025210084031598 0
6672 0.08474576271194872 1.042016806720705 0
6673 0.08474576271194439 1.058823529409811 0
6674 0.08474576271194006 1.075630252098917 0
6675 0.08474576271193573 1.092436974788023 0
6676 0.0847457627119314 1.10924369747713 0
6677 0.08474576271192708 1.126050420166236 0
6678 0.08474576271192275 1.142857142855342 0
6679 0.08474576271191842 1.159663865544449 0
6680 0.08474576271191409 1.176470588233555 0
6681 0.08474576271190976 1.193277310922661 0
6682 0.08474576271190543 1.210084033611768 0
6683 0.0847457627119011 1.226890756300874 0
6684 0.08474576271189677 1.24369747898998 0
6685 0.08474576271189244 1.260504201679087 0
6686 0.08474576271188811 1.277310924368193 0
6687 0.08474576271188378 1.294117647057299 0
6688 0.08474576271187945 1.310924369746406 0
6689 0.08474576271187512 1.327731092435512 0
6690 0.08474576271187079 1.344537815124618 0
6691 0.08474576271186646 1.361344537813725 0
6692 0.08474576271186213 1.378151260502831 0
6693 0.0847457627118578 1.394957983191937 0
6694 0.08474576271185347 1.411764705881044 0
6695 0.08474576271184914 1.42857142857015 0
6696 0.08474576271184481 1.445378151259256 0
6697 0.08474576271184048 1.462184873948362 0
6698 0.08474576271183615 1.478991596637469 0
6699 0.08474576271183182 1.495798319326575 0
6700 0.08474576271182746 1.512605042015681 0
6701 0.08474576271182316 1.529411764704788 0
6702 0.0847457627118188 1.546218487393894 0
6703 0.0847457627118145 1.563025210083 0
6704 0.08474576271181014 1.579831932772107 0
6705 0.08474576271180581 1.596638655461213 0
6706 0.08474576271180148 1.613445378150319 0
6707 0.08474576271179715 1.630252100839426 0
6708 0.08474576271179282 1.647058823528532 0
6709 0.08474576271178849 1.663865546217639 0
6710 0.08474576271178416 1.680672268906745 0
6711 0.08474576271177983 1.697478991595851 0
6712 0.08474576271177547 1.714285714284957 0
6713 0.08474576271177117 1.731092436974064 0
6714 0.08474576271176684 1.747899159663173 0
6715 0.08474576271176251 1.76470588235229 0
6716 0.08474576271175818 1.781512605041412 0
6717 0.08474576271175385 1.798319327730534 0
6718 0.08474576271174952 1.815126050419656 0
6719 0.08474576271174519 1.831932773108779 0
6720 0.08474576271174086 1.848739495797901 0
6721 0.08474576271173651 1.865546218487023 0
6722 0.08474576271173218 1.882352941176145 0
6723 0.08474576271172787 1.899159663865267 0
6724 0.08474576271172354 1.915966386554389 0
6725 0.08474576271171921 1.932773109243512 0
6726 0.08474576271171486 1.949579831932633 0
6727 0.08474576271171053 1.966386554621756 0
6728 0.0847457627117062 1.983193277310878 0
6729 0.0677966101697703 0.01680672268905063 0
6730 0.06779661016976676 0.03361344537810156 0
6731 0.06779661016976324 0.0504201680671522 0
6732 0.06779661016975971 0.06722689075620103 0
6733 0.06779661016975622 0.0840336134452474 0
6734 0.06779661016975269 0.1008403361342929 0
6735 0.06779661016974919 0.1176470588233397 0
6736 0.06779661016974564 0.134453781512391 0
6737 0.06779661016974214 0.1512605042014464 0
6738 0.06779661016973862 0.1680672268905028 0
6739 0.06779661016973509 0.1848739495795591 0
6740 0.0677966101697316 0.2016806722686155 0
6741 0.0677966101697281 0.2184873949576719 0
6742 0.06779661016972457 0.235294117646728 0
6743 0.06779661016972105 0.2521008403357775 0
6744 0.06779661016971752 0.2689075630248166 0
6745 0.06779661016971403 0.2857142857138512 0
6746 0.06779661016971048 0.3025210084028859 0
6747 0.06779661016970698 0.3193277310919205 0
6748 0.06779661016970345 0.3361344537809551 0
6749 0.06779661016969996 0.3529411764699898 0
6750 0.06779661016969643 0.3697478991590244 0
6751 0.06779661016969293 0.3865546218480591 0
6752 0.06779661016968941 0.4033613445370937 0
6753 0.06779661016968588 0.4201680672261283 0
6754 0.06779661016968236 0.4369747899151629 0
6755 0.06779661016967886 0.4537815126041977 0
6756 0.06779661016967534 0.4705882352932322 0
6757 0.06779661016967181 0.487394957982267 0
6758 0.06779661016966831 0.5042016806713017 0
6759 0.06779661016966479 0.5210084033603362 0
6760 0.06779661016966126 0.5378151260493709 0
6761 0.06779661016965777 0.5546218487384056 0
6762 0.06779661016965424 0.5714285714274402 0
6763 0.06779661016965072 0.5882352941164748 0
6764 0.06779661016964722 0.6050420168055094 0
6765 0.0677966101696437 0.6218487394945439 0
6766 0.06779661016964017 0.6386554621835788 0
6767 0.06779661016963667 0.6554621848726135 0
6768 0.06779661016963315 0.672268907561648 0
6769 0.06779661016962962 0.6890756302506825 0
6770 0.06779661016962613 0.7058823529397174 0
6771 0.0677966101696226 0.7226890756287521 0
6772 0.0677966101696191 0.7394957983177866 0
6773 0.06779661016961558 0.7563025210068213 0
6774 0.06779661016961205 0.773109243695856 0
6775 0.06779661016960853 0.7899159663848904 0
6776 0.06779661016960503 0.8067226890739252 0
6777 0.06779661016960151 0.8235294117629598 0
6778 0.06779661016959798 0.8403361344519943 0
6779 0.06779661016959448 0.857142857141029 0
6780 0.06779661016959096 0.8739495798300637 0
6781 0.06779661016958743 0.8907563025190984 0
6782 0.06779661016958394 0.9075630252081331 0
6783 0.06779661016958044 0.9243697478971676 0
6784 0.06779661016957692 0.9411764705862022 0
6785 0.06779661016957339 0.957983193275237 0
6786 0.06779661016956987 0.9747899159642717 0
6787 0.06779661016956634 0.9915966386533142 0
6788 0.06779661016956284 1.008403361342386 0
6789 0.06779661016955932 1.025210084031487 0
6790 0.06779661016955579 1.042016806720596 0
6791 0.0677966101695523 1.058823529409705 0
6792 0.06779661016954877 1.075630252098814 0
6793 0.06779661016954525 1.092436974787923 0
6794 0.06779661016954175 1.109243697477032 0
6795 0.06779661016953822 1.126050420166141 0
6796 0.0677966101695347 1.142857142855251 0
6797 0.0677966101695312 1.159663865544359 0
6798 0.06779661016952768 1.176470588233469 0
6799 0.06779661016952415 1.193277310922578 0
6800 0.06779661016952065 1.210084033611687 0
6801 0.06779661016951713 1.226890756300796 0
6802 0.0677966101695136 1.243697478989904 0
6803 0.06779661016951011 1.260504201679014 0
6804 0.06779661016950658 1.277310924368123 0
6805 0.06779661016950306 1.294117647057232 0
6806 0.06779661016949956 1.310924369746341 0
6807 0.06779661016949604 1.32773109243545 0
6808 0.06779661016949251 1.344537815124559 0
6809 0.06779661016948901 1.361344537813668 0
6810 0.06779661016948546 1.378151260502777 0
6811 0.06779661016948196 1.394957983191886 0
6812 0.06779661016947847 1.411764705880995 0
6813 0.06779661016947494 1.428571428570105 0
6814 0.06779661016947142 1.445378151259213 0
6815 0.06779661016946792 1.462184873948323 0
6816 0.06779661016946439 1.478991596637432 0
6817 0.06779661016946087 1.495798319326541 0
6818 0.06779661016945737 1.512605042015649 0
6819 0.06779661016945385 1.529411764704758 0
6820 0.06779661016945032 1.546218487393868 0
6821 0.06779661016944682 1.563025210082976 0
6822 0.0677966101694433 1.579831932772086 0
6823 0.06779661016943977 1.596638655461194 0
6824 0.06779661016943625 1.613445378150304 0
6825 0.06779661016943275 1.630252100839413 0
6826 0.06779661016942923 1.647058823528522 0
6827 0.06779661016942573 1.663865546217631 0
6828 0.06779661016942221 1.680672268906739 0
6829 0.06779661016941868 1.697478991595849 0
6830 0.06779661016941516 1.714285714284958 0
6831 0.06779661016941163 1.731092436974067 0
6832 0.06779661016940813 1.747899159663179 0
6833 0.06779661016940461 1.764705882352297 0
6834 0.06779661016940111 1.781512605041418 0
6835 0.06779661016939759 1.79831932773054 0
6836 0.06779661016939406 1.815126050419661 0
6837 0.06779661016939056 1.831932773108783 0
6838 0.06779661016938704 1.848739495797905 0
6839 0.06779661016938354 1.865546218487027 0
6840 0.06779661016938002 1.882352941176148 0
6841 0.06779661016937649 1.89915966386527 0
6842 0.067796610169373 1.915966386554392 0
6843 0.06779661016936944 1.932773109243513 0
6844 0.06779661016936595 1.949579831932635 0
6845 0.06779661016936245 1.966386554621756 0
6846 0.06779661016935892 1.983193277310879 0
6847 0.05084745762732771 0.0168067226890489 0
6848 0.05084745762732505 0.03361344537809811 0
6849 0.05084745762732241 0.05042016806714703 0
6850 0.05084745762731978 0.06722689075619409 0
6851 0.05084745762731713 0.08403361344523869 0
6852 0.05084745762731451 0.1008403361342823 0
6853 0.05084745762731187 0.1176470588233274 0
6854 0.05084745762730922 0.1344537815123769 0
6855 0.05084745762730657 0.1512605042014307 0
6856 0.05084745762730394 0.1680672268904854 0
6857 0.05084745762730131 0.1848739495795402 0
6858 0.05084745762729866 0.2016806722685949 0
6859 0.05084745762729601 0.2184873949576497 0
6860 0.05084745762729338 0.2352941176467042 0
6861 0.05084745762729073 0.252100840335752 0
6862 0.0508474576272881 0.2689075630247891 0
6863 0.05084745762728546 0.2857142857138217 0
6864 0.05084745762728282 0.3025210084028543 0
6865 0.05084745762728018 0.3193277310918869 0
6866 0.05084745762727755 0.3361344537809196 0
6867 0.05084745762727489 0.3529411764699523 0
6868 0.05084745762727225 0.3697478991589849 0
6869 0.0508474576272696 0.3865546218480175 0
6870 0.05084745762726696 0.4033613445370501 0
6871 0.05084745762726434 0.4201680672260827 0
6872 0.05084745762726169 0.4369747899151154 0
6873 0.05084745762725905 0.453781512604148 0
6874 0.05084745762725641 0.4705882352931805 0
6875 0.05084745762725378 0.4873949579822133 0
6876 0.05084745762725114 0.5042016806712459 0
6877 0.05084745762724849 0.5210084033602784 0
6878 0.05084745762724585 0.5378151260493109 0
6879 0.0508474576272432 0.5546218487383439 0
6880 0.05084745762724056 0.5714285714273762 0
6881 0.05084745762723791 0.588235294116409 0
6882 0.05084745762723529 0.6050420168054417 0
6883 0.05084745762723265 0.6218487394944742 0
6884 0.05084745762723 0.6386554621835069 0
6885 0.05084745762722737 0.6554621848725394 0
6886 0.05084745762722473 0.6722689075615721 0
6887 0.05084745762722208 0.6890756302506048 0
6888 0.05084745762721944 0.7058823529396374 0
6889 0.0508474576272168 0.7226890756286701 0
6890 0.05084745762721417 0.7394957983177026 0
6891 0.05084745762721153 0.7563025210067351 0
6892 0.05084745762720888 0.7731092436957681 0
6893 0.05084745762720624 0.7899159663848005 0
6894 0.05084745762720361 0.8067226890738333 0
6895 0.05084745762720097 0.8235294117628656 0
6896 0.05084745762719832 0.8403361344518984 0
6897 0.05084745762719568 0.8571428571409311 0
6898 0.05084745762719303 0.8739495798299636 0
6899 0.0508474576271904 0.8907563025189963 0
6900 0.05084745762718776 0.9075630252080288 0
6901 0.05084745762718512 0.9243697478970615 0
6902 0.05084745762718249 0.9411764705860941 0
6903 0.05084745762717985 0.9579831932751266 0
6904 0.0508474576271772 0.9747899159641593 0
6905 0.05084745762717456 0.9915966386532005 0
6906 0.05084745762717192 1.008403361342273 0
6907 0.05084745762716929 1.025210084031376 0
6908 0.05084745762716664 1.042016806720488 0
6909 0.050847457627164 1.058823529409599 0
6910 0.05084745762716136 1.075630252098711 0
6911 0.05084745762715871 1.092436974787823 0
6912 0.05084745762715608 1.109243697476935 0
6913 0.05084745762715343 1.126050420166047 0
6914 0.0508474576271508 1.142857142855158 0
6915 0.05084745762714815 1.15966386554427 0
6916 0.05084745762714551 1.176470588233382 0
6917 0.05084745762714288 1.193277310922494 0
6918 0.05084745762714024 1.210084033611606 0
6919 0.05084745762713759 1.226890756300717 0
6920 0.05084745762713495 1.243697478989829 0
6921 0.05084745762713232 1.260504201678941 0
6922 0.05084745762712967 1.277310924368052 0
6923 0.05084745762712703 1.294117647057164 0
6924 0.05084745762712439 1.310924369746276 0
6925 0.05084745762712176 1.327731092435388 0
6926 0.05084745762711912 1.3445378151245 0
6927 0.05084745762711648 1.361344537813611 0
6928 0.05084745762711383 1.378151260502723 0
6929 0.05084745762711119 1.394957983191835 0
6930 0.05084745762710854 1.411764705880947 0
6931 0.05084745762710591 1.428571428570058 0
6932 0.05084745762710327 1.44537815125917 0
6933 0.05084745762710063 1.462184873948282 0
6934 0.050847457627098 1.478991596637394 0
6935 0.05084745762709533 1.495798319326506 0
6936 0.05084745762709272 1.512605042015617 0
6937 0.05084745762709007 1.529411764704729 0
6938 0.05084745762708742 1.546218487393841 0
6939 0.05084745762708479 1.563025210082952 0
6940 0.05084745762708215 1.579831932772064 0
6941 0.05084745762707951 1.596638655461176 0
6942 0.05084745762707688 1.613445378150288 0
6943 0.05084745762707422 1.6302521008394 0
6944 0.05084745762707157 1.647058823528512 0
6945 0.05084745762706894 1.663865546217624 0
6946 0.0508474576270663 1.680672268906735 0
6947 0.05084745762706366 1.697478991595847 0
6948 0.05084745762706103 1.714285714284959 0
6949 0.05084745762705839 1.731092436974071 0
6950 0.05084745762705574 1.747899159663184 0
6951 0.0508474576270531 1.764705882352303 0
6952 0.05084745762705047 1.781512605041424 0
6953 0.05084745762704782 1.798319327730545 0
6954 0.05084745762704518 1.815126050419666 0
6955 0.05084745762704254 1.831932773108788 0
6956 0.0508474576270399 1.848739495797909 0
6957 0.05084745762703727 1.86554621848703 0
6958 0.05084745762703462 1.882352941176151 0
6959 0.05084745762703198 1.899159663865272 0
6960 0.05084745762702934 1.915966386554393 0
6961 0.05084745762702669 1.932773109243515 0
6962 0.05084745762702406 1.949579831932637 0
6963 0.05084745762702142 1.966386554621757 0
6964 0.05084745762701878 1.983193277310879 0
6965 0.03389830508488517 0.01680672268904718 0
6966 0.03389830508488342 0.03361344537809467 0
6967 0.03389830508488169 0.05042016806714185 0
6968 0.03389830508487994 0.06722689075618715 0
6969 0.03389830508487821 0.08403361344522994 0
6970 0.03389830508487648 0.1008403361342718 0
6971 0.03389830508487476 0.117647058823315 0
6972 0.03389830508487302 0.1344537815123629 0
6973 0.03389830508487128 0.151260504201415 0
6974 0.03389830508486955 0.1680672268904681 0
6975 0.03389830508486781 0.1848739495795213 0
6976 0.03389830508486609 0.2016806722685744 0
6977 0.03389830508486436 0.2184873949576275 0
6978 0.03389830508486262 0.2352941176466803 0
6979 0.03389830508486089 0.2521008403357264 0
6980 0.03389830508485914 0.2689075630247616 0
6981 0.03389830508485742 0.2857142857137921 0
6982 0.03389830508485567 0.3025210084028228 0
6983 0.03389830508485395 0.3193277310918533 0
6984 0.03389830508485221 0.336134453780884 0
6985 0.03389830508485048 0.3529411764699146 0
6986 0.03389830508484874 0.3697478991589451 0
6987 0.03389830508484701 0.3865546218479758 0
6988 0.03389830508484527 0.4033613445370064 0
6989 0.03389830508484354 0.420168067226037 0
6990 0.0338983050848418 0.4369747899150677 0
6991 0.03389830508484007 0.4537815126040982 0
6992 0.03389830508483833 0.4705882352931288 0
6993 0.0338983050848366 0.4873949579821595 0
6994 0.03389830508483486 0.50420168067119 0
6995 0.03389830508483313 0.5210084033602205 0
6996 0.0338983050848314 0.5378151260492514 0
6997 0.03389830508482967 0.5546218487382819 0
6998 0.03389830508482794 0.5714285714273125 0
6999 0.03389830508482619 0.588235294116343 0
7000 0.03389830508482447 0.6050420168053737 0
7001 0.03389830508482272 0.6218487394944044 0
7002 0.033898305084821 0.6386554621834349 0
7003 0.03389830508481927 0.6554621848724657 0
7004 0.03389830508481753 0.6722689075614962 0
7005 0.0338983050848158 0.6890756302505266 0
7006 0.03389830508481406 0.7058823529395575 0
7007 0.03389830508481233 0.722689075628588 0
7008 0.03389830508481059 0.7394957983176185 0
7009 0.03389830508480886 0.7563025210066492 0
7010 0.03389830508480712 0.7731092436956799 0
7011 0.03389830508480539 0.7899159663847105 0
7012 0.03389830508480365 0.8067226890737409 0
7013 0.03389830508480193 0.8235294117627717 0
7014 0.03389830508480018 0.8403361344518022 0
7015 0.03389830508479845 0.8571428571408329 0
7016 0.03389830508479671 0.8739495798298634 0
7017 0.03389830508479499 0.8907563025188941 0
7018 0.03389830508479325 0.9075630252079249 0
7019 0.03389830508479152 0.9243697478969554 0
7020 0.03389830508478979 0.941176470585986 0
7021 0.03389830508478806 0.9579831932750165 0
7022 0.03389830508478631 0.9747899159640472 0
7023 0.03389830508478459 0.9915966386530868 0
7024 0.03389830508478285 1.008403361342159 0
7025 0.03389830508478112 1.025210084031265 0
7026 0.03389830508477938 1.042016806720379 0
7027 0.03389830508477765 1.058823529409494 0
7028 0.03389830508477591 1.075630252098608 0
7029 0.03389830508477418 1.092436974787723 0
7030 0.03389830508477244 1.109243697476837 0
7031 0.03389830508477071 1.126050420165952 0
7032 0.03389830508476897 1.142857142855066 0
7033 0.03389830508476724 1.159663865544181 0
7034 0.03389830508476552 1.176470588233296 0
7035 0.03389830508476377 1.19327731092241 0
7036 0.03389830508476203 1.210084033611524 0
7037 0.03389830508476031 1.226890756300639 0
7038 0.03389830508475858 1.243697478989753 0
7039 0.03389830508475683 1.260504201678868 0
7040 0.03389830508475511 1.277310924367982 0
7041 0.03389830508475336 1.294117647057097 0
7042 0.03389830508475164 1.310924369746211 0
7043 0.03389830508474991 1.327731092435326 0
7044 0.03389830508474817 1.344537815124441 0
7045 0.03389830508474644 1.361344537813554 0
7046 0.0338983050847447 1.37815126050267 0
7047 0.03389830508474297 1.394957983191784 0
7048 0.03389830508474123 1.411764705880898 0
7049 0.0338983050847395 1.428571428570013 0
7050 0.03389830508473776 1.445378151259128 0
7051 0.03389830508473603 1.462184873948242 0
7052 0.03389830508473429 1.478991596637356 0
7053 0.03389830508473256 1.495798319326471 0
7054 0.03389830508473082 1.512605042015585 0
7055 0.03389830508472909 1.5294117647047 0
7056 0.03389830508472735 1.546218487393814 0
7057 0.03389830508472562 1.563025210082928 0
7058 0.03389830508472388 1.579831932772044 0
7059 0.03389830508472215 1.596638655461158 0
7060 0.03389830508472041 1.613445378150272 0
7061 0.03389830508471869 1.630252100839387 0
7062 0.03389830508471695 1.647058823528502 0
7063 0.03389830508471522 1.663865546217616 0
7064 0.03389830508471349 1.68067226890673 0
7065 0.03389830508471176 1.697478991595845 0
7066 0.03389830508471001 1.714285714284959 0
7067 0.03389830508470829 1.731092436974074 0
7068 0.03389830508470655 1.74789915966319 0
7069 0.03389830508470482 1.764705882352309 0
7070 0.03389830508470308 1.781512605041429 0
7071 0.03389830508470135 1.79831932773055 0
7072 0.03389830508469961 1.815126050419671 0
7073 0.03389830508469788 1.831932773108792 0
7074 0.03389830508469614 1.848739495797912 0
7075 0.03389830508469441 1.865546218487034 0
7076 0.03389830508469269 1.882352941176154 0
7077 0.03389830508469094 1.899159663865275 0
7078 0.03389830508468922 1.915966386554396 0
7079 0.03389830508468747 1.932773109243517 0
7080 0.03389830508468575 1.949579831932638 0
7081 0.033898305084684 1.966386554621758 0
7082 0.03389830508468228 1.98319327731088 0
7083 0.0169491525424427 0.01680672268904545 0
7084 0.01694915254244183 0.03361344537809123 0
7085 0.01694915254244097 0.05042016806713669 0
7086 0.0169491525424401 0.06722689075618021 0
7087 0.01694915254243924 0.0840336134452212 0
7088 0.01694915254243838 0.1008403361342612 0
7089 0.01694915254243752 0.1176470588233027 0
7090 0.01694915254243666 0.1344537815123488 0
7091 0.01694915254243579 0.1512605042013992 0
7092 0.01694915254243493 0.1680672268904508 0
7093 0.01694915254243406 0.1848739495795023 0
7094 0.0169491525424332 0.2016806722685538 0
7095 0.01694915254243234 0.2184873949576053 0
7096 0.01694915254243148 0.2352941176466565 0
7097 0.01694915254243062 0.2521008403357009 0
7098 0.01694915254242975 0.2689075630247341 0
7099 0.01694915254242889 0.2857142857137626 0
7100 0.01694915254242802 0.3025210084027913 0
7101 0.01694915254242716 0.3193277310918197 0
7102 0.0169491525424263 0.3361344537808485 0
7103 0.01694915254242543 0.352941176469877 0
7104 0.01694915254242457 0.3697478991589056 0
7105 0.01694915254242371 0.3865546218479343 0
7106 0.01694915254242284 0.4033613445369627 0
7107 0.01694915254242198 0.4201680672259914 0
7108 0.01694915254242112 0.4369747899150199 0
7109 0.01694915254242026 0.4537815126040485 0
7110 0.0169491525424194 0.4705882352930771 0
7111 0.01694915254241853 0.4873949579821057 0
7112 0.01694915254241767 0.5042016806711345 0
7113 0.01694915254241681 0.5210084033601627 0
7114 0.01694915254241595 0.5378151260491915 0
7115 0.01694915254241508 0.5546218487382202 0
7116 0.01694915254241421 0.5714285714272488 0
7117 0.01694915254241336 0.5882352941162773 0
7118 0.01694915254241249 0.605042016805306 0
7119 0.01694915254241163 0.6218487394943343 0
7120 0.01694915254241076 0.638655462183363 0
7121 0.0169491525424099 0.6554621848723917 0
7122 0.01694915254240904 0.6722689075614202 0
7123 0.01694915254240818 0.6890756302504489 0
7124 0.01694915254240731 0.7058823529394775 0
7125 0.01694915254240645 0.722689075628506 0
7126 0.01694915254240559 0.7394957983175345 0
7127 0.01694915254240473 0.7563025210065633 0
7128 0.01694915254240386 0.7731092436955918 0
7129 0.016949152542403 0.7899159663846204 0
7130 0.01694915254240214 0.806722689073649 0
7131 0.01694915254240128 0.8235294117626776 0
7132 0.01694915254240041 0.8403361344517061 0
7133 0.01694915254239955 0.8571428571407348 0
7134 0.01694915254239868 0.8739495798297633 0
7135 0.01694915254239782 0.8907563025187921 0
7136 0.01694915254239696 0.9075630252078205 0
7137 0.0169491525423961 0.9243697478968492 0
7138 0.01694915254239523 0.9411764705858776 0
7139 0.01694915254239437 0.9579831932749063 0
7140 0.01694915254239351 0.9747899159639348 0
7141 0.01694915254239264 0.9915966386529731 0
7142 0.01694915254239178 1.008403361342046 0
7143 0.01694915254239092 1.025210084031154 0
7144 0.01694915254239006 1.042016806720271 0
7145 0.0169491525423892 1.058823529409388 0
7146 0.01694915254238833 1.075630252098505 0
7147 0.01694915254238746 1.092436974787623 0
7148 0.0169491525423866 1.10924369747674 0
7149 0.01694915254238574 1.126050420165857 0
7150 0.01694915254238488 1.142857142854974 0
7151 0.01694915254238401 1.159663865544092 0
7152 0.01694915254238315 1.176470588233209 0
7153 0.01694915254238229 1.193277310922326 0
7154 0.01694915254238143 1.210084033611443 0
7155 0.01694915254238057 1.22689075630056 0
7156 0.01694915254237971 1.243697478989678 0
7157 0.01694915254237884 1.260504201678795 0
7158 0.01694915254237798 1.277310924367912 0
7159 0.01694915254237711 1.294117647057029 0
7160 0.01694915254237625 1.310924369746147 0
7161 0.01694915254237538 1.327731092435264 0
7162 0.01694915254237453 1.344537815124381 0
7163 0.01694915254237366 1.361344537813498 0
7164 0.01694915254237279 1.378151260502615 0
7165 0.01694915254237193 1.394957983191733 0
7166 0.01694915254237107 1.41176470588085 0
7167 0.01694915254237021 1.428571428569967 0
7168 0.01694915254236934 1.445378151259085 0
7169 0.01694915254236848 1.462184873948202 0
7170 0.01694915254236762 1.478991596637319 0
7171 0.01694915254236676 1.495798319326436 0
7172 0.0169491525423659 1.512605042015553 0
7173 0.01694915254236503 1.529411764704671 0
7174 0.01694915254236416 1.546218487393787 0
7175 0.0169491525423633 1.563025210082905 0
7176 0.01694915254236244 1.579831932772022 0
7177 0.01694915254236158 1.596638655461139 0
7178 0.01694915254236072 1.613445378150257 0
7179 0.01694915254235985 1.630252100839374 0
7180 0.01694915254235899 1.647058823528491 0
7181 0.01694915254235813 1.663865546217608 0
7182 0.01694915254235727 1.680672268906725 0
7183 0.0169491525423564 1.697478991595843 0
7184 0.01694915254235554 1.71428571428496 0
7185 0.01694915254235468 1.731092436974077 0
7186 0.01694915254235381 1.747899159663195 0
7187 0.01694915254235295 1.764705882352315 0
7188 0.01694915254235209 1.781512605041435 0
7189 0.01694915254235123 1.798319327730556 0
7190 0.01694915254235036 1.815126050419676 0
7191 0.01694915254234949 1.831932773108796 0
7192 0.01694915254234863 1.848739495797916 0
7193 0.01694915254234777 1.865546218487037 0
7194 0.01694915254234691 1.882352941176157 0
7195 0.01694915254234605 1.899159663865277 0
7196 0.01694915254234518 1.915966386554398 0
7197 0.01694915254234432 1.932773109243518 0
7198 0.01694915254234346 1.949579831932639 0
7199 0.0169491525423426 1.966386554621759 0
7200 0.01694915254234174 1.98319327731088 0
$EndNodes
$Elements
7377
1 1 2 1 1 1 5
2 1 2 1 1 5 6
3 1 2 1 1 6 7
4 1 2 1 1 7 8
5 1 2 1 1 8 9
6 1 2 1 1 9 10
7 1 2 1 1 10 11
8 1 2 1 1 11 12
9 1 2 1 1 12 13
10 1 2 1 1 13 14
11 1 2 1 1 14 15
12 1 2 1 1 15 16
13 1 2 1 1 16 17
14 1 2 1 1 17 18
15 1 2 1 1 18 19
16 1 2 1 1 19 20
17 1 2 1 1 20 21
18 1 2 1 1 21 22
19 1 2 1 1 22 23
20 1 2 1 1 23 24
21 1 2 1 1 24 25
22 1 2 1 1 25 26
23 1 2 1 1 26 27
24 1 2 1 1 27 28
25 1 2 1 1 28 29
26 1 2 1 1 29 30
27 1 2 1 1 30 31
28 1 2 1 1 31 32
29 1 2 1 1 32 33
30 1 2 1 1 33 34
31 1 2 1 1 34 35
32 1 2 1 1 35 36
33 1 2 1 1 36 37
34 1 2 1 1 37 38
35 1 2 1 1 38 39
36 1 2 1 1 39 40
37 1 2 1 1 40 41
38 1 2 1 1 41 42
39 1 2 1 1 42 43
40 1 2 1 1 43 44
41 1 2 1 1 44 45
42 1 2 1 1 45 46
43 1 2 1 1 46 47
44 1 2 1 1 47 48
45 1 2 1 1 48 49
46 1 2 1 1 49 50
47 1 2 1 1 50 51
48 1 2 1 1 51 52
49 1 2 1 1 52 53
50 1 2 1 1 53 54
51 1 2 1 1 54 55
52 1 2 1 1 55 56
53 1 2 1 1 56 57
54 1 2 1 1 57 58
55 1 2 1 1 58 59
56 1 2 1 1 59 60
57 1 2 1 1 60 61
58 1 2 1 1 61 62
59 1 2 1 1 62 63
60 1 2 1 1 63 64
61 1 2 1 1 64 65
62 1 2 1 1 65 66
63 1 2 1 1 66 67
64 1 2 1 1 67 68
65 1 2 1 1 68 69
66 1 2 1 1 69 70
67 1 2 1 1 70 71
68 1 2 1 1 71 72
69 1 2 1 1 72 73
70 1 2 1 1 73 74
71 1 2 1 1 74 75
72 1 2 1 1 75 76
73 1 2 1 1 76 77
74 1 2 1 1 77 78
75 1 2 1 1 78 79
76 1 2 1 1 79 80
77 1 2 1 1 80 81
78 1 2 1 1 81 82
79 1 2 1 1 82 83
80 1 2 1 1 83 84
81 1 2 1 1 84 85
82 1 2 1 1 85 86
83 1 2 1 1 86 87
84 1 2 1 1 87 88
85 1 2 1 1 88 89
86 1 2 1 1 89 90
87 1 2 1 1 90 91
88 1 2 1 1 91 92
89 1 2 1 1 92 93
90 1 2 1 1 93 94
91 1 2 1 1 94 95
92 1 2 1 1 95 96
93 1 2 1 1 96 97
94 1 2 1 1 97 98
95 1 2 1 1 98 99
96 1 2 1 1 99 100
97 1 2 1 1 100 101
98 1 2 1 1 101 102
99 1 2 1 1 102 103
100 1 2 1 1 103 104
101 1 2 1 1 104 105
102 1 2 1 1 105 106
103 1 2 1 1 106 107
104 1 2 1 1 107 108
105 1 2 1 1 108 109
106 1 2 1 1 109 110
107 1 2 1 1 110 111
108 1 2 1 1 111 112
109 1 2 1 1 112 113
110 1 2 1 1 113 114
111 1 2 1 1 114 115
112 1 2 1 1 115 116
113 1 2 1 1 116 117
114 1 2 1 1 117 118
115 1 2 1 1 118 119
116 1 2 1 1 119 120
117 1 2 1 1 120 121
118 1 2 1 1 121 122
119 1 2 1 1 122 4
120 1 2 3 2 4 123
121 1 2 3 2 123 124
122 1 2 3 2 124 125
123 1 2 3 2 125 126
124 1 2 3 2 126 127
125 1 2 3 2 127 128
126 1 2 3 2 128 129
127 1 2 3 2 129 130
128 1 2 3 2 130 131
129 1 2 3 2 131 132
130 1 2 3 2 132 133
131 1 2 3 2 133 134
132 1 2 3 2 134 135
133 1 2 3 2 135 136
134 1 2 3 2 136 137
135 1 2 3 2 137 138
136 1 2 3 2 138 139
137 1 2 3 2 139 140
138 1 2 3 2 140 141
139 1 2 3 2 141 142
140 1 2 3 2 142 143
141 1 2 3 2 143 144
142 1 2 3 2 144 145
143 1 2 3 2 145 146
144 1 2 3 2 146 147
145 1 2 3 2 147 148
146 1 2 3 2 148 149
147 1 2 3 2 149 150
148 1 2 3 2 150 151
149 1 2 3 2 151 152
150 1 2 3 2 152 153
151 1 2 3 2 153 154
152 1 2 3 2 154 155
153 1 2 3 2 155 156
154 1 2 3 2 156 157
155 1 2 3 2 157 158
156 1 2 3 2 158 159
157 1 2 3 2 159 160
158 1 2 3 2 160 161
159 1 2 3 2 161 162
160 1 2 3 2 162 163
161 1 2 3 2 163 164
162 1 2 3 2 164 165
163 1 2 3 2 165 166
164 1 2 3 2 166 167
165 1 2 3 2 167 168
166 1 2 3 2 168 169
167 1 2 3 2 169 170
168 1 2 3 2 170 171
169 1 2 3 2 171 172
170 1 2 3 2 172 173
171 1 2 3 2 173 174
172 1 2 3 2 174 175
173 1 2 3 2 175 176
174 1 2 3 2 176 177
175 1 2 3 2 177 178
176 1 2 3 2 178 179
177 1 2 3 2 179 180
178 1 2 3 2 180 3
179 1 2 2 3 3 181
180 1 2 2 3 181 182
181 1 2 2 3 182 183
182 1 2 2 3 183 184
183 1 2 2 3 184 185
184 1 2 2 3 185 186
185 1 2 2 3 186 187
186 1 2 2 3 187 188
187 1 2 2 3 188 189
188 1 2 2 3 189 190
189 1 2 2 3 190 191
190 1 2 2 3 191 192
191 1 2 2 3 192 193
192 1 2 2 3 193 194
193 1 2 2 3 194 195
194 1 2 2 3 195 196
195 1 2 2 3 196 197
196 1 2 2 3 197 198
197 1 2 2 3 198 199
198 1 2 2 3 199 200
199 1 2 2 3 200 201
200 1 2 2 3 201 202
201 1 2 2 3 202 203
202 1 2 2 3 203 204
203 1 2 2 3 204 205
204 1 2 2 3 205 206
205 1 2 2 3 206 207
206 1 2 2 3 207 208
207 1 2 2 3 208 209
208 1 2 2 3 209 210
209 1 2 2 3 210 211
210 1 2 2 3 211 212
211 1 2 2 3 212 213
212 1 2 2 3 213 214
213 1 2 2 3 214 215
214 1 2 2 3 215 216
215 1 2 2 3 216 217
216 1 2 2 3 217 218
217 1 2 2 3 218 219
218 1 2 2 3 219 220
219 1 2 2 3 220 221
220 1 2 2 3 221 222
221 1 2 2 3 222 223
222 1 2 2 3 223 224
223 1 2 2 3 224 225
224 1 2 2 3 225 226
225 1 2 2 3 226 227
226 1 2 2 3 227 228
227 1 2 2 3 228 229
228 1 2 2 3 229 230
229 1 2 2 3 230 231
230 1 2 2 3 231 232
231 1 2 2 3 232 233
232 1 2 2 3 233 234
233 1 2 2 3 234 235
234 1 2 2 3 235 236
235 1 2 2 3 236 237
236 1 2 2 3 237 238
237 1 2 2 3 238 239
238 1 2 2 3 239 240
239 1 2 2 3 240 241
240 1 2 2 3 241 242
241 1 2 2 3 242 243
242 1 2 2 3 243 244
243 1 2 2 3 244 245
244 1 2 2 3 245 246
245 1 2 2 3 246 247
246 1 2 2 3 247 248
247 1 2 2 3 248 249
248 1 2 2 3 249 250
249 1 2 2 3 250 251
250 1 2 2 3 251 252
251 1 2 2 3 252 253
252 1 2 2 3 253 254
253 1 2 2 3 254 255
254 1 2 2 3 255 256
255 1 2 2 3 256 257
256 1 2 2 3 257 258
257 1 2 2 3 258 259
258 1 2 2 3 259 260
259 1 2 2 3 260 261
260 1 2 2 3 261 262
261 1 2 2 3 262 263
262 1 2 2 3 263 264
263 1 2 2 3 264 265
264 1 2 2 3 265 266
265 1 2 2 3 266 267
266 1 2 2 3 267 268
267 1 2 2 3 268 269
268 1 2 2 3 269 270
269 1 2 2 3 270 271
270 1 2 2 3 271 272
271 1 2 2 3 272 273
272 1 2 2 3 273 274
273 1 2 2 3 274 275
274 1 2 2 3 275 276
275 1 2 2 3 276 277
276 1 2 2 3 277 278
277 1 2 2 3 278 279
278 1 2 2 3 279 280
279 1 2 2 3 280 281
280 1 2 2 3 281 282
281 1 2 2 3 282 283
282 1 2 2 3 283 284
283 1 2 2 3 284 285
284 1 2 2 3 285 286
285 1 2 2 3 286 287
286 1 2 2 3 287 288
287 1 2 2 3 288 289
288 1 2 2 3 289 290
289 1 2 2 3 290 291
290 1 2 2 3 291 292
291 1 2 2 3 292 293
292 1 2 2 3 293 294
293 1 2 2 3 294 295
294 1 2 2 3 295 296
295 1 2 2 3 296 297
296 1 2 2 3 297 298
297 1 2 2 3 298 2
298 1 2 4 4 2 299
299 1 2 4 4 299 300
300 1 2 4 4 300 301
301 1 2 4 4 301 302
302 1 2 4 4 302 303
303 1 2 4 4 303 304
304 1 2 4 4 304 305
305 1 2 4 4 305 306
306 1 2 4 4 306 307
307 1 2 4 4 307 308
308 1 2 4 4 308 309
309 1 2 4 4 309 310
310 1 2 4 4 310 311
311 1 2 4 4 311 312
312 1 2 4 4 312 313
313 1 2 4 4 313 314
314 1 2 4 4 314 315
315 1 2 4 4 315 316
316 1 2 4 4 316 317
317 1 2 4 4 317 318
318 1 2 4 4 318 319
319 1 2 4 4 319 320
320 1 2 4 4 320 321
321 1 2 4 4 321 322
322 1 2 4 4 322 323
323 1 2 4 4 323 324
324 1 2 4 4 324 325
325 1 2 4 4 325 326
326 1 2 4 4 326 327
327 1 2 4 4 327 328
328 1 2 4 4 328 329
329 1 2 4 4 329 330
330 1 2 4 4 330 331
331 1 2 4 4 331 332
332 1 2 4 4 332 333
333 1 2 4 4 333 334
334 1 2 4 4 334 335
335 1 2 4 4 335 336
336 1 2 4 4 336 337
337 1 2 4 4 337 338
338 1 2 4 4 338 339
339 1 2 4 4 339 340
340 1 2 4 4 340 341
341 1 2 4 4 341 342
342 1 2 4 4 342 343
343 1 2 4 4 343 344
344 1 2 4 4 344 345
345 1 2 4 4 345 346
346 1 2 4 4 346 347
347 1 2 4 4 347 348
348 1 2 4 4 348 349
349 1 2 4 4 349 350
350 1 2 4 4 350 351
351 1 2 4 4 351 352
352 1 2 4 4 352 353
353 1 2 4 4 353 354
354 1 2 4 4 354 355
355 1 2 4 4 355 356
356 1 2 4 4 356 1
357 3 2 5 1 2 299 357 298
358 3 2 5 1 298 357 358 297
359 3 2 5 1 297 358 359 296
360 3 2 5 1 296 359 360 295
361 3 2 5 1 295 360 361 294
362 3 2 5 1 294 361 362 293
363 3 2 5 1 293 362 363 292
364 3 2 5 1 292 363 364 291
365 3 2 5 1 291 364 365 290
366 3 2 5 1 290 365 366 289
367 3 2 5 1 289 366 367 288
368 3 2 5 1 288 367 368 287
369 3 2 5 1 287 368 369 286
370 3 2 5 1 286 369 370 285
371 3 2 5 1 285 370 371 284
372 3 2 5 1 284 371 372 283
373 3 2 5 1 283 372 373 282
374 3 2 5 1 282 373 374 281
375 3 2 5 1 281 374 375 280
376 3 2 5 1 280 375 376 279
377 3 2 5 1 279 376 377 278
378 3 2 5 1 278 377 378 277
379 3 2 5 1 277 378 379 276
380 3 2 5 1 276 379 380 275
381 3 2 5 1 275 380 381 274
382 3 2 5 1 274 381 382 273
383 3 2 5 1 273 382 383 272
384 3 2 5 1 272 383 384 271
385 3 2 5 1 271 384 385 270
386 3 2 5 1 270 385 386 269
387 3 2 5 1 269 386 387 268
388 3 2 5 1 268 387 388 267
389 3 2 5 1 267 388 389 266
390 3 2 5 1 266 389 390 265
391 3 2 5 1 265 390 391 264
392 3 2 5 1 264 391 392 263
393 3 2 5 1 263 392 393 262
394 3 2 5 1 262 393 394 261
395 3 2 5 1 261 394 395 260
396 3 2 5 1 260 395 396 259
397 3 2 5 1 259 396 397 258
398 3 2 5 1 258 397 398 257
399 3 2 5 1 257 398 399 256
400 3 2 5 1 256 399 400 255
401 3 2 5 1 255 400 401 254
402 3 2 5 1 254 401 402 253
403 3 2 5 1 253 402 403 252
404 3 2 5 1 252 403 404 251
405 3 2 5 1 251 404 405 250
406 3 2 5 1 250 405 406 249
407 3 2 5 1 249 406 407 248
408 3 2 5 1 248 407 408 247
409 3 2 5 1 247 408 409 246
410 3 2 5 1 246 409 410 245
411 3 2 5 1 245 410 411 244
412 3 2 5 1 244 411 412 243
413 3 2 5 1 243 412 413 242
414 3 2 5 1 242 413 414 241
415 3 2 5 1 241 414 415 240
416 3 2 5 1 240 415 416 239
417 3 2 5 1 239 416 417 238
418 3 2 5 1 238 417 418 237
419 3 2 5 1 237 418 419 236
420 3 2 5 1 236 419 420 235
421 3 2 5 1 235 420 421 234
422 3 2 5 1 234 421 422 233
423 3 2 5 1 233 422 423 232
424 3 2 5 1 232 423 424 231
425 3 2 5 1 231 424 425 230
426 3 2 5 1 230 425 426 229
427 3 2 5 1 229 426 427 228
428 3 2 5 1 228 427 428 227
429 3 2 5 1 227 428 429 226
430 3 2 5 1 226 429 430 225
431 3 2 5 1 225 430 431 224
432 3 2 5 1 224 431 432 223
433 3 2 5 1 223 432 433 222
434 3 2 5 1 222 433 434 221
435 3 2 5 1 221 434 435 220
436 3 2 5 1 220 435 436 219
437 3 2 5 1 219 436 437 218
438 3 2 5 1 218 437 438 217
439 3 2 5 1 217 438 439 216
440 3 2 5 1 216 439 440 215
441 3 2 5 1 215 440 441 214
442 3 2 5 1 214 441 442 213
443 3 2 5 1 213 442 443 212
444 3 2 5 1 212 443 444 211
445 3 2 5 1 211 444 445 210
446 3 2 5 1 210 445 446 209
447 3 2 5 1 209 446 447 208
448 3 2 5 1 208 447 448 207
449 3 2 5 1 207 448 449 206
450 3 2 5 1 206 449 450 205
451 3 2 5 1 205 450 451 204
452 3 2 5 1 204 451 452 203
453 3 2 5 1 203 452 453 202
454 3 2 5 1 202 453 454 201
455 3 2 5 1 201 454 455 200
456 3 2 5 1 200 455 456 199
457 3 2 5 1 199 456 457 198
458 3 2 5 1 198 457 458 197
459 3 2 5 1 197 458 459 196
460 3 2 5 1 196 459 460 195
461 3 2 5 1 195 460 461 194
462 3 2 5 1 194 461 462 193
463 3 2 5 1 193 462 463 192
464 3 2 5 1 192 463 464 191
465 3 2 5 1 191 464 465 190
466 3 2 5 1 190 465 466 189
467 3 2 5 1 189 466 467 188
468 3 2 5 1 188 467 468 187
469 3 2 5 1 187 468 469 186
470 3 2 5 1 186 469 470 185
471 3 2 5 1 185 470 471 184
472 3 2 5 1 184 471 472 183
473 3 2 5 1 183 472 473 182
474 3 2 5 1 182 473 474 181
475 3 2 5 1 181 474 180 3
476 3 2 5 1 299 300 475 357
477 3 2 5 1 357 475 476 358
478 3 2 5 1 358 476 477 359
479 3 2 5 1 359 477 478 360
480 3 2 5 1 360 478 479 361
481 3 2 5 1 361 479 480 362
482 3 2 5 1 362 480 481 363
483 3 2 5 1 363 481 482 364
484 3 2 5 1 364 482 483 365
485 3 2 5 1 365 483 484 366
486 3 2 5 1 366 484 485 367
487 3 2 5 1 367 485 486 368
488 3 2 5 1 368 486 487 369
489 3 2 5 1 369 487 488 370
490 3 2 5 1 370 488 489 371
491 3 2 5 1 371 489 490 372
492 3 2 5 1 372 490 491 373
493 3 2 5 1 373 491 492 374
494 3 2 5 1 374 492 493 375
495 3 2 5 1 375 493 494 376
496 3 2 5 1 376 494 495 377
497 3 2 5 1 377 495 496 378
498 3 2 5 1 378 496 497 379
499 3 2 5 1 379 497 498 380
500 3 2 5 1 380 498 499 381
501 3 2 5 1 381 499 500 382
502 3 2 5 1 382 500 501 383
503 3 2 5 1 383 501 502 384
504 3 2 5 1 384 502 503 385
505 3 2 5 1 385 503 504 386
506 3 2 5 1 386 504 505 387
507 3 2 5 1 387 505 506 388
508 3 2 5 1 388 506 507 389
509 3 2 5 1 389 507 508 390
510 3 2 5 1 390 508 509 391
511 3 2 5 1 391 509 510 392
512 3 2 5 1 392 510 511 393
513 3 2 5 1 393 511 512 394
514 3 2 5 1 394 512 513 395
515 3 2 5 1 395 513 514 396
516 3 2 5 1 396 514 515 397
517 3 2 5 1 397 515 516 398
518 3 2 5 1 398 516 517 399
519 3 2 5 1 399 517 518 400
520 3 2 5 1 400 518 519 401
521 3 2 5 1 401 519 520 402
522 3 2 5 1 402 520 521 403
523 3 2 5 1 403 521 522 404
524 3 2 5 1 404 522 523 405
525 3 2 5 1 405 523 524 406
526 3 2 5 1 406 524 525 407
527 3 2 5 1 407 525 526 408
528 3 2 5 1 408 526 527 409
529 3 2 5 1 409 527 528 410
530 3 2 5 1 410 528 529 411
531 3 2 5 1 411 529 530 412
532 3 2 5 1 412 530 531 413
533 3 2 5 1 413 531 532 414
534 3 2 5 1 414 532 533 415
535 3 2 5 1 415 533 534 416
536 3 2 5 1 416 534 535 417
537 3 2 5 1 417 535 536 418
538 3 2 5 1 418 536 537 419
539 3 2 5 1 419 537 538 420
540 3 2 5 1 420 538 539 421
541 3 2 5 1 421 539 540 422
542 3 2 5 1 422 540 541 423
543 3 2 5 1 423 541 542 424
544 3 2 5 1 424 542 543 425
545 3 2 5 1 425 543 544 426
546 3 2 5 1 426 544 545 427
547 3 2 5 1 427 545 546 428
548 3 2 5 1 428 546 547 429
549 3 2 5 1 429 547 548 430
550 3 2 5 1 430 548 549 431
551 3 2 5 1 431 549 550 432
552 3 2 5 1 432 550 551 433
553 3 2 5 1 433 551 552 434
554 3 2 5 1 434 552 553 435
555 3 2 5 1 435 553 554 436
556 3 2 5 1 436 554 555 437
557 3 2 5 1 437 555 556 438
558 3 2 5 1 438 556 557 439
559 3 2 5 1 439 557 558 440
560 3 2 5 1 440 558 559 441
561 3 2 5 1 441 559 560 442
562 3 2 5 1 442 560 561 443
563 3 2 5 1 443 561 562 444
564 3 2 5 1 444 562 563 445
565 3 2 5 1 445 563 564 446
566 3 2 5 1 446 564 565 447
567 3 2 5 1 447 565 566 448
568 3 2 5 1 448 566 567 449
569 3 2 5 1 449 567 568 450
570 3 2 5 1 450 568 569 451
571 3 2 5 1 451 569 570 452
572 3 2 5 1 452 570 571 453
573 3 2 5 1 453 571 572 454
574 3 2 5 1 454 572 573 455
575 3 2 5 1 455 573 574 456
576 3 2 5 1 456 574 575 457
577 3 2 5 1 457 575 576 458
578 3 2 5 1 458 576 577 459
579 3 2 5 1 459 577 578 460
580 3 2 5 1 460 578 579 461
581 3 2 5 1 461 579 580 462
582 3 2 5 1 462 580 581 463
583 3 2 5 1 463 581 582 464
584 3 2 5 1 464 582 583 465
585 3 2 5 1 465 583 584 466
586 3 2 5 1 466 584 585 467
587 3 2 5 1 467 585 586 468
588 3 2 5 1 468 586 587 469
589 3 2 5 1 469 587 588 470
590 3 2 5 1 470 588 589 471
591 3 2 5 1 471 589 590 472
592 3 2 5 1 472 590 591 473
593 3 2 5 1 473 591 592 474
594 3 2 5 1 474 592 179 180
595 3 2 5 1 300 301 593 475
596 3 2 5 1 475 593 594 476
597 3 2 5 1 476 594 595 477
598 3 2 5 1 477 595 596 478
599 3 2 5 1 478 596 597 479
600 3 2 5 1 479 597 598 480
601 3 2 5 1 480 598 599 481
602 3 2 5 1 481 599 600 482
603 3 2 5 1 482 600 601 483
604 3 2 5 1 483 601 602 484
605 3 2 5 1 484 602 603 485
606 3 2 5 1 485 603 604 486
607 3 2 5 1 486 604 605 487
608 3 2 5 1 487 605 606 488
609 3 2 5 1 488 606 607 489
610 3 2 5 1 489 607 608 490
611 3 2 5 1 490 608 609 491
612 3 2 5 1 491 609 610 492
613 3 2 5 1 492 610 611 493
614 3 2 5 1 493 611 612 494
615 3 2 5 1 494 612 613 495
616 3 2 5 1 495 613 614 496
617 3 2 5 1 496 614 615 497
618 3 2 5 1 497 615 616 498
619 3 2 5 1 498 616 617 499
620 3 2 5 1 499 617 618 500
621 3 2 5 1 500 618 619 501
622 3 2 5 1 501 619 620 502
623 3 2 5 1 502 620 621 503
624 3 2 5 1 503 621 622 504
625 3 2 5 1 504 622 623 505
626 3 2 5 1 505 623 624 506
627 3 2 5 1 506 624 625 507
628 3 2 5 1 507 625 626 508
629 3 2 5 1 508 626 627 509
630 3 2 5 1 509 627 628 510
631 3 2 5 1 510 628 629 511
632 3 2 5 1 511 629 630 512
633 3 2 5 1 512 630 631 513
634 3 2 5 1 513 631 632 514
635 3 2 5 1 514 632 633 515
636 3 2 5 1 515 633 634 516
637 3 2 5 1 516 634 635 517
638 3 2 5 1 517 635 636 518
639 3 2 5 1 518 636 637 519
640 3 2 5 1 519 637 638 520
641 3 2 5 1 520 638 639 521
642 3 2 5 1 521 639 640 522
643 3 2 5 1 522 640 641 523
644 3 2 5 1 523 641 642 524
645 3 2 5 1 524 642 643 525
646 3 2 5 1 525 643 644 526
647 3 2 5 1 526 644 645 527
648 3 2 5 1 527 645 646 528
649 3 2 5 1 528 646 647 529
650 3 2 5 1 529 647 648 530
651 3 2 5 1 530 648 649 531
652 3 2 5 1 531 649 650 532
653 3 2 5 1 532 650 651 533
654 3 2 5 1 533 651 652 534
655 3 2 5 1 534 652 653 535
656 3 2 5 1 535 653 654 536
657 3 2 5 1 536 654 655 537
658 3 2 5 1 537 655 656 538
659 3 2 5 1 538 656 657 539
660 3 2 5 1 539 657 658 540
661 3 2 5 1 540 658 659 541
662 3 2 5 1 541 659 660 542
663 3 2 5 1 542 660 661 543
664 3 2 5 1 543 661 662 544
665 3 2 5 1 544 662 663 545
666 3 2 5 1 545 663 664 546
667 3 2 5 1 546 664 665 547
668 3 2 5 1 547 665 666 548
669 3 2 5 1 548 666 667 549
670 3 2 5 1 549 667 668 550
671 3 2 5 1 550 668 669 551
672 3 2 5 1 551 669 670 552
673 3 2 5 1 552 670 671 553
674 3 2 5 1 553 671 672 554
675 3 2 5 1 554 672 673 555
676 3 2 5 1 555 673 674 556
677 3 2 5 1 556 674 675 557
678 3 2 5 1 557 675 676 558
679 3 2 5 1 558 676 677 559
680 3 2 5 1 559 677 678 560
681 3 2 5 1 560 678 679 561
682 3 2 5 1 561 679 680 562
683 3 2 5 1 562 680 681 563
684 3 2 5 1 563 681 682 564
685 3 2 5 1 564 682 683 565
686 3 2 5 1 565 683 684 566
687 3 2 5 1 566 684 685 567
688 3 2 5 1 567 685 686 568
689 3 2 5 1 568 686 687 569
690 3 2 5 1 569 687 688 570
691 3 2 5 1 570 688 689 571
692 3 2 5 1 571 689 690 572
693 3 2 5 1 572 690 691 573
694 3 2 5 1 573 691 692 574
695 3 2 5 1 574 692 693 575
696 3 2 5 1 575 693 694 576
697 3 2 5 1 576 694 695 577
698 3 2 5 1 577 695 696 578
699 3 2 5 1 578 696 697 579
700 3 2 5 1 579 697 698 580
701 3 2 5 1 580 698 699 581
702 3 2 5 1 581 699 700 582
703 3 2 5 1 582 700 701 583
704 3 2 5 1 583 701 702 584
705 3 2 5 1 584 702 703 585
706 3 2 5 1 585 703 704 586
707 3 2 5 1 586 704 705 587
708 3 2 5 1 587 705 706 588
709 3 2 5 1 588 706 707 589
710 3 2 5 1 589 707 708 590
711 3 2 5 1 590 708 709 591
712 3 2 5 1 591 709 710 592
713 3 2 5 1 592 710 178 179
714 3 2 5 1 301 302 711 593
715 3 2 5 1 593 711 712 594
716 3 2 5 1 594 712 713 595
717 3 2 5 1 595 713 714 596
718 3 2 5 1 596 714 715 597
719 3 2 5 1 597 715 716 598
720 3 2 5 1 598 716 717 599
721 3 2 5 1 599 717 718 600
722 3 2 5 1 600 718 719 601
723 3 2 5 1 601 719 720 602
724 3 2 5 1 602 720 721 603
725 3 2 5 1 603 721 722 604
726 3 2 5 1 604 722 723 605
727 3 2 5 1 605 723 724 606
728 3 2 5 1 606 724 725 607
729 3 2 5 1 607 725 726 608
730 3 2 5 1 608 726 727 609
731 3 2 5 1 609 727 728 610
732 3 2 5 1 610 728 729 611
733 3 2 5 1 611 729 730 612
734 3 2 5 1 612 730 731 613
735 3 2 5 1 613 731 732 614
736 3 2 5 1 614 732 733 615
737 3 2 5 1 615 733 734 616
738 3 2 5 1 616 734 735 617
739 3 2 5 1 617 735 736 618
740 3 2 5 1 618 736 737 619
741 3 2 5 1 619 737 738 620
742 3 2 5 1 620 738 739 621
743 3 2 5 1 621 739 740 622
744 3 2 5 1 622 740 741 623
745 3 2 5 1 623 741 742 624
746 3 2 5 1 624 742 743 625
747 3 2 5 1 625 743 744 626
748 3 2 5 1 626 744 745 627
749 3 2 5 1 627 745 746 628
750 3 2 5 1 628 746 747 629
751 3 2 5 1 629 747 748 630
752 3 2 5 1 630 748 749 631
753 3 2 5 1 631 749 750 632
754 3 2 5 1 632 750 751 633
755 3 2 5 1 633 751 752 634
756 3 2 5 1 634 752 753 635
757 3 2 5 1 635 753 754 636
758 3 2 5 1 636 754 755 637
759 3 2 5 1 637 755 756 638
760 3 2 5 1 638 756 757 639
761 3 2 5 1 639 757 758 640
762 3 2 5 1 640 758 759 641
763 3 2 5 1 641 759 760 642
764 3 2 5 1 642 760 761 643
765 3 2 5 1 643 761 762 644
766 3 2 5 1 644 762 763 645
767 3 2 5 1 645 763 764 646
768 3 2 5 1 646 764 765 647
769 3 2 5 1 647 765 766 648
770 3 2 5 1 648 766 767 649
771 3 2 5 1 649 767 768 650
772 3 2 5 1 650 768 769 651
773 3 2 5 1 651 769 770 652
774 3 2 5 1 652 770 771 653
775 3 2 5 1 653 771 772 654
776 3 2 5 1 654 772 773 655
777 3 2 5 1 655 773 774 656
778 3 2 5 1 656 774 775 657
779 3 2 5 1 657 775 776 658
780 3 2 5 1 658 776 777 659
781 3 2 5 1 659 777 778 660
782 3 2 5 1 660 778 779 661
783 3 2 5 1 661 779 780 662
784 3 2 5 1 662 780 781 663
785 3 2 5 1 663 781 782 664
786 3 2 5 1 664 782 783 665
787 3 2 5 1 665 783 784 666
788 3 2 5 1 666 784 785 667
789 3 2 5 1 667 785 786 668
790 3 2 5 1 668 786 787 669
791 3 2 5 1 669 787 788 670
792 3 2 5 1 670 788 789 671
793 3 2 5 1 671 789 790 672
794 3 2 5 1 672 790 791 673
795 3 2 5 1 673 791 792 674
796 3 2 5 1 674 792 793 675
797 3 2 5 1 675 793 794 676
798 3 2 5 1 676 794 795 677
799 3 2 5 1 677 795 796 678
800 3 2 5 1 678 796 797 679
801 3 2 5 1 679 797 798 680
802 3 2 5 1 680 798 799 681
803 3 2 5 1 681 799 800 682
804 3 2 5 1 682 800 801 683
805 3 2 5 1 683 801 802 684
806 3 2 5 1 684 802 803 685
807 3 2 5 1 685 803 804 686
808 3 2 5 1 686 804 805 687
809 3 2 5 1 687 805 806 688
810 3 2 5 1 688 806 807 689
811 3 2 5 1 689 807 808 690
812 3 2 5 1 690 808 809 691
813 3 2 5 1 691 809 810 692
814 3 2 5 1 692 810 811 693
815 3 2 5 1 693 811 812 694
816 3 2 5 1 694 812 813 695
817 3 2 5 1 695 813 814 696
818 3 2 5 1 696 814 815 697
819 3 2 5 1 697 815 816 698
820 3 2 5 1 698 816 817 699
821 3 2 5 1 699 817 818 700
822 3 2 5 1 700 818 819 701
823 3 2 5 1 701 819 820 702
824 3 2 5 1 702 820 821 703
825 3 2 5 1 703 821 822 704
826 3 2 5 1 704 822 823 705
827 3 2 5 1 705 823 824 706
828 3 2 5 1 706 824 825 707
829 3 2 5 1 707 825 826 708
830 3 2 5 1 708 826 827 709
831 3 2 5 1 709 827 828 710
832 3 2 5 1 710 828 177 178
833 3 2 5 1 302 303 829 711
834 3 2 5 1 711 829 830 712
835 3 2 5 1 712 830 831 713
836 3 2 5 1 713 831 832 714
837 3 2 5 1 714 832 833 715
838 3 2 5 1 715 833 834 716
839 3 2 5 1 716 834 835 717
840 3 2 5 1 717 835 836 718
841 3 2 5 1 718 836 837 719
842 3 2 5 1 719 837 838 720
843 3 2 5 1 720 838 839 721
844 3 2 5 1 721 839 840 722
845 3 2 5 1 722 840 841 723
846 3 2 5 1 723 841 842 724
847 3 2 5 1 724 842 843 725
848 3 2 5 1 725 843 844 726
849 3 2 5 1 726 844 845 727
850 3 2 5 1 727 845 846 728
851 3 2 5 1 728 846 847 729
852 3 2 5 1 729 847 848 730
853 3 2 5 1 730 848 849 731
854 3 2 5 1 731 849 850 732
855 3 2 5 1 732 850 851 733
856 3 2 5 1 733 851 852 734
857 3 2 5 1 734 852 853 735
858 3 2 5 1 735 853 854 736
859 3 2 5 1 736 854 855 737
860 3 2 5 1 737 855 856 738
861 3 2 5 1 738 856 857 739
862 3 2 5 1 739 857 858 740
863 3 2 5 1 740 858 859 741
864 3 2 5 1 741 859 860 742
865 3 2 5 1 742 860 861 743
866 3 2 5 1 743 861 862 744
867 3 2 5 1 744 862 863 745
868 3 2 5 1 745 863 864 746
869 3 2 5 1 746 864 865 747
870 3 2 5 1 747 865 866 748
871 3 2 5 1 748 866 867 749
872 3 2 5 1 749 867 868 750
873 3 2 5 1 750 868 869 751
874 3 2 5 1 751 869 870 752
875 3 2 5 1 752 870 871 753
876 3 2 5 1 753 871 872 754
877 3 2 5 1 754 872 873 755
878 3 2 5 1 755 873 874 756
879 3 2 5 1 756 874 875 757
880 3 2 5 1 757 875 876 758
881 3 2 5 1 758 876 877 759
882 3 2 5 1 759 877 878 760
883 3 2 5 1 760 878 879 761
884 3 2 5 1 761 879 880 762
885 3 2 5 1 762 880 881 763
886 3 2 5 1 763 881 882 764
887 3 2 5 1 764 882 883 765
888 3 2 5 1 765 883 884 766
889 3 2 5 1 766 884 885 767
890 3 2 5 1 767 885 886 768
891 3 2 5 1 768 886 887 769
892 3 2 5 1 769 887 888 770
893 3 2 5 1 770 888 889 771
894 3 2 5 1 771 889 890 772
895 3 2 5 1 772 890 891 773
896 3 2 5 1 773 891 892 774
897 3 2 5 1 774 892 893 775
898 3 2 5 1 775 893 894 776
899 3 2 5 1 776 894 895 777
900 3 2 5 1 777 895 896 778
901 3 2 5 1 778 896 897 779
902 3 2 5 1 779 897 898 780
903 3 2 5 1 780 898 899 781
904 3 2 5 1 781 899 900 782
905 3 2 5 1 782 900 901 783
906 3 2 5 1 783 901 902 784
907 3 2 5 1 784 902 903 785
908 3 2 5 1 785 903 904 786
909 3 2 5 1 786 904 905 787
910 3 2 5 1 787 905 906 788
911 3 2 5 1 788 906 907 789
912 3 2 5 1 789 907 908 790
913 3 2 5 1 790 908 909 791
914 3 2 5 1 791 909 910 792
915 3 2 5 1 792 910 911 793
916 3 2 5 1 793 911 912 794
917 3 2 5 1 794 912 913 795
918 3 2 5 1 795 913 914 796
919 3 2 5 1 796 914 915 797
920 3 2 5 1 797 915 916 798
921 3 2 5 1 798 916 917 799
922 3 2 5 1 799 917 918 800
923 3 2 5 1 800 918 919 801
924 3 2 5 1 801 919 920 802
925 3 2 5 1 802 920 921 803
926 3 2 5 1 803 921 922 804
927 3 2 5 1 804 922 923 805
928 3 2 5 1 805 923 924 806
929 3 2 5 1 806 924 925 807
930 3 2 5 1 807 925 926 808
931 3 2 5 1 808 926 927 809
932 3 2 5 1 809 927 928 810
933 3 2 5 1 810 928 929 811
934 3 2 5 1 811 929 930 812
935 3 2 5 1 812 930 931 813
936 3 2 5 1 813 931 932 814
937 3 2 5 1 814 932 933 815
938 3 2 5 1 815 933 934 816
939 3 2 5 1 816 934 935 817
940 3 2 5 1 817 935 936 818
941 3 2 5 1 818 936 937 819
942 3 2 5 1 819 937 938 820
943 3 2 5 1 820 938 939 821
944 3 2 5 1 821 939 940 822
945 3 2 5 1 822 940 941 823
946 3 2 5 1 823 941 942 824
947 3 2 5 1 824 942 943 825
948 3 2 5 1 825 943 944 826
949 3 2 5 1 826 944 945 827
950 3 2 5 1 827 945 946 828
951 3 2 5 1 828 946 176 177
952 3 2 5 1 303 304 947 829
953 3 2 5 1 829 947 948 830
954 3 2 5 1 830 948 949 831
955 3 2 5 1 831 949 950 832
956 3 2 5 1 832 950 951 833
957 3 2 5 1 833 951 952 834
958 3 2 5 1 834 952 953 835
959 3 2 5 1 835 953 954 836
960 3 2 5 1 836 954 955 837
961 3 2 5 1 837 955 956 838
962 3 2 5 1 838 956 957 839
963 3 2 5 1 839 957 958 840
964 3 2 5 1 840 958 959 841
965 3 2 5 1 841 959 960 842
966 3 2 5 1 842 960 961 843
967 3 2 5 1 843 961 962 844
968 3 2 5 1 844 962 963 845
969 3 2 5 1 845 963 964 846
970 3 2 5 1 846 964 965 847
971 3 2 5 1 847 965 966 848
972 3 2 5 1 848 966 967 849
973 3 2 5 1 849 967 968 850
974 3 2 5 1 850 968 969 851
975 3 2 5 1 851 969 970 852
976 3 2 5 1 852 970 971 853
977 3 2 5 1 853 971 972 854
978 3 2 5 1 854 972 973 855
979 3 2 5 1 855 973 974 856
980 3 2 5 1 856 974 975 857
981 3 2 5 1 857 975 976 858
982 3 2 5 1 858 976 977 859
983 3 2 5 1 859 977 978 860
984 3 2 5 1 860 978 979 861
985 3 2 5 1 861 979 980 862
986 3 2 5 1 862 980 981 863
987 3 2 5 1 863 981 982 864
988 3 2 5 1 864 982 983 865
989 3 2 5 1 865 983 984 866
990 3 2 5 1 866 984 985 867
991 3 2 5 1 867 985 986 868
992 3 2 5 1 868 986 987 869
993 3 2 5 1 869 987 988 870
994 3 2 5 1 870 988 989 871
995 3 2 5 1 871 989 990 872
996 3 2 5 1 872 990 991 873
997 3 2 5 1 873 991 992 874
998 3 2 5 1 874 992 993 875
999 3 2 5 1 875 993 994 876
1000 3 2 5 1 876 994 995 877
1001 3 2 5 1 877 995 996 878
1002 3 2 5 1 878 996 997 879
1003 3 2 5 1 879 997 998 880
1004 3 2 5 1 880 998 999 881
1005 3 2 5 1 881 999 1000 882
1006 3 2 5 1 882 1000 1001 883
1007 3 2 5 1 883 1001 1002 884
1008 3 2 5 1 884 1002 1003 885
1009 3 2 5 1 885 1003 1004 886
1010 3 2 5 1 886 1004 1005 887
1011 3 2 5 1 887 1005 1006 888
1012 3 2 5 1 888 1006 1007 889
1013 3 2 5 1 889 1007 1008 890
1014 3 2 5 1 890 1008 1009 891
1015 3 2 5 1 891 1009 1010 892
1016 3 2 5 1 892 1010 1011 893
1017 3 2 5 1 893 1011 1012 894
1018 3 2 5 1 894 1012 1013 895
1019 3 2 5 1 895 1013 1014 896
1020 3 2 5 1 896 1014 1015 897
1021 3 2 5 1 897 1015 1016 898
1022 3 2 5 1 898 1016 1017 899
1023 3 2 5 1 899 1017 1018 900
1024 3 2 5 1 900 1018 1019 901
1025 3 2 5 1 901 1019 1020 902
1026 3 2 5 1 902 1020 1021 903
1027 3 2 5 1 903 1021 1022 904
1028 3 2 5 1 904 1022 1023 905
1029 3 2 5 1 905 1023 1024 906
1030 3 2 5 1 906 1024 1025 907
1031 3 2 5 1 907 1025 1026 908
1032 3 2 5 1 908 1026 1027 909
1033 3 2 5 1 909 1027 1028 910
1034 3 2 5 1 910 1028 1029 911
1035 3 2 5 1 911 1029 1030 912
1036 3 2 5 1 912 1030 1031 913
1037 3 2 5 1 913 1031 1032 914
1038 3 2 5 1 914 1032 1033 915
1039 3 2 5 1 915 1033 1034 916
1040 3 2 5 1 916 1034 1035 917
1041 3 2 5 1 917 1035 1036 918
1042 3 2 5 1 918 1036 1037 919
1043 3 2 5 1 919 1037 1038 920
1044 3 2 5 1 920 1038 1039 921
1045 3 2 5 1 921 1039 1040 922
1046 3 2 5 1 922 1040 1041 923
1047 3 2 5 1 923 1041 1042 924
1048 3 2 5 1 924 1042 1043 925
1049 3 2 5 1 925 1043 1044 926
1050 3 2 5 1 926 1044 1045 927
1051 3 2 5 1 927 1045 1046 928
1052 3 2 5 1 928 1046 1047 929
1053 3 2 5 1 929 1047 1048 930
1054 3 2 5 1 930 1048 1049 931
1055 3 2 5 1 931 1049 1050 932
1056 3 2 5 1 932 1050 1051 933
1057 3 2 5 1 933 1051 1052 934
1058 3 2 5 1 934 1052 1053 935
1059 3 2 5 1 935 1053 1054 936
1060 3 2 5 1 936 1054 1055 937
1061 3 2 5 1 937 1055 1056 938
1062 3 2 5 1 938 1056 1057 939
1063 3 2 5 1 939 1057 1058 940
1064 3 2 5 1 940 1058 1059 941
1065 3 2 5 1 941 1059 1060 942
1066 3 2 5 1 942 1060 1061 943
1067 3 2 5 1 943 1061 1062 944
1068 3 2 5 1 944 1062 1063 945
1069 3 2 5 1 945 1063 1064 946
1070 3 2 5 1 946 1064 175 176
1071 3 2 5 1 304 305 1065 947
1072 3 2 5 1 947 1065 1066 948
1073 3 2 5 1 948 1066 1067 949
1074 3 2 5 1 949 1067 1068 950
1075 3 2 5 1 950 1068 1069 951
1076 3 2 5 1 951 1069 1070 952
1077 3 2 5 1 952 1070 1071 953
1078 3 2 5 1 953 1071 1072 954
1079 3 2 5 1 954 1072 1073 955
1080 3 2 5 1 955 1073 1074 956
1081 3 2 5 1 956 1074 1075 957
1082 3 2 5 1 957 1075 1076 958
1083 3 2 5 1 958 1076 1077 959
1084 3 2 5 1 959 1077 1078 960
1085 3 2 5 1 960 1078 1079 961
1086 3 2 5 1 961 1079 1080 962
1087 3 2 5 1 962 1080 1081 963
1088 3 2 5 1 963 1081 1082 964
1089 3 2 5 1 964 1082 1083 965
1090 3 2 5 1 965 1083 1084 966
1091 3 2 5 1 966 1084 1085 967
1092 3 2 5 1 967 1085 1086 968
1093 3 2 5 1 968 1086 1087 969
1094 3 2 5 1 969 1087 1088 970
1095 3 2 5 1 970 1088 1089 971
1096 3 2 5 1 971 1089 1090 972
1097 3 2 5 1 972 1090 1091 973
1098 3 2 5 1 973 1091 1092 974
1099 3 2 5 1 974 1092 1093 975
1100 3 2 5 1 975 1093 1094 976
1101 3 2 5 1 976 1094 1095 977
1102 3 2 5 1 977 1095 1096 978
1103 3 2 5 1 978 1096 1097 979
1104 3 2 5 1 979 1097 1098 980
1105 3 2 5 1 980 1098 1099 981
1106 3 2 5 1 981 1099 1100 982
1107 3 2 5 1 982 1100 1101 983
1108 3 2 5 1 983 1101 1102 984
1109 3 2 5 1 984 1102 1103 985
1110 3 2 5 1 985 1103 1104 986
1111 3 2 5 1 986 1104 1105 987
1112 3 2 5 1 987 1105 1106 988
1113 3 2 5 1 988 1106 1107 989
1114 3 2 5 1 989 1107 1108 990
1115 3 2 5 1 990 1108 1109 991
1116 3 2 5 1 991 1109 1110 992
1117 3 2 5 1 992 1110 1111 993
1118 3 2 5 1 993 1111 1112 994
1119 3 2 5 1 994 1112 1113 995
1120 3 2 5 1 995 1113 1114 996
1121 3 2 5 1 996 1114 1115 997
1122 3 2 5 1 997 1115 1116 998
1123 3 2 5 1 998 1116 1117 999
1124 3 2 5 1 999 1117 1118 1000
1125 3 2 5 1 1000 1118 1119 1001
1126 3 2 5 1 1001 1119 1120 1002
1127 3 2 5 1 1002 1120 1121 1003
1128 3 2 5 1 1003 1121 1122 1004
1129 3 2 5 1 1004 1122 1123 1005
1130 3 2 5 1 1005 1123 1124 1006
1131 3 2 5 1 1006 1124 1125 1007
1132 3 2 5 1 1007 1125 1126 1008
1133 3 2 5 1 1008 1126 1127 1009
1134 3 2 5 1 1009 1127 1128 1010
1135 3 2 5 1 1010 1128 1129 1011
1136 3 2 5 1 1011 1129 1130 1012
1137 3 2 5 1 1012 1130 1131 1013
1138 3 2 5 1 1013 1131 1132 1014
1139 3 2 5 1 1014 1132 1133 1015
1140 3 2 5 1 1015 1133 1134 1016
1141 3 2 5 1 1016 1134 1135 1017
1142 3 2 5 1 1017 1135 1136 1018
1143 3 2 5 1 1018 1136 1137 1019
1144 3 2 5 1 1019 1137 1138 1020
1145 3 2 5 1 1020 1138 1139 1021
1146 3 2 5 1 1021 1139 1140 1022
1147 3 2 5 1 1022 1140 1141 1023
1148 3 2 5 1 1023 1141 1142 1024
1149 3 2 5 1 1024 1142 1143 1025
1150 3 2 5 1 1025 1143 1144 1026
1151 3 2 5 1 1026 1144 1145 1027
1152 3 2 5 1 1027 1145 1146 1028
1153 3 2 5 1 1028 1146 1147 1029
1154 3 2 5 1 1029 1147 1148 1030
1155 3 2 5 1 1030 1148 1149 1031
1156 3 2 5 1 1031 1149 1150 1032
1157 3 2 5 1 1032 1150 1151 1033
1158 3 2 5 1 1033 1151 1152 1034
1159 3 2 5 1 1034 1152 1153 1035
1160 3 2 5 1 1035 1153 1154 1036
1161 3 2 5 1 1036 1154 1155 1037
1162 3 2 5 1 1037 1155 1156 1038
1163 3 2 5 1 1038 1156 1157 1039
1164 3 2 5 1 1039 1157 1158 1040
1165 3 2 5 1 1040 1158 1159 1041
1166 3 2 5 1 1041 1159 1160 1042
1167 3 2 5 1 1042 1160 1161 1043
1168 3 2 5 1 1043 1161 1162 1044
1169 3 2 5 1 1044 1162 1163 1045
1170 3 2 5 1 1045 1163 1164 1046
1171 3 2 5 1 1046 1164 1165 1047
1172 3 2 5 1 1047 1165 1166 1048
1173 3 2 5 1 1048 1166 1167 1049
1174 3 2 5 1 1049 1167 1168 1050
1175 3 2 5 1 1050 1168 1169 1051
1176 3 2 5 1 1051 1169 1170 1052
1177 3 2 5 1 1052 1170 1171 1053
1178 3 2 5 1 1053 1171 1172 1054
1179 3 2 5 1 1054 1172 1173 1055
1180 3 2 5 1 1055 1173 1174 1056
1181 3 2 5 1 1056 1174 1175 1057
1182 3 2 5 1 1057 1175 1176 1058
1183 3 2 5 1 1058 1176 1177 1059
1184 3 2 5 1 1059 1177 1178 1060
1185 3 2 5 1 1060 1178 1179 1061
1186 3 2 5 1 1061 1179 1180 1062
1187 3 2 5 1 1062 1180 1181 1063
1188 3 2 5 1 1063 1181 1182 1064
1189 3 2 5 1 1064 1182 174 175
1190 3 2 5 1 305 306 1183 1065
1191 3 2 5 1 1065 1183 1184 1066
1192 3 2 5 1 1066 1184 1185 1067
1193 3 2 5 1 1067 1185 1186 1068
1194 3 2 5 1 1068 1186 1187 1069
1195 3 2 5 1 1069 1187 1188 1070
1196 3 2 5 1 1070 1188 1189 1071
1197 3 2 5 1 1071 1189 1190 1072
1198 3 2 5 1 1072 1190 1191 1073
1199 3 2 5 1 1073 1191 1192 1074
1200 3 2 5 1 1074 1192 1193 1075
1201 3 2 5 1 1075 1193 1194 1076
1202 3 2 5 1 1076 1194 1195 1077
1203 3 2 5 1 1077 1195 1196 1078
1204 3 2 5 1 1078 1196 1197 1079
1205 3 2 5 1 1079 1197 1198 1080
1206 3 2 5 1 1080 1198 1199 1081
1207 3 2 5 1 1081 1199 1200 1082
1208 3 2 5 1 1082 1200 1201 1083
1209 3 2 5 1 1083 1201 1202 1084
1210 3 2 5 1 1084 1202 1203 1085
1211 3 2 5 1 1085 1203 1204 1086
1212 3 2 5 1 1086 1204 1205 1087
1213 3 2 5 1 1087 1205 1206 1088
1214 3 2 5 1 1088 1206 1207 1089
1215 3 2 5 1 1089 1207 1208 1090
1216 3 2 5 1 1090 1208 1209 1091
1217 3 2 5 1 1091 1209 1210 1092
1218 3 2 5 1 1092 1210 1211 1093
1219 3 2 5 1 1093 1211 1212 1094
1220 3 2 5 1 1094 1212 1213 1095
1221 3 2 5 1 1095 1213 1214 1096
1222 3 2 5 1 1096 1214 1215 1097
1223 3 2 5 1 1097 1215 1216 1098
1224 3 2 5 1 1098 1216 1217 1099
1225 3 2 5 1 1099 1217 1218 1100
1226 3 2 5 1 1100 1218 1219 1101
1227 3 2 5 1 1101 1219 1220 1102
1228 3 2 5 1 1102 1220 1221 1103
1229 3 2 5 1 1103 1221 1222 1104
1230 3 2 5 1 1104 1222 1223 1105
1231 3 2 5 1 1105 1223 1224 1106
1232 3 2 5 1 1106 1224 1225 1107
1233 3 2 5 1 1107 1225 1226 1108
1234 3 2 5 1 1108 1226 1227 1109
1235 3 2 5 1 1109 1227 1228 1110
1236 3 2 5 1 1110 1228 1229 1111
1237 3 2 5 1 1111 1229 1230 1112
1238 3 2 5 1 1112 1230 1231 1113
1239 3 2 5 1 1113 1231 1232 1114
1240 3 2 5 1 1114 1232 1233 1115
1241 3 2 5 1 1115 1233 1234 1116
1242 3 2 5 1 1116 1234 1235 1117
1243 3 2 5 1 1117 1235 1236 1118
1244 3 2 5 1 1118 1236 1237 1119
1245 3 2 5 1 1119 1237 1238 1120
1246 3 2 5 1 1120 1238 1239 1121
1247 3 2 5 1 1121 1239 1240 1122
1248 3 2 5 1 1122 1240 1241 1123
1249 3 2 5 1 1123 1241 1242 1124
1250 3 2 5 1 1124 1242 1243 1125
1251 3 2 5 1 1125 1243 1244 1126
1252 3 2 5 1 1126 1244 1245 1127
1253 3 2 5 1 1127 1245 1246 1128
1254 3 2 5 1 1128 1246 1247 1129
1255 3 2 5 1 1129 1247 1248 1130
1256 3 2 5 1 1130 1248 1249 1131
1257 3 2 5 1 1131 1249 1250 1132
1258 3 2 5 1 1132 1250 1251 1133
1259 3 2 5 1 1133 1251 1252 1134
1260 3 2 5 1 1134 1252 1253 1135
1261 3 2 5 1 1135 1253 1254 1136
1262 3 2 5 1 1136 1254 1255 1137
1263 3 2 5 1 1137 1255 1256 1138
1264 3 2 5 1 1138 1256 1257 1139
1265 3 2 5 1 1139 1257 1258 1140
1266 3 2 5 1 1140 1258 1259 1141
1267 3 2 5 1 1141 1259 1260 1142
1268 3 2 5 1 1142 1260 1261 1143
1269 3 2 5 1 1143 1261 1262 1144
1270 3 2 5 1 1144 1262 1263 1145
1271 3 2 5 1 1145 1263 1264 1146
1272 3 2 5 1 1146 1264 1265 1147
1273 3 2 5 1 1147 1265 1266 1148
1274 3 2 5 1 1148 1266 1267 1149
1275 3 2 5 1 1149 1267 1268 1150
1276 3 2 5 1 1150 1268 1269 1151
1277 3 2 5 1 1151 1269 1270 1152
1278 3 2 5 1 1152 1270 1271 1153
1279 3 2 5 1 1153 1271 1272 1154
1280 3 2 5 1 1154 1272 1273 1155
1281 3 2 5 1 1155 1273 1274 1156
1282 3 2 5 1 1156 1274 1275 1157
1283 3 2 5 1 1157 1275 1276 1158
1284 3 2 5 1 1158 1276 1277 1159
1285 3 2 5 1 1159 1277 1278 1160
1286 3 2 5 1 1160 1278 1279 1161
1287 3 2 5 1 1161 1279 1280 1162
1288 3 2 5 1 1162 1280 1281 1163
1289 3 2 5 1 1163 1281 1282 1164
1290 3 2 5 1 1164 1282 1283 1165
1291 3 2 5 1 1165 1283 1284 1166
1292 3 2 5 1 1166 1284 1285 1167
1293 3 2 5 1 1167 1285 1286 1168
1294 3 2 5 1 1168 1286 1287 1169
1295 3 2 5 1 1169 1287 1288 1170
1296 3 2 5 1 1170 1288 1289 1171
1297 3 2 5 1 1171 1289 1290 1172
1298 3 2 5 1 1172 1290 1291 1173
1299 3 2 5 1 1173 1291 1292 1174
1300 3 2 5 1 1174 1292 1293 1175
1301 3 2 5 1 1175 1293 1294 1176
1302 3 2 5 1 1176 1294 1295 1177
1303 3 2 5 1 1177 1295 1296 1178
1304 3 2 5 1 1178 1296 1297 1179
1305 3 2 5 1 1179 1297 1298 1180
1306 3 2 5 1 1180 1298 1299 1181
1307 3 2 5 1 1181 1299 1300 1182
1308 3 2 5 1 1182 1300 173 174
1309 3 2 5 1 306 307 1301 1183
1310 3 2 5 1 1183 1301 1302 1184
1311 3 2 5 1 1184 1302 1303 1185
1312 3 2 5 1 1185 1303 1304 1186
1313 3 2 5 1 1186 1304 1305 1187
1314 3 2 5 1 1187 1305 1306 1188
1315 3 2 5 1 1188 1306 1307 1189
1316 3 2 5 1 1189 1307 1308 1190
1317 3 2 5 1 1190 1308 1309 1191
1318 3 2 5 1 1191 1309 1310 1192
1319 3 2 5 1 1192 1310 1311 1193
1320 3 2 5 1 1193 1311 1312 1194
1321 3 2 5 1 1194 1312 1313 1195
1322 3 2 5 1 1195 1313 1314 1196
1323 3 2 5 1 1196 1314 1315 1197
1324 3 2 5 1 1197 1315 1316 1198
1325 3 2 5 1 1198 1316 1317 1199
1326 3 2 5 1 1199 1317 1318 1200
1327 3 2 5 1 1200 1318 1319 1201
1328 3 2 5 1 1201 1319 1320 1202
1329 3 2 5 1 1202 1320 1321 1203
1330 3 2 5 1 1203 1321 1322 1204
1331 3 2 5 1 1204 1322 1323 1205
1332 3 2 5 1 1205 1323 1324 1206
1333 3 2 5 1 1206 1324 1325 1207
1334 3 2 5 1 1207 1325 1326 1208
1335 3 2 5 1 1208 1326 1327 1209
1336 3 2 5 1 1209 1327 1328 1210
1337 3 2 5 1 1210 1328 1329 1211
1338 3 2 5 1 1211 1329 1330 1212
1339 3 2 5 1 1212 1330 1331 1213
1340 3 2 5 1 1213 1331 1332 1214
1341 3 2 5 1 1214 1332 1333 1215
1342 3 2 5 1 1215 1333 1334 1216
1343 3 2 5 1 1216 1334 1335 1217
1344 3 2 5 1 1217 1335 1336 1218
1345 3 2 5 1 1218 1336 1337 1219
1346 3 2 5 1 1219 1337 1338 1220
1347 3 2 5 1 1220 1338 1339 1221
1348 3 2 5 1 1221 1339 1340 1222
1349 3 2 5 1 1222 1340 1341 1223
1350 3 2 5 1 1223 1341 1342 1224
1351 3 2 5 1 1224 1342 1343 1225
1352 3 2 5 1 1225 1343 1344 1226
1353 3 2 5 1 1226 1344 1345 1227
1354 3 2 5 1 1227 1345 1346 1228
1355 3 2 5 1 1228 1346 1347 1229
1356 3 2 5 1 1229 1347 1348 1230
1357 3 2 5 1 1230 1348 1349 1231
1358 3 2 5 1 1231 1349 1350 1232
1359 3 2 5 1 1232 1350 1351 1233
1360 3 2 5 1 1233 1351 1352 1234
1361 3 2 5 1 1234 1352 1353 1235
1362 3 2 5 1 1235 1353 1354 1236
1363 3 2 5 1 1236 1354 1355 1237
1364 3 2 5 1 1237 1355 1356 1238
1365 3 2 5 1 1238 1356 1357 1239
1366 3 2 5 1 1239 1357 1358 1240
1367 3 2 5 1 1240 1358 1359 1241
1368 3 2 5 1 1241 1359 1360 1242
1369 3 2 5 1 1242 1360 1361 1243
1370 3 2 5 1 1243 1361 1362 1244
1371 3 2 5 1 1244 1362 1363 1245
1372 3 2 5 1 1245 1363 1364 1246
1373 3 2 5 1 1246 1364 1365 1247
1374 3 2 5 1 1247 1365 1366 1248
1375 3 2 5 1 1248 1366 1367 1249
1376 3 2 5 1 1249 1367 1368 1250
1377 3 2 5 1 1250 1368 1369 1251
1378 3 2 5 1 1251 1369 1370 1252
1379 3 2 5 1 1252 1370 1371 1253
1380 3 2 5 1 1253 1371 1372 1254
1381 3 2 5 1 1254 1372 1373 1255
1382 3 2 5 1 1255 1373 1374 1256
1383 3 2 5 1 1256 1374 1375 1257
1384 3 2 5 1 1257 1375 1376 1258
1385 3 2 5 1 1258 1376 1377 1259
1386 3 2 5 1 1259 1377 1378 1260
1387 3 2 5 1 1260 1378 1379 1261
1388 3 2 5 1 1261 1379 1380 1262
1389 3 2 5 1 1262 1380 1381 1263
1390 3 2 5 1 1263 1381 1382 1264
1391 3 2 5 1 1264 1382 1383 1265
1392 3 2 5 1 1265 1383 1384 1266
1393 3 2 5 1 1266 1384 1385 1267
1394 3 2 5 1 1267 1385 1386 1268
1395 3 2 5 1 1268 1386 1387 1269
1396 3 2 5 1 1269 1387 1388 1270
1397 3 2 5 1 1270 1388 1389 1271
1398 3 2 5 1 1271 1389 1390 1272
1399 3 2 5 1 1272 1390 1391 1273
1400 3 2 5 1 1273 1391 1392 1274
1401 3 2 5 1 1274 1392 1393 1275
1402 3 2 5 1 1275 1393 1394 1276
1403 3 2 5 1 1276 1394 1395 1277
1404 3 2 5 1 1277 1395 1396 1278
1405 3 2 5 1 1278 1396 1397 1279
1406 3 2 5 1 1279 1397 1398 1280
1407 3 2 5 1 1280 1398 1399 1281
1408 3 2 5 1 1281 1399 1400 1282
1409 3 2 5 1 1282 1400 1401 1283
1410 3 2 5 1 1283 1401 1402 1284
1411 3 2 5 1 1284 1402 1403 1285
1412 3 2 5 1 1285 1403 1404 1286
1413 3 2 5 1 1286 1404 1405 1287
1414 3 2 5 1 1287 1405 1406 1288
1415 3 2 5 1 1288 1406 1407 1289
1416 3 2 5 1 1289 1407 1408 1290
1417 3 2 5 1 1290 1408 1409 1291
1418 3 2 5 1 1291 1409 1410 1292
1419 3 2 5 1 1292 1410 1411 1293
1420 3 2 5 1 1293 1411 1412 1294
1421 3 2 5 1 1294 1412 1413 1295
1422 3 2 5 1 1295 1413 1414 1296
1423 3 2 5 1 1296 1414 1415 1297
1424 3 2 5 1 1297 1415 1416 1298
1425 3 2 5 1 1298 1416 1417 1299
1426 3 2 5 1 1299 1417 1418 1300
1427 3 2 5 1 1300 1418 172 173
1428 3 2 5 1 307 308 1419 1301
1429 3 2 5 1 1301 1419 1420 1302
1430 3 2 5 1 1302 1420 1421 1303
1431 3 2 5 1 1303 1421 1422 1304
1432 3 2 5 1 1304 1422 1423 1305
1433 3 2 5 1 1305 1423 1424 1306
1434 3 2 5 1 1306 1424 1425 1307
1435 3 2 5 1 1307 1425 1426 1308
1436 3 2 5 1 1308 1426 1427 1309
1437 3 2 5 1 1309 1427 1428 1310
1438 3 2 5 1 1310 1428 1429 1311
1439 3 2 5 1 1311 1429 1430 1312
1440 3 2 5 1 1312 1430 1431 1313
1441 3 2 5 1 1313 1431 1432 1314
1442 3 2 5 1 1314 1432 1433 1315
1443 3 2 5 1 1315 1433 1434 1316
1444 3 2 5 1 1316 1434 1435 1317
1445 3 2 5 1 1317 1435 1436 1318
1446 3 2 5 1 1318 1436 1437 1319
1447 3 2 5 1 1319 1437 1438 1320
1448 3 2 5 1 1320 1438 1439 1321
1449 3 2 5 1 1321 1439 1440 1322
1450 3 2 5 1 1322 1440 1441 1323
1451 3 2 5 1 1323 1441 1442 1324
1452 3 2 5 1 1324 1442 1443 1325
1453 3 2 5 1 1325 1443 1444 1326
1454 3 2 5 1 1326 1444 1445 1327
1455 3 2 5 1 1327 1445 1446 1328
1456 3 2 5 1 1328 1446 1447 1329
1457 3 2 5 1 1329 1447 1448 1330
1458 3 2 5 1 1330 1448 1449 1331
1459 3 2 5 1 1331 1449 1450 1332
1460 3 2 5 1 1332 1450 1451 1333
1461 3 2 5 1 1333 1451 1452 1334
1462 3 2 5 1 1334 1452 1453 1335
1463 3 2 5 1 1335 1453 1454 1336
1464 3 2 5 1 1336 1454 1455 1337
1465 3 2 5 1 1337 1455 1456 1338
1466 3 2 5 1 1338 1456 1457 1339
1467 3 2 5 1 1339 1457 1458 1340
1468 3 2 5 1 1340 1458 1459 1341
1469 3 2 5 1 1341 1459 1460 1342
1470 3 2 5 1 1342 1460 1461 1343
1471 3 2 5 1 1343 1461 1462 1344
1472 3 2 5 1 1344 1462 1463 1345
1473 3 2 5 1 1345 1463 1464 1346
1474 3 2 5 1 1346 1464 1465 1347
1475 3 2 5 1 1347 1465 1466 1348
1476 3 2 5 1 1348 1466 1467 1349
1477 3 2 5 1 1349 1467 1468 1350
1478 3 2 5 1 1350 1468 1469 1351
1479 3 2 5 1 1351 1469 1470 1352
1480 3 2 5 1 1352 1470 1471 1353
1481 3 2 5 1 1353 1471 1472 1354
1482 3 2 5 1 1354 1472 1473 1355
1483 3 2 5 1 1355 1473 1474 1356
1484 3 2 5 1 1356 1474 1475 1357
1485 3 2 5 1 1357 1475 1476 1358
1486 3 2 5 1 1358 1476 1477 1359
1487 3 2 5 1 1359 1477 1478 1360
1488 3 2 5 1 1360 1478 1479 1361
1489 3 2 5 1 1361 1479 1480 1362
1490 3 2 5 1 1362 1480 1481 1363
1491 3 2 5 1 1363 1481 1482 1364
1492 3 2 5 1 1364 1482 1483 1365
1493 3 2 5 1 1365 1483 1484 1366
1494 3 2 5 1 1366 1484 1485 1367
1495 3 2 5 1 1367 1485 1486 1368
1496 3 2 5 1 1368 1486 1487 1369
1497 3 2 5 1 1369 1487 1488 1370
1498 3 2 5 1 1370 1488 1489 1371
1499 3 2 5 1 1371 1489 1490 1372
1500 3 2 5 1 1372 1490 1491 1373
1501 3 2 5 1 1373 1491 1492 1374
1502 3 2 5 1 1374 1492 1493 1375
1503 3 2 5 1 1375 1493 1494 1376
1504 3 2 5 1 1376 1494 1495 1377
1505 3 2 5 1 1377 1495 1496 1378
1506 3 2 5 1 1378 1496 1497 1379
1507 3 2 5 1 1379 1497 1498 1380
1508 3 2 5 1 1380 1498 1499 1381
1509 3 2 5 1 1381 1499 1500 1382
1510 3 2 5 1 1382 1500 1501 1383
1511 3 2 5 1 1383 1501 1502 1384
1512 3 2 5 1 1384 1502 1503 1385
1513 3 2 5 1 1385 1503 1504 1386
1514 3 2 5 1 1386 1504 1505 1387
1515 3 2 5 1 1387 1505 1506 1388
1516 3 2 5 1 1388 1506 1507 1389
1517 3 2 5 1 1389 1507 1508 1390
1518 3 2 5 1 1390 1508 1509 1391
1519 3 2 5 1 1391 1509 1510 1392
1520 3 2 5 1 1392 1510 1511 1393
1521 3 2 5 1 1393 1511 1512 1394
1522 3 2 5 1 1394 1512 1513 1395
1523 3 2 5 1 1395 1513 1514 1396
1524 3 2 5 1 1396 1514 1515 1397
1525 3 2 5 1 1397 1515 1516 1398
1526 3 2 5 1 1398 1516 1517 1399
1527 3 2 5 1 1399 1517 1518 1400
1528 3 2 5 1 1400 1518 1519 1401
1529 3 2 5 1 1401 1519 1520 1402
1530 3 2 5 1 1402 1520 1521 1403
1531 3 2 5 1 1403 1521 1522 1404
1532 3 2 5 1 1404 1522 1523 1405
1533 3 2 5 1 1405 1523 1524 1406
1534 3 2 5 1 1406 1524 1525 1407
1535 3 2 5 1 1407 1525 1526 1408
1536 3 2 5 1 1408 1526 1527 1409
1537 3 2 5 1 1409 1527 1528 1410
1538 3 2 5 1 1410 1528 1529 1411
1539 3 2 5 1 1411 1529 1530 1412
1540 3 2 5 1 1412 1530 1531 1413
1541 3 2 5 1 1413 1531 1532 1414
1542 3 2 5 1 1414 1532 1533 1415
1543 3 2 5 1 1415 1533 1534 1416
1544 3 2 5 1 1416 1534 1535 1417
1545 3 2 5 1 1417 1535 1536 1418
1546 3 2 5 1 1418 1536 171 172
1547 3 2 5 1 308 309 1537 1419
1548 3 2 5 1 1419 1537 1538 1420
1549 3 2 5 1 1420 1538 1539 1421
1550 3 2 5 1 1421 1539 1540 1422
1551 3 2 5 1 1422 1540 1541 1423
1552 3 2 5 1 1423 1541 1542 1424
1553 3 2 5 1 1424 1542 1543 1425
1554 3 2 5 1 1425 1543 1544 1426
1555 3 2 5 1 1426 1544 1545 1427
1556 3 2 5 1 1427 1545 1546 1428
1557 3 2 5 1 1428 1546 1547 1429
1558 3 2 5 1 1429 1547 1548 1430
1559 3 2 5 1 1430 1548 1549 1431
1560 3 2 5 1 1431 1549 1550 1432
1561 3 2 5 1 1432 1550 1551 1433
1562 3 2 5 1 1433 1551 1552 1434
1563 3 2 5 1 1434 1552 1553 1435
1564 3 2 5 1 1435 1553 1554 1436
1565 3 2 5 1 1436 1554 1555 1437
1566 3 2 5 1 1437 1555 1556 1438
1567 3 2 5 1 1438 1556 1557 1439
1568 3 2 5 1 1439 1557 1558 1440
1569 3 2 5 1 1440 1558 1559 1441
1570 3 2 5 1 1441 1559 1560 1442
1571 3 2 5 1 1442 1560 1561 1443
1572 3 2 5 1 1443 1561 1562 1444
1573 3 2 5 1 1444 1562 1563 1445
1574 3 2 5 1 1445 1563 1564 1446
1575 3 2 5 1 1446 1564 1565 1447
1576 3 2 5 1 1447 1565 1566 1448
1577 3 2 5 1 1448 1566 1567 1449
1578 3 2 5 1 1449 1567 1568 1450
1579 3 2 5 1 1450 1568 1569 1451
1580 3 2 5 1 1451 1569 1570 1452
1581 3 2 5 1 1452 1570 1571 1453
1582 3 2 5 1 1453 1571 1572 1454
1583 3 2 5 1 1454 1572 1573 1455
1584 3 2 5 1 1455 1573 1574 1456
1585 3 2 5 1 1456 1574 1575 1457
1586 3 2 5 1 1457 1575 1576 1458
1587 3 2 5 1 1458 1576 1577 1459
1588 3 2 5 1 1459 1577 1578 1460
1589 3 2 5 1 1460 1578 1579 1461
1590 3 2 5 1 1461 1579 1580 1462
1591 3 2 5 1 1462 1580 1581 1463
1592 3 2 5 1 1463 1581 1582 1464
1593 3 2 5 1 1464 1582 1583 1465
1594 3 2 5 1 1465 1583 1584 1466
1595 3 2 5 1 1466 1584 1585 1467
1596 3 2 5 1 1467 1585 1586 1468
1597 3 2 5 1 1468 1586 1587 1469
1598 3 2 5 1 1469 1587 1588 1470
1599 3 2 5 1 1470 1588 1589 1471
1600 3 2 5 1 1471 1589 1590 1472
1601 3 2 5 1 1472 1590 1591 1473
1602 3 2 5 1 1473 1591 1592 1474
1603 3 2 5 1 1474 1592 1593 1475
1604 3 2 5 1 1475 1593 1594 1476
1605 3 2 5 1 1476 1594 1595 1477
1606 3 2 5 1 1477 1595 1596 1478
1607 3 2 5 1 1478 1596 1597 1479
1608 3 2 5 1 1479 1597 1598 1480
1609 3 2 5 1 1480 1598 1599 1481
1610 3 2 5 1 1481 1599 1600 1482
1611 3 2 5 1 1482 1600 1601 1483
1612 3 2 5 1 1483 1601 1602 1484
1613 3 2 5 1 1484 1602 1603 1485
1614 3 2 5 1 1485 1603 1604 1486
1615 3 2 5 1 1486 1604 1605 1487
1616 3 2 5 1 1487 1605 1606 1488
1617 3 2 5 1 1488 1606 1607 1489
1618 3 2 5 1 1489 1607 1608 1490
1619 3 2 5 1 1490 1608 1609 1491
1620 3 2 5 1 1491 1609 1610 1492
1621 3 2 5 1 1492 1610 1611 1493
1622 3 2 5 1 1493 1611 1612 1494
1623 3 2 5 1 1494 1612 1613 1495
1624 3 2 5 1 1495 1613 1614 1496
1625 3 2 5 1 1496 1614 1615 1497
1626 3 2 5 1 1497 1615 1616 1498
1627 3 2 5 1 1498 1616 1617 1499
1628 3 2 5 1 1499 1617 1618 1500
1629 3 2 5 1 1500 1618 1619 1501
1630 3 2 5 1 1501 1619 1620 1502
1631 3 2 5 1 1502 1620 1621 1503
1632 3 2 5 1 1503 1621 1622 1504
1633 3 2 5 1 1504 1622 1623 1505
1634 3 2 5 1 1505 1623 1624 1506
1635 3 2 5 1 1506 1624 1625 1507
1636 3 2 5 1 1507 1625 1626 1508
1637 3 2 5 1 1508 1626 1627 1509
1638 3 2 5 1 1509 1627 1628 1510
1639 3 2 5 1 1510 1628 1629 1511
1640 3 2 5 1 1511 1629 1630 1512
1641 3 2 5 1 1512 1630 1631 1513
1642 3 2 5 1 1513 1631 1632 1514
1643 3 2 5 1 1514 1632 1633 1515
1644 3 2 5 1 1515 1633 1634 1516
1645 3 2 5 1 1516 1634 1635 1517
1646 3 2 5 1 1517 1635 1636 1518
1647 3 2 5 1 1518 1636 1637 1519
1648 3 2 5 1 1519 1637 1638 1520
1649 3 2 5 1 1520 1638 1639 1521
1650 3 2 5 1 1521 1639 1640 1522
1651 3 2 5 1 1522 1640 1641 1523
1652 3 2 5 1 1523 1641 1642 1524
1653 3 2 5 1 1524 1642 1643 1525
1654 3 2 5 1 1525 1643 1644 1526
1655 3 2 5 1 1526 1644 1645 1527
1656 3 2 5 1 1527 1645 1646 1528
1657 3 2 5 1 1528 1646 1647 1529
1658 3 2 5 1 1529 1647 1648 1530
1659 3 2 5 1 1530 1648 1649 1531
1660 3 2 5 1 1531 1649 1650 1532
1661 3 2 5 1 1532 1650 1651 1533
1662 3 2 5 1 1533 1651 1652 1534
1663 3 2 5 1 1534 1652 1653 1535
1664 3 2 5 1 1535 1653 1654 1536
1665 3 2 5 1 1536 1654 170 171
1666 3 2 5 1 309 310 1655 1537
1667 3 2 5 1 1537 1655 1656 1538
1668 3 2 5 1 1538 1656 1657 1539
1669 3 2 5 1 1539 1657 1658 1540
1670 3 2 5 1 1540 1658 1659 1541
1671 3 2 5 1 1541 1659 1660 1542
1672 3 2 5 1 1542 1660 1661 1543
1673 3 2 5 1 1543 1661 1662 1544
1674 3 2 5 1 1544 1662 1663 1545
1675 3 2 5 1 1545 1663 1664 1546
1676 3 2 5 1 1546 1664 1665 1547
1677 3 2 5 1 1547 1665 1666 1548
1678 3 2 5 1 1548 1666 1667 1549
1679 3 2 5 1 1549 1667 1668 1550
1680 3 2 5 1 1550 1668 1669 1551
1681 3 2 5 1 1551 1669 1670 1552
1682 3 2 5 1 1552 1670 1671 1553
1683 3 2 5 1 1553 1671 1672 1554
1684 3 2 5 1 1554 1672 1673 1555
1685 3 2 5 1 1555 1673 1674 1556
1686 3 2 5 1 1556 1674 1675 1557
1687 3 2 5 1 1557 1675 1676 1558
1688 3 2 5 1 1558 1676 1677 1559
1689 3 2 5 1 1559 1677 1678 1560
1690 3 2 5 1 1560 1678 1679 1561
1691 3 2 5 1 1561 1679 1680 1562
1692 3 2 5 1 1562 1680 1681 1563
1693 3 2 5 1 1563 1681 1682 1564
1694 3 2 5 1 1564 1682 1683 1565
1695 3 2 5 1 1565 1683 1684 1566
1696 3 2 5 1 1566 1684 1685 1567
1697 3 2 5 1 1567 1685 1686 1568
1698 3 2 5 1 1568 1686 1687 1569
1699 3 2 5 1 1569 1687 1688 1570
1700 3 2 5 1 1570 1688 1689 1571
1701 3 2 5 1 1571 1689 1690 1572
1702 3 2 5 1 1572 1690 1691 1573
1703 3 2 5 1 1573 1691 1692 1574
1704 3 2 5 1 1574 1692 1693 1575
1705 3 2 5 1 1575 1693 1694 1576
1706 3 2 5 1 1576 1694 1695 1577
1707 3 2 5 1 1577 1695 1696 1578
1708 3 2 5 1 1578 1696 1697 1579
1709 3 2 5 1 1579 1697 1698 1580
1710 3 2 5 1 1580 1698 1699 1581
1711 3 2 5 1 1581 1699 1700 1582
1712 3 2 5 1 1582 1700 1701 1583
1713 3 2 5 1 1583 1701 1702 1584
1714 3 2 5 1 1584 1702 1703 1585
1715 3 2 5 1 1585 1703 1704 1586
1716 3 2 5 1 1586 1704 1705 1587
1717 3 2 5 1 1587 1705 1706 1588
1718 3 2 5 1 1588 1706 1707 1589
1719 3 2 5 1 1589 1707 1708 1590
1720 3 2 5 1 1590 1708 1709 1591
1721 3 2 5 1 1591 1709 1710 1592
1722 3 2 5 1 1592 1710 1711 1593
1723 3 2 5 1 1593 1711 1712 1594
1724 3 2 5 1 1594 1712 1713 1595
1725 3 2 5 1 1595 1713 1714 1596
1726 3 2 5 1 1596 1714 1715 1597
1727 3 2 5 1 1597 1715 1716 1598
1728 3 2 5 1 1598 1716 1717 1599
1729 3 2 5 1 1599 1717 1718 1600
1730 3 2 5 1 1600 1718 1719 1601
1731 3 2 5 1 1601 1719 1720 1602
1732 3 2 5 1 1602 1720 1721 1603
1733 3 2 5 1 1603 1721 1722 1604
1734 3 2 5 1 1604 1722 1723 1605
1735 3 2 5 1 1605 1723 1724 1606
1736 3 2 5 1 1606 1724 1725 1607
1737 3 2 5 1 1607 1725 1726 1608
1738 3 2 5 1 1608 1726 1727 1609
1739 3 2 5 1 1609 1727 1728 1610
1740 3 2 5 1 1610 1728 1729 1611
1741 3 2 5 1 1611 1729 1730 1612
1742 3 2 5 1 1612 1730 1731 1613
1743 3 2 5 1 1613 1731 1732 1614
1744 3 2 5 1 1614 1732 1733 1615
1745 3 2 5 1 1615 1733 1734 1616
1746 3 2 5 1 1616 1734 1735 1617
1747 3 2 5 1 1617 1735 1736 1618
1748 3 2 5 1 1618 1736 1737 1619
1749 3 2 5 1 1619 1737 1738 1620
1750 3 2 5 1 1620 1738 1739 1621
1751 3 2 5 1 1621 1739 1740 1622
1752 3 2 5 1 1622 1740 1741 1623
1753 3 2 5 1 1623 1741 1742 1624
1754 3 2 5 1 1624 1742 1743 1625
1755 3 2 5 1 1625 1743 1744 1626
1756 3 2 5 1 1626 1744 1745 1627
1757 3 2 5 1 1627 1745 1746 1628
1758 3 2 5 1 1628 1746 1747 1629
1759 3 2 5 1 1629 1747 1748 1630
1760 3 2 5 1 1630 1748 1749 1631
1761 3 2 5 1 1631 1749 1750 1632
1762 3 2 5 1 1632 1750 1751 1633
1763 3 2 5 1 1633 1751 1752 1634
1764 3 2 5 1 1634 1752 1753 1635
1765 3 2 5 1 1635 1753 1754 1636
1766 3 2 5 1 1636 1754 1755 1637
1767 3 2 5 1 1637 1755 1756 1638
1768 3 2 5 1 1638 1756 1757 1639
1769 3 2 5 1 1639 1757 1758 1640
1770 3 2 5 1 1640 1758 1759 1641
1771 3 2 5 1 1641 1759 1760 1642
1772 3 2 5 1 1642 1760 1761 1643
1773 3 2 5 1 1643 1761 1762 1644
1774 3 2 5 1 1644 1762 1763 1645
1775 3 2 5 1 1645 1763 1764 1646
1776 3 2 5 1 1646 1764 1765 1647
1777 3 2 5 1 1647 1765 1766 1648
1778 3 2 5 1 1648 1766 1767 1649
1779 3 2 5 1 1649 1767 1768 1650
1780 3 2 5 1 1650 1768 1769 1651
1781 3 2 5 1 1651 1769 1770 1652
1782 3 2 5 1 1652 1770 1771 1653
1783 3 2 5 1 1653 1771 1772 1654
1784 3 2 5 1 1654 1772 169 170
1785 3 2 5 1 310 311 1773 1655
1786 3 2 5 1 1655 1773 1774 1656
1787 3 2 5 1 1656 1774 1775 1657
1788 3 2 5 1 1657 1775 1776 1658
1789 3 2 5 1 1658 1776 1777 1659
1790 3 2 5 1 1659 1777 1778 1660
1791 3 2 5 1 1660 1778 1779 1661
1792 3 2 5 1 1661 1779 1780 1662
1793 3 2 5 1 1662 1780 1781 1663
1794 3 2 5 1 1663 1781 1782 1664
1795 3 2 5 1 1664 1782 1783 1665
1796 3 2 5 1 1665 1783 1784 1666
1797 3 2 5 1 1666 1784 1785 1667
1798 3 2 5 1 1667 1785 1786 1668
1799 3 2 5 1 1668 1786 1787 1669
1800 3 2 5 1 1669 1787 1788 1670
1801 3 2 5 1 1670 1788 1789 1671
1802 3 2 5 1 1671 1789 1790 1672
1803 3 2 5 1 1672 1790 1791 1673
1804 3 2 5 1 1673 1791 1792 1674
1805 3 2 5 1 1674 1792 1793 1675
1806 3 2 5 1 1675 1793 1794 1676
1807 3 2 5 1 1676 1794 1795 1677
1808 3 2 5 1 1677 1795 1796 1678
1809 3 2 5 1 1678 1796 1797 1679
1810 3 2 5 1 1679 1797 1798 1680
1811 3 2 5 1 1680 1798 1799 1681
1812 3 2 5 1 1681 1799 1800 1682
1813 3 2 5 1 1682 1800 1801 1683
1814 3 2 5 1 1683 1801 1802 1684
1815 3 2 5 1 1684 1802 1803 1685
1816 3 2 5 1 1685 1803 1804 1686
1817 3 2 5 1 1686 1804 1805 1687
1818 3 2 5 1 1687 1805 1806 1688
1819 3 2 5 1 1688 1806 1807 1689
1820 3 2 5 1 1689 1807 1808 1690
1821 3 2 5 1 1690 1808 1809 1691
1822 3 2 5 1 1691 1809 1810 1692
1823 3 2 5 1 1692 1810 1811 1693
1824 3 2 5 1 1693 1811 1812 1694
1825 3 2 5 1 1694 1812 1813 1695
1826 3 2 5 1 1695 1813 1814 1696
1827 3 2 5 1 1696 1814 1815 1697
1828 3 2 5 1 1697 1815 1816 1698
1829 3 2 5 1 1698 1816 1817 1699
1830 3 2 5 1 1699 1817 1818 1700
1831 3 2 5 1 1700 1818 1819 1701
1832 3 2 5 1 1701 1819 1820 1702
1833 3 2 5 1 1702 1820 1821 1703
1834 3 2 5 1 1703 1821 1822 1704
1835 3 2 5 1 1704 1822 1823 1705
1836 3 2 5 1 1705 1823 1824 1706
1837 3 2 5 1 1706 1824 1825 1707
1838 3 2 5 1 1707 1825 1826 1708
1839 3 2 5 1 1708 1826 1827 1709
1840 3 2 5 1 1709 1827 1828 1710
1841 3 2 5 1 1710 1828 1829 1711
1842 3 2 5 1 1711 1829 1830 1712
1843 3 2 5 1 1712 1830 1831 1713
1844 3 2 5 1 1713 1831 1832 1714
1845 3 2 5 1 1714 1832 1833 1715
1846 3 2 5 1 1715 1833 1834 1716
1847 3 2 5 1 1716 1834 1835 1717
1848 3 2 5 1 1717 1835 1836 1718
1849 3 2 5 1 1718 1836 1837 1719
1850 3 2 5 1 1719 1837 1838 1720
1851 3 2 5 1 1720 1838 1839 1721
1852 3 2 5 1 1721 1839 1840 1722
1853 3 2 5 1 1722 1840 1841 1723
1854 3 2 5 1 1723 1841 1842 1724
1855 3 2 5 1 1724 1842 1843 1725
1856 3 2 5 1 1725 1843 1844 1726
1857 3 2 5 1 1726 1844 1845 1727
1858 3 2 5 1 1727 1845 1846 1728
1859 3 2 5 1 1728 1846 1847 1729
1860 3 2 5 1 1729 1847 1848 1730
1861 3 2 5 1 1730 1848 1849 1731
1862 3 2 5 1 1731 1849 1850 1732
1863 3 2 5 1 1732 1850 1851 1733
1864 3 2 5 1 1733 1851 1852 1734
1865 3 2 5 1 1734 1852 1853 1735
1866 3 2 5 1 1735 1853 1854 1736
1867 3 2 5 1 1736 1854 1855 1737
1868 3 2 5 1 1737 1855 1856 1738
1869 3 2 5 1 1738 1856 1857 1739
1870 3 2 5 1 1739 1857 1858 1740
1871 3 2 5 1 1740 1858 1859 1741
1872 3 2 5 1 1741 1859 1860 1742
1873 3 2 5 1 1742 1860 1861 1743
1874 3 2 5 1 1743 1861 1862 1744
1875 3 2 5 1 1744 1862 1863 1745
1876 3 2 5 1 1745 1863 1864 1746
1877 3 2 5 1 1746 1864 1865 1747
1878 3 2 5 1 1747 1865 1866 1748
1879 3 2 5 1 1748 1866 1867 1749
1880 3 2 5 1 1749 1867 1868 1750
1881 3 2 5 1 1750 1868 1869 1751
1882 3 2 5 1 1751 1869 1870 1752
1883 3 2 5 1 1752 1870 1871 1753
1884 3 2 5 1 1753 1871 1872 1754
1885 3 2 5 1 1754 1872 1873 1755
1886 3 2 5 1 1755 1873 1874 1756
1887 3 2 5 1 1756 1874 1875 1757
1888 3 2 5 1 1757 1875 1876 1758
1889 3 2 5 1 1758 1876 1877 1759
1890 3 2 5 1 1759 1877 1878 1760
1891 3 2 5 1 1760 1878 1879 1761
1892 3 2 5 1 1761 1879 1880 1762
1893 3 2 5 1 1762 1880 1881 1763
1894 3 2 5 1 1763 1881 1882 1764
1895 3 2 5 1 1764 1882 1883 1765
1896 3 2 5 1 1765 1883 1884 1766
1897 3 2 5 1 1766 1884 1885 1767
1898 3 2 5 1 1767 1885 1886 1768
1899 3 2 5 1 1768 1886 1887 1769
1900 3 2 5 1 1769 1887 1888 1770
1901 3 2 5 1 1770 1888 1889 1771
1902 3 2 5 1 1771 1889 1890 1772
1903 3 2 5 1 1772 1890 168 169
1904 3 2 5 1 311 312 1891 1773
1905 3 2 5 1 1773 1891 1892 1774
1906 3 2 5 1 1774 1892 1893 1775
1907 3 2 5 1 1775 1893 1894 1776
1908 3 2 5 1 1776 1894 1895 1777
1909 3 2 5 1 1777 1895 1896 1778
1910 3 2 5 1 1778 1896 1897 1779
1911 3 2 5 1 1779 1897 1898 1780
1912 3 2 5 1 1780 1898 1899 1781
1913 3 2 5 1 1781 1899 1900 1782
1914 3 2 5 1 1782 1900 1901 1783
1915 3 2 5 1 1783 1901 1902 1784
1916 3 2 5 1 1784 1902 1903 1785
1917 3 2 5 1 1785 1903 1904 1786
1918 3 2 5 1 1786 1904 1905 1787
1919 3 2 5 1 1787 1905 1906 1788
1920 3 2 5 1 1788 1906 1907 1789
1921 3 2 5 1 1789 1907 1908 1790
1922 3 2 5 1 1790 1908 1909 1791
1923 3 2 5 1 1791 1909 1910 1792
1924 3 2 5 1 1792 1910 1911 1793
1925 3 2 5 1 1793 1911 1912 1794
1926 3 2 5 1 1794 1912 1913 1795
1927 3 2 5 1 1795 1913 1914 1796
1928 3 2 5 1 1796 1914 1915 1797
1929 3 2 5 1 1797 1915 1916 1798
1930 3 2 5 1 1798 1916 1917 1799
1931 3 2 5 1 1799 1917 1918 1800
1932 3 2 5 1 1800 1918 1919 1801
1933 3 2 5 1 1801 1919 1920 1802
1934 3 2 5 1 1802 1920 1921 1803
1935 3 2 5 1 1803 1921 1922 1804
1936 3 2 5 1 1804 1922 1923 1805
1937 3 2 5 1 1805 1923 1924 1806
1938 3 2 5 1 1806 1924 1925 1807
1939 3 2 5 1 1807 1925 1926 1808
1940 3 2 5 1 1808 1926 1927 1809
1941 3 2 5 1 1809 1927 1928 1810
1942 3 2 5 1 1810 1928 1929 1811
1943 3 2 5 1 1811 1929 1930 1812
1944 3 2 5 1 1812 1930 1931 1813
1945 3 2 5 1 1813 1931 1932 1814
1946 3 2 5 1 1814 1932 1933 1815
1947 3 2 5 1 1815 1933 1934 1816
1948 3 2 5 1 1816 1934 1935 1817
1949 3 2 5 1 1817 1935 1936 1818
1950 3 2 5 1 1818 1936 1937 1819
1951 3 2 5 1 1819 1937 1938 1820
1952 3 2 5 1 1820 1938 1939 1821
1953 3 2 5 1 1821 1939 1940 1822
1954 3 2 5 1 1822 1940 1941 1823
1955 3 2 5 1 1823 1941 1942 1824
1956 3 2 5 1 1824 1942 1943 1825
1957 3 2 5 1 1825 1943 1944 1826
1958 3 2 5 1 1826 1944 1945 1827
1959 3 2 5 1 1827 1945 1946 1828
1960 3 2 5 1 1828 1946 1947 1829
1961 3 2 5 1 1829 1947 1948 1830
1962 3 2 5 1 1830 1948 1949 1831
1963 3 2 5 1 1831 1949 1950 1832
1964 3 2 5 1 1832 1950 1951 1833
1965 3 2 5 1 1833 1951 1952 1834
1966 3 2 5 1 1834 1952 1953 1835
1967 3 2 5 1 1835 1953 1954 1836
1968 3 2 5 1 1836 1954 1955 1837
1969 3 2 5 1 1837 1955 1956 1838
1970 3 2 5 1 1838 1956 1957 1839
1971 3 2 5 1 1839 1957 1958 1840
1972 3 2 5 1 1840 1958 1959 1841
1973 3 2 5 1 1841 1959 1960 1842
1974 3 2 5 1 1842 1960 1961 1843
1975 3 2 5 1 1843 1961 1962 1844
1976 3 2 5 1 1844 1962 1963 1845
1977 3 2 5 1 1845 1963 1964 1846
1978 3 2 5 1 1846 1964 1965 1847
1979 3 2 5 1 1847 1965 1966 1848
1980 3 2 5 1 1848 1966 1967 1849
1981 3 2 5 1 1849 1967 1968 1850
1982 3 2 5 1 1850 1968 1969 1851
1983 3 2 5 1 1851 1969 1970 1852
1984 3 2 5 1 1852 1970 1971 1853
1985 3 2 5 1 1853 1971 1972 1854
1986 3 2 5 1 1854 1972 1973 1855
1987 3 2 5 1 1855 1973 1974 1856
1988 3 2 5 1 1856 1974 1975 1857
1989 3 2 5 1 1857 1975 1976 1858
1990 3 2 5 1 1858 1976 1977 1859
1991 3 2 5 1 1859 1977 1978 1860
1992 3 2 5 1 1860 1978 1979 1861
1993 3 2 5 1 1861 1979 1980 1862
1994 3 2 5 1 1862 1980 1981 1863
1995 3 2 5 1 1863 1981 1982 1864
1996 3 2 5 1 1864 1982 1983 1865
1997 3 2 5 1 1865 1983 1984 1866
1998 3 2 5 1 1866 1984 1985 1867
1999 3 2 5 1 1867 1985 1986 1868
2000 3 2 5 1 1868 1986 1987 1869
2001 3 2 5 1 1869 1987 1988 1870
2002 3 2 5 1 1870 1988 1989 1871
2003 3 2 5 1 1871 1989 1990 1872
2004 3 2 5 1 1872 1990 1991 1873
2005 3 2 5 1 1873 1991 1992 1874
2006 3 2 5 1 1874 1992 1993 1875
2007 3 2 5 1 1875 1993 1994 1876
2008 3 2 5 1 1876 1994 1995 1877
2009 3 2 5 1 1877 1995 1996 1878
2010 3 2 5 1 1878 1996 1997 1879
2011 3 2 5 1 1879 1997 1998 1880
2012 3 2 5 1 1880 1998 1999 1881
2013 3 2 5 1 1881 1999 2000 1882
2014 3 2 5 1 1882 2000 2001 1883
2015 3 2 5 1 1883 2001 2002 1884
2016 3 2 5 1 1884 2002 2003 1885
2017 3 2 5 1 1885 2003 2004 1886
2018 3 2 5 1 1886 2004 2005 1887
2019 3 2 5 1 1887 2005 2006 1888
2020 3 2 5 1 1888 2006 2007 1889
2021 3 2 5 1 1889 2007 2008 1890
2022 3 2 5 1 1890 2008 167 168
2023 3 2 5 1 312 313 2009 1891
2024 3 2 5 1 1891 2009 2010 1892
2025 3 2 5 1 1892 2010 2011 1893
2026 3 2 5 1 1893 2011 2012 1894
2027 3 2 5 1 1894 2012 2013 1895
2028 3 2 5 1 1895 2013 2014 1896
2029 3 2 5 1 1896 2014 2015 1897
2030 3 2 5 1 1897 2015 2016 1898
2031 3 2 5 1 1898 2016 2017 1899
2032 3 2 5 1 1899 2017 2018 1900
2033 3 2 5 1 1900 2018 2019 1901
2034 3 2 5 1 1901 2019 2020 1902
2035 3 2 5 1 1902 2020 2021 1903
2036 3 2 5 1 1903 2021 2022 1904
2037 3 2 5 1 1904 2022 2023 1905
2038 3 2 5 1 1905 2023 2024 1906
2039 3 2 5 1 1906 2024 2025 1907
2040 3 2 5 1 1907 2025 2026 1908
2041 3 2 5 1 1908 2026 2027 1909
2042 3 2 5 1 1909 2027 2028 1910
2043 3 2 5 1 1910 2028 2029 1911
2044 3 2 5 1 1911 2029 2030 1912
2045 3 2 5 1 1912 2030 2031 1913
2046 3 2 5 1 1913 2031 2032 1914
2047 3 2 5 1 1914 2032 2033 1915
2048 3 2 5 1 1915 2033 2034 1916
2049 3 2 5 1 1916 2034 2035 1917
2050 3 2 5 1 1917 2035 2036 1918
2051 3 2 5 1 1918 2036 2037 1919
2052 3 2 5 1 1919 2037 2038 1920
2053 3 2 5 1 1920 2038 2039 1921
2054 3 2 5 1 1921 2039 2040 1922
2055 3 2 5 1 1922 2040 2041 1923
2056 3 2 5 1 1923 2041 2042 1924
2057 3 2 5 1 1924 2042 2043 1925
2058 3 2 5 1 1925 2043 2044 1926
2059 3 2 5 1 1926 2044 2045 1927
2060 3 2 5 1 1927 2045 2046 1928
2061 3 2 5 1 1928 2046 2047 1929
2062 3 2 5 1 1929 2047 2048 1930
2063 3 2 5 1 1930 2048 2049 1931
2064 3 2 5 1 1931 2049 2050 1932
2065 3 2 5 1 1932 2050 2051 1933
2066 3 2 5 1 1933 2051 2052 1934
2067 3 2 5 1 1934 2052 2053 1935
2068 3 2 5 1 1935 2053 2054 1936
2069 3 2 5 1 1936 2054 2055 1937
2070 3 2 5 1 1937 2055 2056 1938
2071 3 2 5 1 1938 2056 2057 1939
2072 3 2 5 1 1939 2057 2058 1940
2073 3 2 5 1 1940 2058 2059 1941
2074 3 2 5 1 1941 2059 2060 1942
2075 3 2 5 1 1942 2060 2061 1943
2076 3 2 5 1 1943 2061 2062 1944
2077 3 2 5 1 1944 2062 2063 1945
2078 3 2 5 1 1945 2063 2064 1946
2079 3 2 5 1 1946 2064 2065 1947
2080 3 2 5 1 1947 2065 2066 1948
2081 3 2 5 1 1948 2066 2067 1949
2082 3 2 5 1 1949 2067 2068 1950
2083 3 2 5 1 1950 2068 2069 1951
2084 3 2 5 1 1951 2069 2070 1952
2085 3 2 5 1 1952 2070 2071 1953
2086 3 2 5 1 1953 2071 2072 1954
2087 3 2 5 1 1954 2072 2073 1955
2088 3 2 5 1 1955 2073 2074 1956
2089 3 2 5 1 1956 2074 2075 1957
2090 3 2 5 1 1957 2075 2076 1958
2091 3 2 5 1 1958 2076 2077 1959
2092 3 2 5 1 1959 2077 2078 1960
2093 3 2 5 1 1960 2078 2079 1961
2094 3 2 5 1 1961 2079 2080 1962
2095 3 2 5 1 1962 2080 2081 1963
2096 3 2 5 1 1963 2081 2082 1964
2097 3 2 5 1 1964 2082 2083 1965
2098 3 2 5 1 1965 2083 2084 1966
2099 3 2 5 1 1966 2084 2085 1967
2100 3 2 5 1 1967 2085 2086 1968
2101 3 2 5 1 1968 2086 2087 1969
2102 3 2 5 1 1969 2087 2088 1970
2103 3 2 5 1 1970 2088 2089 1971
2104 3 2 5 1 1971 2089 2090 1972
2105 3 2 5 1 1972 2090 2091 1973
2106 3 2 5 1 1973 2091 2092 1974
2107 3 2 5 1 1974 2092 2093 1975
2108 3 2 5 1 1975 2093 2094 1976
2109 3 2 5 1 1976 2094 2095 1977
2110 3 2 5 1 1977 2095 2096 1978
2111 3 2 5 1 1978 2096 2097 1979
2112 3 2 5 1 1979 2097 2098 1980
2113 3 2 5 1 1980 2098 2099 1981
2114 3 2 5 1 1981 2099 2100 1982
2115 3 2 5 1 1982 2100 2101 1983
2116 3 2 5 1 1983 2101 2102 1984
2117 3 2 5 1 1984 2102 2103 1985
2118 3 2 5 1 1985 2103 2104 1986
2119 3 2 5 1 1986 2104 2105 1987
2120 3 2 5 1 1987 2105 2106 1988
2121 3 2 5 1 1988 2106 2107 1989
2122 3 2 5 1 1989 2107 2108 1990
2123 3 2 5 1 1990 2108 2109 1991
2124 3 2 5 1 1991 2109 2110 1992
2125 3 2 5 1 1992 2110 2111 1993
2126 3 2 5 1 1993 2111 2112 1994
2127 3 2 5 1 1994 2112 2113 1995
2128 3 2 5 1 1995 2113 2114 1996
2129 3 2 5 1 1996 2114 2115 1997
2130 3 2 5 1 1997 2115 2116 1998
2131 3 2 5 1 1998 2116 2117 1999
2132 3 2 5 1 1999 2117 2118 2000
2133 3 2 5 1 2000 2118 2119 2001
2134 3 2 5 1 2001 2119 2120 2002
2135 3 2 5 1 2002 2120 2121 2003
2136 3 2 5 1 2003 2121 2122 2004
2137 3 2 5 1 2004 2122 2123 2005
2138 3 2 5 1 2005 2123 2124 2006
2139 3 2 5 1 2006 2124 2125 2007
2140 3 2 5 1 2007 2125 2126 2008
2141 3 2 5 1 2008 2126 166 167
2142 3 2 5 1 313 314 2127 2009
2143 3 2 5 1 2009 2127 2128 2010
2144 3 2 5 1 2010 2128 2129 2011
2145 3 2 5 1 2011 2129 2130 2012
2146 3 2 5 1 2012 2130 2131 2013
2147 3 2 5 1 2013 2131 2132 2014
2148 3 2 5 1 2014 2132 2133 2015
2149 3 2 5 1 2015 2133 2134 2016
2150 3 2 5 1 2016 2134 2135 2017
2151 3 2 5 1 2017 2135 2136 2018
2152 3 2 5 1 2018 2136 2137 2019
2153 3 2 5 1 2019 2137 2138 2020
2154 3 2 5 1 2020 2138 2139 2021
2155 3 2 5 1 2021 2139 2140 2022
2156 3 2 5 1 2022 2140 2141 2023
2157 3 2 5 1 2023 2141 2142 2024
2158 3 2 5 1 2024 2142 2143 2025
2159 3 2 5 1 2025 2143 2144 2026
2160 3 2 5 1 2026 2144 2145 2027
2161 3 2 5 1 2027 2145 2146 2028
2162 3 2 5 1 2028 2146 2147 2029
2163 3 2 5 1 2029 2147 2148 2030
2164 3 2 5 1 2030 2148 2149 2031
2165 3 2 5 1 2031 2149 2150 2032
2166 3 2 5 1 2032 2150 2151 2033
2167 3 2 5 1 2033 2151 2152 2034
2168 3 2 5 1 2034 2152 2153 2035
2169 3 2 5 1 2035 2153 2154 2036
2170 3 2 5 1 2036 2154 2155 2037
2171 3 2 5 1 2037 2155 2156 2038
2172 3 2 5 1 2038 2156 2157 2039
2173 3 2 5 1 2039 2157 2158 2040
2174 3 2 5 1 2040 2158 2159 2041
2175 3 2 5 1 2041 2159 2160 2042
2176 3 2 5 1 2042 2160 2161 2043
2177 3 2 5 1 2043 2161 2162 2044
2178 3 2 5 1 2044 2162 2163 2045
2179 3 2 5 1 2045 2163 2164 2046
2180 3 2 5 1 2046 2164 2165 2047
2181 3 2 5 1 2047 2165 2166 2048
2182 3 2 5 1 2048 2166 2167 2049
2183 3 2 5 1 2049 2167 2168 2050
2184 3 2 5 1 2050 2168 2169 2051
2185 3 2 5 1 2051 2169 2170 2052
2186 3 2 5 1 2052 2170 2171 2053
2187 3 2 5 1 2053 2171 2172 2054
2188 3 2 5 1 2054 2172 2173 2055
2189 3 2 5 1 2055 2173 2174 2056
2190 3 2 5 1 2056 2174 2175 2057
2191 3 2 5 1 2057 2175 2176 2058
2192 3 2 5 1 2058 2176 2177 2059
2193 3 2 5 1 2059 2177 2178 2060
2194 3 2 5 1 2060 2178 2179 2061
2195 3 2 5 1 2061 2179 2180 2062
2196 3 2 5 1 2062 2180 2181 2063
2197 3 2 5 1 2063 2181 2182 2064
2198 3 2 5 1 2064 2182 2183 2065
2199 3 2 5 1 2065 2183 2184 2066
2200 3 2 5 1 2066 2184 2185 2067
2201 3 2 5 1 2067 2185 2186 2068
2202 3 2 5 1 2068 2186 2187 2069
2203 3 2 5 1 2069 2187 2188 2070
2204 3 2 5 1 2070 2188 2189 2071
2205 3 2 5 1 2071 2189 2190 2072
2206 3 2 5 1 2072 2190 2191 2073
2207 3 2 5 1 2073 2191 2192 2074
2208 3 2 5 1 2074 2192 2193 2075
2209 3 2 5 1 2075 2193 2194 2076
2210 3 2 5 1 2076 2194 2195 2077
2211 3 2 5 1 2077 2195 2196 2078
2212 3 2 5 1 2078 2196 2197 2079
2213 3 2 5 1 2079 2197 2198 2080
2214 3 2 5 1 2080 2198 2199 2081
2215 3 2 5 1 2081 2199 2200 2082
2216 3 2 5 1 2082 2200 2201 2083
2217 3 2 5 1 2083 2201 2202 2084
2218 3 2 5 1 2084 2202 2203 2085
2219 3 2 5 1 2085 2203 2204 2086
2220 3 2 5 1 2086 2204 2205 2087
2221 3 2 5 1 2087 2205 2206 2088
2222 3 2 5 1 2088 2206 2207 2089
2223 3 2 5 1 2089 2207 2208 2090
2224 3 2 5 1 2090 2208 2209 2091
2225 3 2 5 1 2091 2209 2210 2092
2226 3 2 5 1 2092 2210 2211 2093
2227 3 2 5 1 2093 2211 2212 2094
2228 3 2 5 1 2094 2212 2213 2095
2229 3 2 5 1 2095 2213 2214 2096
2230 3 2 5 1 2096 2214 2215 2097
2231 3 2 5 1 2097 2215 2216 2098
2232 3 2 5 1 2098 2216 2217 2099
2233 3 2 5 1 2099 2217 2218 2100
2234 3 2 5 1 2100 2218 2219 2101
2235 3 2 5 1 2101 2219 2220 2102
2236 3 2 5 1 2102 2220 2221 2103
2237 3 2 5 1 2103 2221 2222 2104
2238 3 2 5 1 2104 2222 2223 2105
2239 3 2 5 1 2105 2223 2224 2106
2240 3 2 5 1 2106 2224 2225 2107
2241 3 2 5 1 2107 2225 2226 2108
2242 3 2 5 1 2108 2226 2227 2109
2243 3 2 5 1 2109 2227 2228 2110
2244 3 2 5 1 2110 2228 2229 2111
2245 3 2 5 1 2111 2229 2230 2112
2246 3 2 5 1 2112 2230 2231 2113
2247 3 2 5 1 2113 2231 2232 2114
2248 3 2 5 1 2114 2232 2233 2115
2249 3 2 5 1 2115 2233 2234 2116
2250 3 2 5 1 2116 2234 2235 2117
2251 3 2 5 1 2117 2235 2236 2118
2252 3 2 5 1 2118 2236 2237 2119
2253 3 2 5 1 2119 2237 2238 2120
2254 3 2 5 1 2120 2238 2239 2121
2255 3 2 5 1 2121 2239 2240 2122
2256 3 2 5 1 2122 2240 2241 2123
2257 3 2 5 1 2123 2241 2242 2124
2258 3 2 5 1 2124 2242 2243 2125
2259 3 2 5 1 2125 2243 2244 2126
2260 3 2 5 1 2126 2244 165 166
2261 3 2 5 1 314 315 2245 2127
2262 3 2 5 1 2127 2245 2246 2128
2263 3 2 5 1 2128 2246 2247 2129
2264 3 2 5 1 2129 2247 2248 2130
2265 3 2 5 1 2130 2248 2249 2131
2266 3 2 5 1 2131 2249 2250 2132
2267 3 2 5 1 2132 2250 2251 2133
2268 3 2 5 1 2133 2251 2252 2134
2269 3 2 5 1 2134 2252 2253 2135
2270 3 2 5 1 2135 2253 2254 2136
2271 3 2 5 1 2136 2254 2255 2137
2272 3 2 5 1 2137 2255 2256 2138
2273 3 2 5 1 2138 2256 2257 2139
2274 3 2 5 1 2139 2257 2258 2140
2275 3 2 5 1 2140 2258 2259 2141
2276 3 2 5 1 2141 2259 2260 2142
2277 3 2 5 1 2142 2260 2261 2143
2278 3 2 5 1 2143 2261 2262 2144
2279 3 2 5 1 2144 2262 2263 2145
2280 3 2 5 1 2145 2263 2264 2146
2281 3 2 5 1 2146 2264 2265 2147
2282 3 2 5 1 2147 2265 2266 2148
2283 3 2 5 1 2148 2266 2267 2149
2284 3 2 5 1 2149 2267 2268 2150
2285 3 2 5 1 2150 2268 2269 2151
2286 3 2 5 1 2151 2269 2270 2152
2287 3 2 5 1 2152 2270 2271 2153
2288 3 2 5 1 2153 2271 2272 2154
2289 3 2 5 1 2154 2272 2273 2155
2290 3 2 5 1 2155 2273 2274 2156
2291 3 2 5 1 2156 2274 2275 2157
2292 3 2 5 1 2157 2275 2276 2158
2293 3 2 5 1 2158 2276 2277 2159
2294 3 2 5 1 2159 2277 2278 2160
2295 3 2 5 1 2160 2278 2279 2161
2296 3 2 5 1 2161 2279 2280 2162
2297 3 2 5 1 2162 2280 2281 2163
2298 3 2 5 1 2163 2281 2282 2164
2299 3 2 5 1 2164 2282 2283 2165
2300 3 2 5 1 2165 2283 2284 2166
2301 3 2 5 1 2166 2284 2285 2167
2302 3 2 5 1 2167 2285 2286 2168
2303 3 2 5 1 2168 2286 2287 2169
2304 3 2 5 1 2169 2287 2288 2170
2305 3 2 5 1 2170 2288 2289 2171
2306 3 2 5 1 2171 2289 2290 2172
2307 3 2 5 1 2172 2290 2291 2173
2308 3 2 5 1 2173 2291 2292 2174
2309 3 2 5 1 2174 2292 2293 2175
2310 3 2 5 1 2175 2293 2294 2176
2311 3 2 5 1 2176 2294 2295 2177
2312 3 2 5 1 2177 2295 2296 2178
2313 3 2 5 1 2178 2296 2297 2179
2314 3 2 5 1 2179 2297 2298 2180
2315 3 2 5 1 2180 2298 2299 2181
2316 3 2 5 1 2181 2299 2300 2182
2317 3 2 5 1 2182 2300 2301 2183
2318 3 2 5 1 2183 2301 2302 2184
2319 3 2 5 1 2184 2302 2303 2185
2320 3 2 5 1 2185 2303 2304 2186
2321 3 2 5 1 2186 2304 2305 2187
2322 3 2 5 1 2187 2305 2306 2188
2323 3 2 5 1 2188 2306 2307 2189
2324 3 2 5 1 2189 2307 2308 2190
2325 3 2 5 1 2190 2308 2309 2191
2326 3 2 5 1 2191 2309 2310 2192
2327 3 2 5 1 2192 2310 2311 2193
2328 3 2 5 1 2193 2311 2312 2194
2329 3 2 5 1 2194 2312 2313 2195
2330 3 2 5 1 2195 2313 2314 2196
2331 3 2 5 1 2196 2314 2315 2197
2332 3 2 5 1 2197 2315 2316 2198
2333 3 2 5 1 2198 2316 2317 2199
2334 3 2 5 1 2199 2317 2318 2200
2335 3 2 5 1 2200 2318 2319 2201
2336 3 2 5 1 2201 2319 2320 2202
2337 3 2 5 1 2202 2320 2321 2203
2338 3 2 5 1 2203 2321 2322 2204
2339 3 2 5 1 2204 2322 2323 2205
2340 3 2 5 1 2205 2323 2324 2206
2341 3 2 5 1 2206 2324 2325 2207
2342 3 2 5 1 2207 2325 2326 2208
2343 3 2 5 1 2208 2326 2327 2209
2344 3 2 5 1 2209 2327 2328 2210
2345 3 2 5 1 2210 2328 2329 2211
2346 3 2 5 1 2211 2329 2330 2212
2347 3 2 5 1 2212 2330 2331 2213
2348 3 2 5 1 2213 2331 2332 2214
2349 3 2 5 1 2214 2332 2333 2215
2350 3 2 5 1 2215 2333 2334 2216
2351 3 2 5 1 2216 2334 2335 2217
2352 3 2 5 1 2217 2335 2336 2218
2353 3 2 5 1 2218 2336 2337 2219
2354 3 2 5 1 2219 2337 2338 2220
2355 3 2 5 1 2220 2338 2339 2221
2356 3 2 5 1 2221 2339 2340 2222
2357 3 2 5 1 2222 2340 2341 2223
2358 3 2 5 1 2223 2341 2342 2224
2359 3 2 5 1 2224 2342 2343 2225
2360 3 2 5 1 2225 2343 2344 2226
2361 3 2 5 1 2226 2344 2345 2227
2362 3 2 5 1 2227 2345 2346 2228
2363 3 2 5 1 2228 2346 2347 2229
2364 3 2 5 1 2229 2347 2348 2230
2365 3 2 5 1 2230 2348 2349 2231
2366 3 2 5 1 2231 2349 2350 2232
2367 3 2 5 1 2232 2350 2351 2233
2368 3 2 5 1 2233 2351 2352 2234
2369 3 2 5 1 2234 2352 2353 2235
2370 3 2 5 1 2235 2353 2354 2236
2371 3 2 5 1 2236 2354 2355 2237
2372 3 2 5 1 2237 2355 2356 2238
2373 3 2 5 1 2238 2356 2357 2239
2374 3 2 5 1 2239 2357 2358 2240
2375 3 2 5 1 2240 2358 2359 2241
2376 3 2 5 1 2241 2359 2360 2242
2377 3 2 5 1 2242 2360 2361 2243
2378 3 2 5 1 2243 2361 2362 2244
2379 3 2 5 1 2244 2362 164 165
2380 3 2 5 1 315 316 2363 2245
2381 3 2 5 1 2245 2363 2364 2246
2382 3 2 5 1 2246 2364 2365 2247
2383 3 2 5 1 2247 2365 2366 2248
2384 3 2 5 1 2248 2366 2367 2249
2385 3 2 5 1 2249 2367 2368 2250
2386 3 2 5 1 2250 2368 2369 2251
2387 3 2 5 1 2251 2369 2370 2252
2388 3 2 5 1 2252 2370 2371 2253
2389 3 2 5 1 2253 2371 2372 2254
2390 3 2 5 1 2254 2372 2373 2255
2391 3 2 5 1 2255 2373 2374 2256
2392 3 2 5 1 2256 2374 2375 2257
2393 3 2 5 1 2257 2375 2376 2258
2394 3 2 5 1 2258 2376 2377 2259
2395 3 2 5 1 2259 2377 2378 2260
2396 3 2 5 1 2260 2378 2379 2261
2397 3 2 5 1 2261 2379 2380 2262
2398 3 2 5 1 2262 2380 2381 2263
2399 3 2 5 1 2263 2381 2382 2264
2400 3 2 5 1 2264 2382 2383 2265
2401 3 2 5 1 2265 2383 2384 2266
2402 3 2 5 1 2266 2384 2385 2267
2403 3 2 5 1 2267 2385 2386 2268
2404 3 2 5 1 2268 2386 2387 2269
2405 3 2 5 1 2269 2387 2388 2270
2406 3 2 5 1 2270 2388 2389 2271
2407 3 2 5 1 2271 2389 2390 2272
2408 3 2 5 1 2272 2390 2391 2273
2409 3 2 5 1 2273 2391 2392 2274
2410 3 2 5 1 2274 2392 2393 2275
2411 3 2 5 1 2275 2393 2394 2276
2412 3 2 5 1 2276 2394 2395 2277
2413 3 2 5 1 2277 2395 2396 2278
2414 3 2 5 1 2278 2396 2397 2279
2415 3 2 5 1 2279 2397 2398 2280
2416 3 2 5 1 2280 2398 2399 2281
2417 3 2 5 1 2281 2399 2400 2282
2418 3 2 5 1 2282 2400 2401 2283
2419 3 2 5 1 2283 2401 2402 2284
2420 3 2 5 1 2284 2402 2403 2285
2421 3 2 5 1 2285 2403 2404 2286
2422 3 2 5 1 2286 2404 2405 2287
2423 3 2 5 1 2287 2405 2406 2288
2424 3 2 5 1 2288 2406 2407 2289
2425 3 2 5 1 2289 2407 2408 2290
2426 3 2 5 1 2290 2408 2409 2291
2427 3 2 5 1 2291 2409 2410 2292
2428 3 2 5 1 2292 2410 2411 2293
2429 3 2 5 1 2293 2411 2412 2294
2430 3 2 5 1 2294 2412 2413 2295
2431 3 2 5 1 2295 2413 2414 2296
2432 3 2 5 1 2296 2414 2415 2297
2433 3 2 5 1 2297 2415 2416 2298
2434 3 2 5 1 2298 2416 2417 2299
2435 3 2 5 1 2299 2417 2418 2300
2436 3 2 5 1 2300 2418 2419 2301
2437 3 2 5 1 2301 2419 2420 2302
2438 3 2 5 1 2302 2420 2421 2303
2439 3 2 5 1 2303 2421 2422 2304
2440 3 2 5 1 2304 2422 2423 2305
2441 3 2 5 1 2305 2423 2424 2306
2442 3 2 5 1 2306 2424 2425 2307
2443 3 2 5 1 2307 2425 2426 2308
2444 3 2 5 1 2308 2426 2427 2309
2445 3 2 5 1 2309 2427 2428 2310
2446 3 2 5 1 2310 2428 2429 2311
2447 3 2 5 1 2311 2429 2430 2312
2448 3 2 5 1 2312 2430 2431 2313
2449 3 2 5 1 2313 2431 2432 2314
2450 3 2 5 1 2314 2432 2433 2315
2451 3 2 5 1 2315 2433 2434 2316
2452 3 2 5 1 2316 2434 2435 2317
2453 3 2 5 1 2317 2435 2436 2318
2454 3 2 5 1 2318 2436 2437 2319
2455 3 2 5 1 2319 2437 2438 2320
2456 3 2 5 1 2320 2438 2439 2321
2457 3 2 5 1 2321 2439 2440 2322
2458 3 2 5 1 2322 2440 2441 2323
2459 3 2 5 1 2323 2441 2442 2324
2460 3 2 5 1 2324 2442 2443 2325
2461 3 2 5 1 2325 2443 2444 2326
2462 3 2 5 1 2326 2444 2445 2327
2463 3 2 5 1 2327 2445 2446 2328
2464 3 2 5 1 2328 2446 2447 2329
2465 3 2 5 1 2329 2447 2448 2330
2466 3 2 5 1 2330 2448 2449 2331
2467 3 2 5 1 2331 2449 2450 2332
2468 3 2 5 1 2332 2450 2451 2333
2469 3 2 5 1 2333 2451 2452 2334
2470 3 2 5 1 2334 2452 2453 2335
2471 3 2 5 1 2335 2453 2454 2336
2472 3 2 5 1 2336 2454 2455 2337
2473 3 2 5 1 2337 2455 2456 2338
2474 3 2 5 1 2338 2456 2457 2339
2475 3 2 5 1 2339 2457 2458 2340
2476 3 2 5 1 2340 2458 2459 2341
2477 3 2 5 1 2341 2459 2460 2342
2478 3 2 5 1 2342 2460 2461 2343
2479 3 2 5 1 2343 2461 2462 2344
2480 3 2 5 1 2344 2462 2463 2345
2481 3 2 5 1 2345 2463 2464 2346
2482 3 2 5 1 2346 2464 2465 2347
2483 3 2 5 1 2347 2465 2466 2348
2484 3 2 5 1 2348 2466 2467 2349
2485 3 2 5 1 2349 2467 2468 2350
2486 3 2 5 1 2350 2468 2469 2351
2487 3 2 5 1 2351 2469 2470 2352
2488 3 2 5 1 2352 2470 2471 2353
2489 3 2 5 1 2353 2471 2472 2354
2490 3 2 5 1 2354 2472 2473 2355
2491 3 2 5 1 2355 2473 2474 2356
2492 3 2 5 1 2356 2474 2475 2357
2493 3 2 5 1 2357 2475 2476 2358
2494 3 2 5 1 2358 2476 2477 2359
2495 3 2 5 1 2359 2477 2478 2360
2496 3 2 5 1 2360 2478 2479 2361
2497 3 2 5 1 2361 2479 2480 2362
2498 3 2 5 1 2362 2480 163 164
2499 3 2 5 1 316 317 2481 2363
2500 3 2 5 1 2363 2481 2482 2364
2501 3 2 5 1 2364 2482 2483 2365
2502 3 2 5 1 2365 2483 2484 2366
2503 3 2 5 1 2366 2484 2485 2367
2504 3 2 5 1 2367 2485 2486 2368
2505 3 2 5 1 2368 2486 2487 2369
2506 3 2 5 1 2369 2487 2488 2370
2507 3 2 5 1 2370 2488 2489 2371
2508 3 2 5 1 2371 2489 2490 2372
2509 3 2 5 1 2372 2490 2491 2373
2510 3 2 5 1 2373 2491 2492 2374
2511 3 2 5 1 2374 2492 2493 2375
2512 3 2 5 1 2375 2493 2494 2376
2513 3 2 5 1 2376 2494 2495 2377
2514 3 2 5 1 2377 2495 2496 2378
2515 3 2 5 1 2378 2496 2497 2379
2516 3 2 5 1 2379 2497 2498 2380
2517 3 2 5 1 2380 2498 2499 2381
2518 3 2 5 1 2381 2499 2500 2382
2519 3 2 5 1 2382 2500 2501 2383
2520 3 2 5 1 2383 2501 2502 2384
2521 3 2 5 1 2384 2502 2503 2385
2522 3 2 5 1 2385 2503 2504 2386
2523 3 2 5 1 2386 2504 2505 2387
2524 3 2 5 1 2387 2505 2506 2388
2525 3 2 5 1 2388 2506 2507 2389
2526 3 2 5 1 2389 2507 2508 2390
2527 3 2 5 1 2390 2508 2509 2391
2528 3 2 5 1 2391 2509 2510 2392
2529 3 2 5 1 2392 2510 2511 2393
2530 3 2 5 1 2393 2511 2512 2394
2531 3 2 5 1 2394 2512 2513 2395
2532 3 2 5 1 2395 2513 2514 2396
2533 3 2 5 1 2396 2514 2515 2397
2534 3 2 5 1 2397 2515 2516 2398
2535 3 2 5 1 2398 2516 2517 2399
2536 3 2 5 1 2399 2517 2518 2400
2537 3 2 5 1 2400 2518 2519 2401
2538 3 2 5 1 2401 2519 2520 2402
2539 3 2 5 1 2402 2520 2521 2403
2540 3 2 5 1 2403 2521 2522 2404
2541 3 2 5 1 2404 2522 2523 2405
2542 3 2 5 1 2405 2523 2524 2406
2543 3 2 5 1 2406 2524 2525 2407
2544 3 2 5 1 2407 2525 2526 2408
2545 3 2 5 1 2408 2526 2527 2409
2546 3 2 5 1 2409 2527 2528 2410
2547 3 2 5 1 2410 2528 2529 2411
2548 3 2 5 1 2411 2529 2530 2412
2549 3 2 5 1 2412 2530 2531 2413
2550 3 2 5 1 2413 2531 2532 2414
2551 3 2 5 1 2414 2532 2533 2415
2552 3 2 5 1 2415 2533 2534 2416
2553 3 2 5 1 2416 2534 2535 2417
2554 3 2 5 1 2417 2535 2536 2418
2555 3 2 5 1 2418 2536 2537 2419
2556 3 2 5 1 2419 2537 2538 2420
2557 3 2 5 1 2420 2538 2539 2421
2558 3 2 5 1 2421 2539 2540 2422
2559 3 2 5 1 2422 2540 2541 2423
2560 3 2 5 1 2423 2541 2542 2424
2561 3 2 5 1 2424 2542 2543 2425
2562 3 2 5 1 2425 2543 2544 2426
2563 3 2 5 1 2426 2544 2545 2427
2564 3 2 5 1 2427 2545 2546 2428
2565 3 2 5 1 2428 2546 2547 2429
2566 3 2 5 1 2429 2547 2548 2430
2567 3 2 5 1 2430 2548 2549 2431
2568 3 2 5 1 2431 2549 2550 2432
2569 3 2 5 1 2432 2550 2551 2433
2570 3 2 5 1 2433 2551 2552 2434
2571 3 2 5 1 2434 2552 2553 2435
2572 3 2 5 1 2435 2553 2554 2436
2573 3 2 5 1 2436 2554 2555 2437
2574 3 2 5 1 2437 2555 2556 2438
2575 3 2 5 1 2438 2556 2557 2439
2576 3 2 5 1 2439 2557 2558 2440
2577 3 2 5 1 2440 2558 2559 2441
2578 3 2 5 1 2441 2559 2560 2442
2579 3 2 5 1 2442 2560 2561 2443
2580 3 2 5 1 2443 2561 2562 2444
2581 3 2 5 1 2444 2562 2563 2445
2582 3 2 5 1 2445 2563 2564 2446
2583 3 2 5 1 2446 2564 2565 2447
2584 3 2 5 1 2447 2565 2566 2448
2585 3 2 5 1 2448 2566 2567 2449
2586 3 2 5 1 2449 2567 2568 2450
2587 3 2 5 1 2450 2568 2569 2451
2588 3 2 5 1 2451 2569 2570 2452
2589 3 2 5 1 2452 2570 2571 2453
2590 3 2 5 1 2453 2571 2572 2454
2591 3 2 5 1 2454 2572 2573 2455
2592 3 2 5 1 2455 2573 2574 2456
2593 3 2 5 1 2456 2574 2575 2457
2594 3 2 5 1 2457 2575 2576 2458
2595 3 2 5 1 2458 2576 2577 2459
2596 3 2 5 1 2459 2577 2578 2460
2597 3 2 5 1 2460 2578 2579 2461
2598 3 2 5 1 2461 2579 2580 2462
2599 3 2 5 1 2462 2580 2581 2463
2600 3 2 5 1 2463 2581 2582 2464
2601 3 2 5 1 2464 2582 2583 2465
2602 3 2 5 1 2465 2583 2584 2466
2603 3 2 5 1 2466 2584 2585 2467
2604 3 2 5 1 2467 2585 2586 2468
2605 3 2 5 1 2468 2586 2587 2469
2606 3 2 5 1 2469 2587 2588 2470
2607 3 2 5 1 2470 2588 2589 2471
2608 3 2 5 1 2471 2589 2590 2472
2609 3 2 5 1 2472 2590 2591 2473
2610 3 2 5 1 2473 2591 2592 2474
2611 3 2 5 1 2474 2592 2593 2475
2612 3 2 5 1 2475 2593 2594 2476
2613 3 2 5 1 2476 2594 2595 2477
2614 3 2 5 1 2477 2595 2596 2478
2615 3 2 5 1 2478 2596 2597 2479
2616 3 2 5 1 2479 2597 2598 2480
2617 3 2 5 1 2480 2598 162 163
2618 3 2 5 1 317 318 2599 2481
2619 3 2 5 1 2481 2599 2600 2482
2620 3 2 5 1 2482 2600 2601 2483
2621 3 2 5 1 2483 2601 2602 2484
2622 3 2 5 1 2484 2602 2603 2485
2623 3 2 5 1 2485 2603 2604 2486
2624 3 2 5 1 2486 2604 2605 2487
2625 3 2 5 1 2487 2605 2606 2488
2626 3 2 5 1 2488 2606 2607 2489
2627 3 2 5 1 2489 2607 2608 2490
2628 3 2 5 1 2490 2608 2609 2491
2629 3 2 5 1 2491 2609 2610 2492
2630 3 2 5 1 2492 2610 2611 2493
2631 3 2 5 1 2493 2611 2612 2494
2632 3 2 5 1 2494 2612 2613 2495
2633 3 2 5 1 2495 2613 2614 2496
2634 3 2 5 1 2496 2614 2615 2497
2635 3 2 5 1 2497 2615 2616 2498
2636 3 2 5 1 2498 2616 2617 2499
2637 3 2 5 1 2499 2617 2618 2500
2638 3 2 5 1 2500 2618 2619 2501
2639 3 2 5 1 2501 2619 2620 2502
2640 3 2 5 1 2502 2620 2621 2503
2641 3 2 5 1 2503 2621 2622 2504
2642 3 2 5 1 2504 2622 2623 2505
2643 3 2 5 1 2505 2623 2624 2506
2644 3 2 5 1 2506 2624 2625 2507
2645 3 2 5 1 2507 2625 2626 2508
2646 3 2 5 1 2508 2626 2627 2509
2647 3 2 5 1 2509 2627 2628 2510
2648 3 2 5 1 2510 2628 2629 2511
2649 3 2 5 1 2511 2629 2630 2512
2650 3 2 5 1 2512 2630 2631 2513
2651 3 2 5 1 2513 2631 2632 2514
2652 3 2 5 1 2514 2632 2633 2515
2653 3 2 5 1 2515 2633 2634 2516
2654 3 2 5 1 2516 2634 2635 2517
2655 3 2 5 1 2517 2635 2636 2518
2656 3 2 5 1 2518 2636 2637 2519
2657 3 2 5 1 2519 2637 2638 2520
2658 3 2 5 1 2520 2638 2639 2521
2659 3 2 5 1 2521 2639 2640 2522
2660 3 2 5 1 2522 2640 2641 2523
2661 3 2 5 1 2523 2641 2642 2524
2662 3 2 5 1 2524 2642 2643 2525
2663 3 2 5 1 2525 2643 2644 2526
2664 3 2 5 1 2526 2644 2645 2527
2665 3 2 5 1 2527 2645 2646 2528
2666 3 2 5 1 2528 2646 2647 2529
2667 3 2 5 1 2529 2647 2648 2530
2668 3 2 5 1 2530 2648 2649 2531
2669 3 2 5 1 2531 2649 2650 2532
2670 3 2 5 1 2532 2650 2651 2533
2671 3 2 5 1 2533 2651 2652 2534
2672 3 2 5 1 2534 2652 2653 2535
2673 3 2 5 1 2535 2653 2654 2536
2674 3 2 5 1 2536 2654 2655 2537
2675 3 2 5 1 2537 2655 2656 2538
2676 3 2 5 1 2538 2656 2657 2539
2677 3 2 5 1 2539 2657 2658 2540
2678 3 2 5 1 2540 2658 2659 2541
2679 3 2 5 1 2541 2659 2660 2542
2680 3 2 5 1 2542 2660 2661 2543
2681 3 2 5 1 2543 2661 2662 2544
2682 3 2 5 1 2544 2662 2663 2545
2683 3 2 5 1 2545 2663 2664 2546
2684 3 2 5 1 2546 2664 2665 2547
2685 3 2 5 1 2547 2665 2666 2548
2686 3 2 5 1 2548 2666 2667 2549
2687 3 2 5 1 2549 2667 2668 2550
2688 3 2 5 1 2550 2668 2669 2551
2689 3 2 5 1 2551 2669 2670 2552
2690 3 2 5 1 2552 2670 2671 2553
2691 3 2 5 1 2553 2671 2672 2554
2692 3 2 5 1 2554 2672 2673 2555
2693 3 2 5 1 2555 2673 2674 2556
2694 3 2 5 1 2556 2674 2675 2557
2695 3 2 5 1 2557 2675 2676 2558
2696 3 2 5 1 2558 2676 2677 2559
2697 3 2 5 1 2559 2677 2678 2560
2698 3 2 5 1 2560 2678 2679 2561
2699 3 2 5 1 2561 2679 2680 2562
2700 3 2 5 1 2562 2680 2681 2563
2701 3 2 5 1 2563 2681 2682 2564
2702 3 2 5 1 2564 2682 2683 2565
2703 3 2 5 1 2565 2683 2684 2566
2704 3 2 5 1 2566 2684 2685 2567
2705 3 2 5 1 2567 2685 2686 2568
2706 3 2 5 1 2568 2686 2687 2569
2707 3 2 5 1 2569 2687 2688 2570
2708 3 2 5 1 2570 2688 2689 2571
2709 3 2 5 1 2571 2689 2690 2572
2710 3 2 5 1 2572 2690 2691 2573
2711 3 2 5 1 2573 2691 2692 2574
2712 3 2 5 1 2574 2692 2693 2575
2713 3 2 5 1 2575 2693 2694 2576
2714 3 2 5 1 2576 2694 2695 2577
2715 3 2 5 1 2577 2695 2696 2578
2716 3 2 5 1 2578 2696 2697 2579
2717 3 2 5 1 2579 2697 2698 2580
2718 3 2 5 1 2580 2698 2699 2581
2719 3 2 5 1 2581 2699 2700 2582
2720 3 2 5 1 2582 2700 2701 2583
2721 3 2 5 1 2583 2701 2702 2584
2722 3 2 5 1 2584 2702 2703 2585
2723 3 2 5 1 2585 2703 2704 2586
2724 3 2 5 1 2586 2704 2705 2587
2725 3 2 5 1 2587 2705 2706 2588
2726 3 2 5 1 2588 2706 2707 2589
2727 3 2 5 1 2589 2707 2708 2590
2728 3 2 5 1 2590 2708 2709 2591
2729 3 2 5 1 2591 2709 2710 2592
2730 3 2 5 1 2592 2710 2711 2593
2731 3 2 5 1 2593 2711 2712 2594
2732 3 2 5 1 2594 2712 2713 2595
2733 3 2 5 1 2595 2713 2714 2596
2734 3 2 5 1 2596 2714 2715 2597
2735 3 2 5 1 2597 2715 2716 2598
2736 3 2 5 1 2598 2716 161 162
2737 3 2 5 1 318 319 2717 2599
2738 3 2 5 1 2599 2717 2718 2600
2739 3 2 5 1 2600 2718 2719 2601
2740 3 2 5 1 2601 2719 2720 2602
2741 3 2 5 1 2602 2720 2721 2603
2742 3 2 5 1 2603 2721 2722 2604
2743 3 2 5 1 2604 2722 2723 2605
2744 3 2 5 1 2605 2723 2724 2606
2745 3 2 5 1 2606 2724 2725 2607
2746 3 2 5 1 2607 2725 2726 2608
2747 3 2 5 1 2608 2726 2727 2609
2748 3 2 5 1 2609 2727 2728 2610
2749 3 2 5 1 2610 2728 2729 2611
2750 3 2 5 1 2611 2729 2730 2612
2751 3 2 5 1 2612 2730 2731 2613
2752 3 2 5 1 2613 2731 2732 2614
2753 3 2 5 1 2614 2732 2733 2615
2754 3 2 5 1 2615 2733 2734 2616
2755 3 2 5 1 2616 2734 2735 2617
2756 3 2 5 1 2617 2735 2736 2618
2757 3 2 5 1 2618 2736 2737 2619
2758 3 2 5 1 2619 2737 2738 2620
2759 3 2 5 1 2620 2738 2739 2621
2760 3 2 5 1 2621 2739 2740 2622
2761 3 2 5 1 2622 2740 2741 2623
2762 3 2 5 1 2623 2741 2742 2624
2763 3 2 5 1 2624 2742 2743 2625
2764 3 2 5 1 2625 2743 2744 2626
2765 3 2 5 1 2626 2744 2745 2627
2766 3 2 5 1 2627 2745 2746 2628
2767 3 2 5 1 2628 2746 2747 2629
2768 3 2 5 1 2629 2747 2748 2630
2769 3 2 5 1 2630 2748 2749 2631
2770 3 2 5 1 2631 2749 2750 2632
2771 3 2 5 1 2632 2750 2751 2633
2772 3 2 5 1 2633 2751 2752 2634
2773 3 2 5 1 2634 2752 2753 2635
2774 3 2 5 1 2635 2753 2754 2636
2775 3 2 5 1 2636 2754 2755 2637
2776 3 2 5 1 2637 2755 2756 2638
2777 3 2 5 1 2638 2756 2757 2639
2778 3 2 5 1 2639 2757 2758 2640
2779 3 2 5 1 2640 2758 2759 2641
2780 3 2 5 1 2641 2759 2760 2642
2781 3 2 5 1 2642 2760 2761 2643
2782 3 2 5 1 2643 2761 2762 2644
2783 3 2 5 1 2644 2762 2763 2645
2784 3 2 5 1 2645 2763 2764 2646
2785 3 2 5 1 2646 2764 2765 2647
2786 3 2 5 1 2647 2765 2766 2648
2787 3 2 5 1 2648 2766 2767 2649
2788 3 2 5 1 2649 2767 2768 2650
2789 3 2 5 1 2650 2768 2769 2651
2790 3 2 5 1 2651 2769 2770 2652
2791 3 2 5 1 2652 2770 2771 2653
2792 3 2 5 1 2653 2771 2772 2654
2793 3 2 5 1 2654 2772 2773 2655
2794 3 2 5 1 2655 2773 2774 2656
2795 3 2 5 1 2656 2774 2775 2657
2796 3 2 5 1 2657 2775 2776 2658
2797 3 2 5 1 2658 2776 2777 2659
2798 3 2 5 1 2659 2777 2778 2660
2799 3 2 5 1 2660 2778 2779 2661
2800 3 2 5 1 2661 2779 2780 2662
2801 3 2 5 1 2662 2780 2781 2663
2802 3 2 5 1 2663 2781 2782 2664
2803 3 2 5 1 2664 2782 2783 2665
2804 3 2 5 1 2665 2783 2784 2666
2805 3 2 5 1 2666 2784 2785 2667
2806 3 2 5 1 2667 2785 2786 2668
2807 3 2 5 1 2668 2786 2787 2669
2808 3 2 5 1 2669 2787 2788 2670
2809 3 2 5 1 2670 2788 2789 2671
2810 3 2 5 1 2671 2789 2790 2672
2811 3 2 5 1 2672 2790 2791 2673
2812 3 2 5 1 2673 2791 2792 2674
2813 3 2 5 1 2674 2792 2793 2675
2814 3 2 5 1 2675 2793 2794 2676
2815 3 2 5 1 2676 2794 2795 2677
2816 3 2 5 1 2677 2795 2796 2678
2817 3 2 5 1 2678 2796 2797 2679
2818 3 2 5 1 2679 2797 2798 2680
2819 3 2 5 1 2680 2798 2799 2681
2820 3 2 5 1 2681 2799 2800 2682
2821 3 2 5 1 2682 2800 2801 2683
2822 3 2 5 1 2683 2801 2802 2684
2823 3 2 5 1 2684 2802 2803 2685
2824 3 2 5 1 2685 2803 2804 2686
2825 3 2 5 1 2686 2804 2805 2687
2826 3 2 5 1 2687 2805 2806 2688
2827 3 2 5 1 2688 2806 2807 2689
2828 3 2 5 1 2689 2807 2808 2690
2829 3 2 5 1 2690 2808 2809 2691
2830 3 2 5 1 2691 2809 2810 2692
2831 3 2 5 1 2692 2810 2811 2693
2832 3 2 5 1 2693 2811 2812 2694
2833 3 2 5 1 2694 2812 2813 2695
2834 3 2 5 1 2695 2813 2814 2696
2835 3 2 5 1 2696 2814 2815 2697
2836 3 2 5 1 2697 2815 2816 2698
2837 3 2 5 1 2698 2816 2817 2699
2838 3 2 5 1 2699 2817 2818 2700
2839 3 2 5 1 2700 2818 2819 2701
2840 3 2 5 1 2701 2819 2820 2702
2841 3 2 5 1 2702 2820 2821 2703
2842 3 2 5 1 2703 2821 2822 2704
2843 3 2 5 1 2704 2822 2823 2705
2844 3 2 5 1 2705 2823 2824 2706
2845 3 2 5 1 2706 2824 2825 2707
2846 3 2 5 1 2707 2825 2826 2708
2847 3 2 5 1 2708 2826 2827 2709
2848 3 2 5 1 2709 2827 2828 2710
2849 3 2 5 1 2710 2828 2829 2711
2850 3 2 5 1 2711 2829 2830 2712
2851 3 2 5 1 2712 2830 2831 2713
2852 3 2 5 1 2713 2831 2832 2714
2853 3 2 5 1 2714 2832 2833 2715
2854 3 2 5 1 2715 2833 2834 2716
2855 3 2 5 1 2716 2834 160 161
2856 3 2 5 1 319 320 2835 2717
2857 3 2 5 1 2717 2835 2836 2718
2858 3 2 5 1 2718 2836 2837 2719
2859 3 2 5 1 2719 2837 2838 2720
2860 3 2 5 1 2720 2838 2839 2721
2861 3 2 5 1 2721 2839 2840 2722
2862 3 2 5 1 2722 2840 2841 2723
2863 3 2 5 1 2723 2841 2842 2724
2864 3 2 5 1 2724 2842 2843 2725
2865 3 2 5 1 2725 2843 2844 2726
2866 3 2 5 1 2726 2844 2845 2727
2867 3 2 5 1 2727 2845 2846 2728
2868 3 2 5 1 2728 2846 2847 2729
2869 3 2 5 1 2729 2847 2848 2730
2870 3 2 5 1 2730 2848 2849 2731
2871 3 2 5 1 2731 2849 2850 2732
2872 3 2 5 1 2732 2850 2851 2733
2873 3 2 5 1 2733 2851 2852 2734
2874 3 2 5 1 2734 2852 2853 2735
2875 3 2 5 1 2735 2853 2854 2736
2876 3 2 5 1 2736 2854 2855 2737
2877 3 2 5 1 2737 2855 2856 2738
2878 3 2 5 1 2738 2856 2857 2739
2879 3 2 5 1 2739 2857 2858 2740
2880 3 2 5 1 2740 2858 2859 2741
2881 3 2 5 1 2741 2859 2860 2742
2882 3 2 5 1 2742 2860 2861 2743
2883 3 2 5 1 2743 2861 2862 2744
2884 3 2 5 1 2744 2862 2863 2745
2885 3 2 5 1 2745 2863 2864 2746
2886 3 2 5 1 2746 2864 2865 2747
2887 3 2 5 1 2747 2865 2866 2748
2888 3 2 5 1 2748 2866 2867 2749
2889 3 2 5 1 2749 2867 2868 2750
2890 3 2 5 1 2750 2868 2869 2751
2891 3 2 5 1 2751 2869 2870 2752
2892 3 2 5 1 2752 2870 2871 2753
2893 3 2 5 1 2753 2871 2872 2754
2894 3 2 5 1 2754 2872 2873 2755
2895 3 2 5 1 2755 2873 2874 2756
2896 3 2 5 1 2756 2874 2875 2757
2897 3 2 5 1 2757 2875 2876 2758
2898 3 2 5 1 2758 2876 2877 2759
2899 3 2 5 1 2759 2877 2878 2760
2900 3 2 5 1 2760 2878 2879 2761
2901 3 2 5 1 2761 2879 2880 2762
2902 3 2 5 1 2762 2880 2881 2763
2903 3 2 5 1 2763 2881 2882 2764
2904 3 2 5 1 2764 2882 2883 2765
2905 3 2 5 1 2765 2883 2884 2766
2906 3 2 5 1 2766 2884 2885 2767
2907 3 2 5 1 2767 2885 2886 2768
2908 3 2 5 1 2768 2886 2887 2769
2909 3 2 5 1 2769 2887 2888 2770
2910 3 2 5 1 2770 2888 2889 2771
2911 3 2 5 1 2771 2889 2890 2772
2912 3 2 5 1 2772 2890 2891 2773
2913 3 2 5 1 2773 2891 2892 2774
2914 3 2 5 1 2774 2892 2893 2775
2915 3 2 5 1 2775 2893 2894 2776
2916 3 2 5 1 2776 2894 2895 2777
2917 3 2 5 1 2777 2895 2896 2778
2918 3 2 5 1 2778 2896 2897 2779
2919 3 2 5 1 2779 2897 2898 2780
2920 3 2 5 1 2780 2898 2899 2781
2921 3 2 5 1 2781 2899 2900 2782
2922 3 2 5 1 2782 2900 2901 2783
2923 3 2 5 1 2783 2901 2902 2784
2924 3 2 5 1 2784 2902 2903 2785
2925 3 2 5 1 2785 2903 2904 2786
2926 3 2 5 1 2786 2904 2905 2787
2927 3 2 5 1 2787 2905 2906 2788
2928 3 2 5 1 2788 2906 2907 2789
2929 3 2 5 1 2789 2907 2908 2790
2930 3 2 5 1 2790 2908 2909 2791
2931 3 2 5 1 2791 2909 2910 2792
2932 3 2 5 1 2792 2910 2911 2793
2933 3 2 5 1 2793 2911 2912 2794
2934 3 2 5 1 2794 2912 2913 2795
2935 3 2 5 1 2795 2913 2914 2796
2936 3 2 5 1 2796 2914 2915 2797
2937 3 2 5 1 2797 2915 2916 2798
2938 3 2 5 1 2798 2916 2917 2799
2939 3 2 5 1 2799 2917 2918 2800
2940 3 2 5 1 2800 2918 2919 2801
2941 3 2 5 1 2801 2919 2920 2802
2942 3 2 5 1 2802 2920 2921 2803
2943 3 2 5 1 2803 2921 2922 2804
2944 3 2 5 1 2804 2922 2923 2805
2945 3 2 5 1 2805 2923 2924 2806
2946 3 2 5 1 2806 2924 2925 2807
2947 3 2 5 1 2807 2925 2926 2808
2948 3 2 5 1 2808 2926 2927 2809
2949 3 2 5 1 2809 2927 2928 2810
2950 3 2 5 1 2810 2928 2929 2811
2951 3 2 5 1 2811 2929 2930 2812
2952 3 2 5 1 2812 2930 2931 2813
2953 3 2 5 1 2813 2931 2932 2814
2954 3 2 5 1 2814 2932 2933 2815
2955 3 2 5 1 2815 2933 2934 2816
2956 3 2 5 1 2816 2934 2935 2817
2957 3 2 5 1 2817 2935 2936 2818
2958 3 2 5 1 2818 2936 2937 2819
2959 3 2 5 1 2819 2937 2938 2820
2960 3 2 5 1 2820 2938 2939 2821
2961 3 2 5 1 2821 2939 2940 2822
2962 3 2 5 1 2822 2940 2941 2823
2963 3 2 5 1 2823 2941 2942 2824
2964 3 2 5 1 2824 2942 2943 2825
2965 3 2 5 1 2825 2943 2944 2826
2966 3 2 5 1 2826 2944 2945 2827
2967 3 2 5 1 2827 2945 2946 2828
2968 3 2 5 1 2828 2946 2947 2829
2969 3 2 5 1 2829 2947 2948 2830
2970 3 2 5 1 2830 2948 2949 2831
2971 3 2 5 1 2831 2949 2950 2832
2972 3 2 5 1 2832 2950 2951 2833
2973 3 2 5 1 2833 2951 2952 2834
2974 3 2 5 1 2834 2952 159 160
2975 3 2 5 1 320 321 2953 2835
2976 3 2 5 1 2835 2953 2954 2836
2977 3 2 5 1 2836 2954 2955 2837
2978 3 2 5 1 2837 2955 2956 2838
2979 3 2 5 1 2838 2956 2957 2839
2980 3 2 5 1 2839 2957 2958 2840
2981 3 2 5 1 2840 2958 2959 2841
2982 3 2 5 1 2841 2959 2960 2842
2983 3 2 5 1 2842 2960 2961 2843
2984 3 2 5 1 2843 2961 2962 2844
2985 3 2 5 1 2844 2962 2963 2845
2986 3 2 5 1 2845 2963 2964 2846
2987 3 2 5 1 2846 2964 2965 2847
2988 3 2 5 1 2847 2965 2966 2848
2989 3 2 5 1 2848 2966 2967 2849
2990 3 2 5 1 2849 2967 2968 2850
2991 3 2 5 1 2850 2968 2969 2851
2992 3 2 5 1 2851 2969 2970 2852
2993 3 2 5 1 2852 2970 2971 2853
2994 3 2 5 1 2853 2971 2972 2854
2995 3 2 5 1 2854 2972 2973 2855
2996 3 2 5 1 2855 2973 2974 2856
2997 3 2 5 1 2856 2974 2975 2857
2998 3 2 5 1 2857 2975 2976 2858
2999 3 2 5 1 2858 2976 2977 2859
3000 3 2 5 1 2859 2977 2978 2860
3001 3 2 5 1 2860 2978 2979 2861
3002 3 2 5 1 2861 2979 2980 2862
3003 3 2 5 1 2862 2980 2981 2863
3004 3 2 5 1 2863 2981 2982 2864
3005 3 2 5 1 2864 2982 2983 2865
3006 3 2 5 1 2865 2983 2984 2866
3007 3 2 5 1 2866 2984 2985 2867
3008 3 2 5 1 2867 2985 2986 2868
3009 3 2 5 1 2868 2986 2987 2869
3010 3 2 5 1 2869 2987 2988 2870
3011 3 2 5 1 2870 2988 2989 2871
3012 3 2 5 1 2871 2989 2990 2872
3013 3 2 5 1 2872 2990 2991 2873
3014 3 2 5 1 2873 2991 2992 2874
3015 3 2 5 1 2874 2992 2993 2875
3016 3 2 5 1 2875 2993 2994 2876
3017 3 2 5 1 2876 2994 2995 2877
3018 3 2 5 1 2877 2995 2996 2878
3019 3 2 5 1 2878 2996 2997 2879
3020 3 2 5 1 2879 2997 2998 2880
3021 3 2 5 1 2880 2998 2999 2881
3022 3 2 5 1 2881 2999 3000 2882
3023 3 2 5 1 2882 3000 3001 2883
3024 3 2 5 1 2883 3001 3002 2884
3025 3 2 5 1 2884 3002 3003 2885
3026 3 2 5 1 2885 3003 3004 2886
3027 3 2 5 1 2886 3004 3005 2887
3028 3 2 5 1 2887 3005 3006 2888
3029 3 2 5 1 2888 3006 3007 2889
3030 3 2 5 1 2889 3007 3008 2890
3031 3 2 5 1 2890 3008 3009 2891
3032 3 2 5 1 2891 3009 3010 2892
3033 3 2 5 1 2892 3010 3011 2893
3034 3 2 5 1 2893 3011 3012 2894
3035 3 2 5 1 2894 3012 3013 2895
3036 3 2 5 1 2895 3013 3014 2896
3037 3 2 5 1 2896 3014 3015 2897
3038 3 2 5 1 2897 3015 3016 2898
3039 3 2 5 1 2898 3016 3017 2899
3040 3 2 5 1 2899 3017 3018 2900
3041 3 2 5 1 2900 3018 3019 2901
3042 3 2 5 1 2901 3019 3020 2902
3043 3 2 5 1 2902 3020 3021 2903
3044 3 2 5 1 2903 3021 3022 2904
3045 3 2 5 1 2904 3022 3023 2905
3046 3 2 5 1 2905 3023 3024 2906
3047 3 2 5 1 2906 3024 3025 2907
3048 3 2 5 1 2907 3025 3026 2908
3049 3 2 5 1 2908 3026 3027 2909
3050 3 2 5 1 2909 3027 3028 2910
3051 3 2 5 1 2910 3028 3029 2911
3052 3 2 5 1 2911 3029 3030 2912
3053 3 2 5 1 2912 3030 3031 2913
3054 3 2 5 1 2913 3031 3032 2914
3055 3 2 5 1 2914 3032 3033 2915
3056 3 2 5 1 2915 3033 3034 2916
3057 3 2 5 1 2916 3034 3035 2917
3058 3 2 5 1 2917 3035 3036 2918
3059 3 2 5 1 2918 3036 3037 2919
3060 3 2 5 1 2919 3037 3038 2920
3061 3 2 5 1 2920 3038 3039 2921
3062 3 2 5 1 2921 3039 3040 2922
3063 3 2 5 1 2922 3040 3041 2923
3064 3 2 5 1 2923 3041 3042 2924
3065 3 2 5 1 2924 3042 3043 2925
3066 3 2 5 1 2925 3043 3044 2926
3067 3 2 5 1 2926 3044 3045 2927
3068 3 2 5 1 2927 3045 3046 2928
3069 3 2 5 1 2928 3046 3047 2929
3070 3 2 5 1 2929 3047 3048 2930
3071 3 2 5 1 2930 3048 3049 2931
3072 3 2 5 1 2931 3049 3050 2932
3073 3 2 5 1 2932 3050 3051 2933
3074 3 2 5 1 2933 3051 3052 2934
3075 3 2 5 1 2934 3052 3053 2935
3076 3 2 5 1 2935 3053 3054 2936
3077 3 2 5 1 2936 3054 3055 2937
3078 3 2 5 1 2937 3055 3056 2938
3079 3 2 5 1 2938 3056 3057 2939
3080 3 2 5 1 2939 3057 3058 2940
3081 3 2 5 1 2940 3058 3059 2941
3082 3 2 5 1 2941 3059 3060 2942
3083 3 2 5 1 2942 3060 3061 2943
3084 3 2 5 1 2943 3061 3062 2944
3085 3 2 5 1 2944 3062 3063 2945
3086 3 2 5 1 2945 3063 3064 2946
3087 3 2 5 1 2946 3064 3065 2947
3088 3 2 5 1 2947 3065 3066 2948
3089 3 2 5 1 2948 3066 3067 2949
3090 3 2 5 1 2949 3067 3068 2950
3091 3 2 5 1 2950 3068 3069 2951
3092 3 2 5 1 2951 3069 3070 2952
3093 3 2 5 1 2952 3070 158 159
3094 3 2 5 1 321 322 3071 2953
3095 3 2 5 1 2953 3071 3072 2954
3096 3 2 5 1 2954 3072 3073 2955
3097 3 2 5 1 2955 3073 3074 2956
3098 3 2 5 1 2956 3074 3075 2957
3099 3 2 5 1 2957 3075 3076 2958
3100 3 2 5 1 2958 3076 3077 2959
3101 3 2 5 1 2959 3077 3078 2960
3102 3 2 5 1 2960 3078 3079 2961
3103 3 2 5 1 2961 3079 3080 2962
3104 3 2 5 1 2962 3080 3081 2963
3105 3 2 5 1 2963 3081 3082 2964
3106 3 2 5 1 2964 3082 3083 2965
3107 3 2 5 1 2965 3083 3084 2966
3108 3 2 5 1 2966 3084 3085 2967
3109 3 2 5 1 2967 3085 3086 2968
3110 3 2 5 1 2968 3086 3087 2969
3111 3 2 5 1 2969 3087 3088 2970
3112 3 2 5 1 2970 3088 3089 2971
3113 3 2 5 1 2971 3089 3090 2972
3114 3 2 5 1 2972 3090 3091 2973
3115 3 2 5 1 2973 3091 3092 2974
3116 3 2 5 1 2974 3092 3093 2975
3117 3 2 5 1 2975 3093 3094 2976
3118 3 2 5 1 2976 3094 3095 2977
3119 3 2 5 1 2977 3095 3096 2978
3120 3 2 5 1 2978 3096 3097 2979
3121 3 2 5 1 2979 3097 3098 2980
3122 3 2 5 1 2980 3098 3099 2981
3123 3 2 5 1 2981 3099 3100 2982
3124 3 2 5 1 2982 3100 3101 2983
3125 3 2 5 1 2983 3101 3102 2984
3126 3 2 5 1 2984 3102 3103 2985
3127 3 2 5 1 2985 3103 3104 2986
3128 3 2 5 1 2986 3104 3105 2987
3129 3 2 5 1 2987 3105 3106 2988
3130 3 2 5 1 2988 3106 3107 2989
3131 3 2 5 1 2989 3107 3108 2990
3132 3 2 5 1 2990 3108 3109 2991
3133 3 2 5 1 2991 3109 3110 2992
3134 3 2 5 1 2992 3110 3111 2993
3135 3 2 5 1 2993 3111 3112 2994
3136 3 2 5 1 2994 3112 3113 2995
3137 3 2 5 1 2995 3113 3114 2996
3138 3 2 5 1 2996 3114 3115 2997
3139 3 2 5 1 2997 3115 3116 2998
3140 3 2 5 1 2998 3116 3117 2999
3141 3 2 5 1 2999 3117 3118 3000
3142 3 2 5 1 3000 3118 3119 3001
3143 3 2 5 1 3001 3119 3120 3002
3144 3 2 5 1 3002 3120 3121 3003
3145 3 2 5 1 3003 3121 3122 3004
3146 3 2 5 1 3004 3122 3123 3005
3147 3 2 5 1 3005 3123 3124 3006
3148 3 2 5 1 3006 3124 3125 3007
3149 3 2 5 1 3007 3125 3126 3008
3150 3 2 5 1 3008 3126 3127 3009
3151 3 2 5 1 3009 3127 3128 3010
3152 3 2 5 1 3010 3128 3129 3011
3153 3 2 5 1 3011 3129 3130 3012
3154 3 2 5 1 3012 3130 3131 3013
3155 3 2 5 1 3013 3131 3132 3014
3156 3 2 5 1 3014 3132 3133 3015
3157 3 2 5 1 3015 3133 3134 3016
3158 3 2 5 1 3016 3134 3135 3017
3159 3 2 5 1 3017 3135 3136 3018
3160 3 2 5 1 3018 3136 3137 3019
3161 3 2 5 1 3019 3137 3138 3020
3162 3 2 5 1 3020 3138 3139 3021
3163 3 2 5 1 3021 3139 3140 3022
3164 3 2 5 1 3022 3140 3141 3023
3165 3 2 5 1 3023 3141 3142 3024
3166 3 2 5 1 3024 3142 3143 3025
3167 3 2 5 1 3025 3143 3144 3026
3168 3 2 5 1 3026 3144 3145 3027
3169 3 2 5 1 3027 3145 3146 3028
3170 3 2 5 1 3028 3146 3147 3029
3171 3 2 5 1 3029 3147 3148 3030
3172 3 2 5 1 3030 3148 3149 3031
3173 3 2 5 1 3031 3149 3150 3032
3174 3 2 5 1 3032 3150 3151 3033
3175 3 2 5 1 3033 3151 3152 3034
3176 3 2 5 1 3034 3152 3153 3035
3177 3 2 5 1 3035 3153 3154 3036
3178 3 2 5 1 3036 3154 3155 3037
3179 3 2 5 1 3037 3155 3156 3038
3180 3 2 5 1 3038 3156 3157 3039
3181 3 2 5 1 3039 3157 3158 3040
3182 3 2 5 1 3040 3158 3159 3041
3183 3 2 5 1 3041 3159 3160 3042
3184 3 2 5 1 3042 3160 3161 3043
3185 3 2 5 1 3043 3161 3162 3044
3186 3 2 5 1 3044 3162 3163 3045
3187 3 2 5 1 3045 3163 3164 3046
3188 3 2 5 1 3046 3164 3165 3047
3189 3 2 5 1 3047 3165 3166 3048
3190 3 2 5 1 3048 3166 3167 3049
3191 3 2 5 1 3049 3167 3168 3050
3192 3 2 5 1 3050 3168 3169 3051
3193 3 2 5 1 3051 3169 3170 3052
3194 3 2 5 1 3052 3170 3171 3053
3195 3 2 5 1 3053 3171 3172 3054
3196 3 2 5 1 3054 3172 3173 3055
3197 3 2 5 1 3055 3173 3174 3056
3198 3 2 5 1 3056 3174 3175 3057
3199 3 2 5 1 3057 3175 3176 3058
3200 3 2 5 1 3058 3176 3177 3059
3201 3 2 5 1 3059 3177 3178 3060
3202 3 2 5 1 3060 3178 3179 3061
3203 3 2 5 1 3061 3179 3180 3062
3204 3 2 5 1 3062 3180 3181 3063
3205 3 2 5 1 3063 3181 3182 3064
3206 3 2 5 1 3064 3182 3183 3065
3207 3 2 5 1 3065 3183 3184 3066
3208 3 2 5 1 3066 3184 3185 3067
3209 3 2 5 1 3067 3185 3186 3068
3210 3 2 5 1 3068 3186 3187 3069
3211 3 2 5 1 3069 3187 3188 3070
3212 3 2 5 1 3070 3188 157 158
3213 3 2 5 1 322 323 3189 3071
3214 3 2 5 1 3071 3189 3190 3072
3215 3 2 5 1 3072 3190 3191 3073
3216 3 2 5 1 3073 3191 3192 3074
3217 3 2 5 1 3074 3192 3193 3075
3218 3 2 5 1 3075 3193 3194 3076
3219 3 2 5 1 3076 3194 3195 3077
3220 3 2 5 1 3077 3195 3196 3078
3221 3 2 5 1 3078 3196 3197 3079
3222 3 2 5 1 3079 3197 3198 3080
3223 3 2 5 1 3080 3198 3199 3081
3224 3 2 5 1 3081 3199 3200 3082
3225 3 2 5 1 3082 3200 3201 3083
3226 3 2 5 1 3083 3201 3202 3084
3227 3 2 5 1 3084 3202 3203 3085
3228 3 2 5 1 3085 3203 3204 3086
3229 3 2 5 1 3086 3204 3205 3087
3230 3 2 5 1 3087 3205 3206 3088
3231 3 2 5 1 3088 3206 3207 3089
3232 3 2 5 1 3089 3207 3208 3090
3233 3 2 5 1 3090 3208 3209 3091
3234 3 2 5 1 3091 3209 3210 3092
3235 3 2 5 1 3092 3210 3211 3093
3236 3 2 5 1 3093 3211 3212 3094
3237 3 2 5 1 3094 3212 3213 3095
3238 3 2 5 1 3095 3213 3214 3096
3239 3 2 5 1 3096 3214 3215 3097
3240 3 2 5 1 3097 3215 3216 3098
3241 3 2 5 1 3098 3216 3217 3099
3242 3 2 5 1 3099 3217 3218 3100
3243 3 2 5 1 3100 3218 3219 3101
3244 3 2 5 1 3101 3219 3220 3102
3245 3 2 5 1 3102 3220 3221 3103
3246 3 2 5 1 3103 3221 3222 3104
3247 3 2 5 1 3104 3222 3223 3105
3248 3 2 5 1 3105 3223 3224 3106
3249 3 2 5 1 3106 3224 3225 3107
3250 3 2 5 1 3107 3225 3226 3108
3251 3 2 5 1 3108 3226 3227 3109
3252 3 2 5 1 3109 3227 3228 3110
3253 3 2 5 1 3110 3228 3229 3111
3254 3 2 5 1 3111 3229 3230 3112
3255 3 2 5 1 3112 3230 3231 3113
3256 3 2 5 1 3113 3231 3232 3114
3257 3 2 5 1 3114 3232 3233 3115
3258 3 2 5 1 3115 3233 3234 3116
3259 3 2 5 1 3116 3234 3235 3117
3260 3 2 5 1 3117 3235 3236 3118
3261 3 2 5 1 3118 3236 3237 3119
3262 3 2 5 1 3119 3237 3238 3120
3263 3 2 5 1 3120 3238 3239 3121
3264 3 2 5 1 3121 3239 3240 3122
3265 3 2 5 1 3122 3240 3241 3123
3266 3 2 5 1 3123 3241 3242 3124
3267 3 2 5 1 3124 3242 3243 3125
3268 3 2 5 1 3125 3243 3244 3126
3269 3 2 5 1 3126 3244 3245 3127
3270 3 2 5 1 3127 3245 3246 3128
3271 3 2 5 1 3128 3246 3247 3129
3272 3 2 5 1 3129 3247 3248 3130
3273 3 2 5 1 3130 3248 3249 3131
3274 3 2 5 1 3131 3249 3250 3132
3275 3 2 5 1 3132 3250 3251 3133
3276 3 2 5 1 3133 3251 3252 3134
3277 3 2 5 1 3134 3252 3253 3135
3278 3 2 5 1 3135 3253 3254 3136
3279 3 2 5 1 3136 3254 3255 3137
3280 3 2 5 1 3137 3255 3256 3138
3281 3 2 5 1 3138 3256 3257 3139
3282 3 2 5 1 3139 3257 3258 3140
3283 3 2 5 1 3140 3258 3259 3141
3284 3 2 5 1 3141 3259 3260 3142
3285 3 2 5 1 3142 3260 3261 3143
3286 3 2 5 1 3143 3261 3262 3144
3287 3 2 5 1 3144 3262 3263 3145
3288 3 2 5 1 3145 3263 3264 3146
3289 3 2 5 1 3146 3264 3265 3147
3290 3 2 5 1 3147 3265 3266 3148
3291 3 2 5 1 3148 3266 3267 3149
3292 3 2 5 1 3149 3267 3268 3150
3293 3 2 5 1 3150 3268 3269 3151
3294 3 2 5 1 3151 3269 3270 3152
3295 3 2 5 1 3152 3270 3271 3153
3296 3 2 5 1 3153 3271 3272 3154
3297 3 2 5 1 3154 3272 3273 3155
3298 3 2 5 1 3155 3273 3274 3156
3299 3 2 5 1 3156 3274 3275 3157
3300 3 2 5 1 3157 3275 3276 3158
3301 3 2 5 1 3158 3276 3277 3159
3302 3 2 5 1 3159 3277 3278 3160
3303 3 2 5 1 3160 3278 3279 3161
3304 3 2 5 1 3161 3279 3280 3162
3305 3 2 5 1 3162 3280 3281 3163
3306 3 2 5 1 3163 3281 3282 3164
3307 3 2 5 1 3164 3282 3283 3165
3308 3 2 5 1 3165 3283 3284 3166
3309 3 2 5 1 3166 3284 3285 3167
3310 3 2 5 1 3167 3285 3286 3168
3311 3 2 5 1 3168 3286 3287 3169
3312 3 2 5 1 3169 3287 3288 3170
3313 3 2 5 1 3170 3288 3289 3171
3314 3 2 5 1 3171 3289 3290 3172
3315 3 2 5 1 3172 3290 3291 3173
3316 3 2 5 1 3173 3291 3292 3174
3317 3 2 5 1 3174 3292 3293 3175
3318 3 2 5 1 3175 3293 3294 3176
3319 3 2 5 1 3176 3294 3295 3177
3320 3 2 5 1 3177 3295 3296 3178
3321 3 2 5 1 3178 3296 3297 3179
3322 3 2 5 1 3179 3297 3298 3180
3323 3 2 5 1 3180 3298 3299 3181
3324 3 2 5 1 3181 3299 3300 3182
3325 3 2 5 1 3182 3300 3301 3183
3326 3 2 5 1 3183 3301 3302 3184
3327 3 2 5 1 3184 3302 3303 3185
3328 3 2 5 1 3185 3303 3304 3186
3329 3 2 5 1 3186 3304 3305 3187
3330 3 2 5 1 3187 3305 3306 3188
3331 3 2 5 1 3188 3306 156 157
3332 3 2 5 1 323 324 3307 3189
3333 3 2 5 1 3189 3307 3308 3190
3334 3 2 5 1 3190 3308 3309 3191
3335 3 2 5 1 3191 3309 3310 3192
3336 3 2 5 1 3192 3310 3311 3193
3337 3 2 5 1 3193 3311 3312 3194
3338 3 2 5 1 3194 3312 3313 3195
3339 3 2 5 1 3195 3313 3314 3196
3340 3 2 5 1 3196 3314 3315 3197
3341 3 2 5 1 3197 3315 3316 3198
3342 3 2 5 1 3198 3316 3317 3199
3343 3 2 5 1 3199 3317 3318 3200
3344 3 2 5 1 3200 3318 3319 3201
3345 3 2 5 1 3201 3319 3320 3202
3346 3 2 5 1 3202 3320 3321 3203
3347 3 2 5 1 3203 3321 3322 3204
3348 3 2 5 1 3204 3322 3323 3205
3349 3 2 5 1 3205 3323 3324 3206
3350 3 2 5 1 3206 3324 3325 3207
3351 3 2 5 1 3207 3325 3326 3208
3352 3 2 5 1 3208 3326 3327 3209
3353 3 2 5 1 3209 3327 3328 3210
3354 3 2 5 1 3210 3328 3329 3211
3355 3 2 5 1 3211 3329 3330 3212
3356 3 2 5 1 3212 3330 3331 3213
3357 3 2 5 1 3213 3331 3332 3214
3358 3 2 5 1 3214 3332 3333 3215
3359 3 2 5 1 3215 3333 3334 3216
3360 3 2 5 1 3216 3334 3335 3217
3361 3 2 5 1 3217 3335 3336 3218
3362 3 2 5 1 3218 3336 3337 3219
3363 3 2 5 1 3219 3337 3338 3220
3364 3 2 5 1 3220 3338 3339 3221
3365 3 2 5 1 3221 3339 3340 3222
3366 3 2 5 1 3222 3340 3341 3223
3367 3 2 5 1 3223 3341 3342 3224
3368 3 2 5 1 3224 3342 3343 3225
3369 3 2 5 1 3225 3343 3344 3226
3370 3 2 5 1 3226 3344 3345 3227
3371 3 2 5 1 3227 3345 3346 3228
3372 3 2 5 1 3228 3346 3347 3229
3373 3 2 5 1 3229 3347 3348 3230
3374 3 2 5 1 3230 3348 3349 3231
3375 3 2 5 1 3231 3349 3350 3232
3376 3 2 5 1 3232 3350 3351 3233
3377 3 2 5 1 3233 3351 3352 3234
3378 3 2 5 1 3234 3352 3353 3235
3379 3 2 5 1 3235 3353 3354 3236
3380 3 2 5 1 3236 3354 3355 3237
3381 3 2 5 1 3237 3355 3356 3238
3382 3 2 5 1 3238 3356 3357 3239
3383 3 2 5 1 3239 3357 3358 3240
3384 3 2 5 1 3240 3358 3359 3241
3385 3 2 5 1 3241 3359 3360 3242
3386 3 2 5 1 3242 3360 3361 3243
3387 3 2 5 1 3243 3361 3362 3244
3388 3 2 5 1 3244 3362 3363 3245
3389 3 2 5 1 3245 3363 3364 3246
3390 3 2 5 1 3246 3364 3365 3247
3391 3 2 5 1 3247 3365 3366 3248
3392 3 2 5 1 3248 3366 3367 3249
3393 3 2 5 1 3249 3367 3368 3250
3394 3 2 5 1 3250 3368 3369 3251
3395 3 2 5 1 3251 3369 3370 3252
3396 3 2 5 1 3252 3370 3371 3253
3397 3 2 5 1 3253 3371 3372 3254
3398 3 2 5 1 3254 3372 3373 3255
3399 3 2 5 1 3255 3373 3374 3256
3400 3 2 5 1 3256 3374 3375 3257
3401 3 2 5 1 3257 3375 3376 3258
3402 3 2 5 1 3258 3376 3377 3259
3403 3 2 5 1 3259 3377 3378 3260
3404 3 2 5 1 3260 3378 3379 3261
3405 3 2 5 1 3261 3379 3380 3262
3406 3 2 5 1 3262 3380 3381 3263
3407 3 2 5 1 3263 3381 3382 3264
3408 3 2 5 1 3264 3382 3383 3265
3409 3 2 5 1 3265 3383 3384 3266
3410 3 2 5 1 3266 3384 3385 3267
3411 3 2 5 1 3267 3385 3386 3268
3412 3 2 5 1 3268 3386 3387 3269
3413 3 2 5 1 3269 3387 3388 3270
3414 3 2 5 1 3270 3388 3389 3271
3415 3 2 5 1 3271 3389 3390 3272
3416 3 2 5 1 3272 3390 3391 3273
3417 3 2 5 1 3273 3391 3392 3274
3418 3 2 5 1 3274 3392 3393 3275
3419 3 2 5 1 3275 3393 3394 3276
3420 3 2 5 1 3276 3394 3395 3277
3421 3 2 5 1 3277 3395 3396 3278
3422 3 2 5 1 3278 3396 3397 3279
3423 3 2 5 1 3279 3397 3398 3280
3424 3 2 5 1 3280 3398 3399 3281
3425 3 2 5 1 3281 3399 3400 3282
3426 3 2 5 1 3282 3400 3401 3283
3427 3 2 5 1 3283 3401 3402 3284
3428 3 2 5 1 3284 3402 3403 3285
3429 3 2 5 1 3285 3403 3404 3286
3430 3 2 5 1 3286 3404 3405 3287
3431 3 2 5 1 3287 3405 3406 3288
3432 3 2 5 1 3288 3406 3407 3289
3433 3 2 5 1 3289 3407 3408 3290
3434 3 2 5 1 3290 3408 3409 3291
3435 3 2 5 1 3291 3409 3410 3292
3436 3 2 5 1 3292 3410 3411 3293
3437 3 2 5 1 3293 3411 3412 3294
3438 3 2 5 1 3294 3412 3413 3295
3439 3 2 5 1 3295 3413 3414 3296
3440 3 2 5 1 3296 3414 3415 3297
3441 3 2 5 1 3297 3415 3416 3298
3442 3 2 5 1 3298 3416 3417 3299
3443 3 2 5 1 3299 3417 3418 3300
3444 3 2 5 1 3300 3418 3419 3301
3445 3 2 5 1 3301 3419 3420 3302
3446 3 2 5 1 3302 3420 3421 3303
3447 3 2 5 1 3303 3421 3422 3304
3448 3 2 5 1 3304 3422 3423 3305
3449 3 2 5 1 3305 3423 3424 3306
3450 3 2 5 1 3306 3424 155 156
3451 3 2 5 1 324 325 3425 3307
3452 3 2 5 1 3307 3425 3426 3308
3453 3 2 5 1 3308 3426 3427 3309
3454 3 2 5 1 3309 3427 3428 3310
3455 3 2 5 1 3310 3428 3429 3311
3456 3 2 5 1 3311 3429 3430 3312
3457 3 2 5 1 3312 3430 3431 3313
3458 3 2 5 1 3313 3431 3432 3314
3459 3 2 5 1 3314 3432 3433 3315
3460 3 2 5 1 3315 3433 3434 3316
3461 3 2 5 1 3316 3434 3435 3317
3462 3 2 5 1 3317 3435 3436 3318
3463 3 2 5 1 3318 3436 3437 3319
3464 3 2 5 1 3319 3437 3438 3320
3465 3 2 5 1 3320 3438 3439 3321
3466 3 2 5 1 3321 3439 3440 3322
3467 3 2 5 1 3322 3440 3441 3323
3468 3 2 5 1 3323 3441 3442 3324
3469 3 2 5 1 3324 3442 3443 3325
3470 3 2 5 1 3325 3443 3444 3326
3471 3 2 5 1 3326 3444 3445 3327
3472 3 2 5 1 3327 3445 3446 3328
3473 3 2 5 1 3328 3446 3447 3329
3474 3 2 5 1 3329 3447 3448 3330
3475 3 2 5 1 3330 3448 3449 3331
3476 3 2 5 1 3331 3449 3450 3332
3477 3 2 5 1 3332 3450 3451 3333
3478 3 2 5 1 3333 3451 3452 3334
3479 3 2 5 1 3334 3452 3453 3335
3480 3 2 5 1 3335 3453 3454 3336
3481 3 2 5 1 3336 3454 3455 3337
3482 3 2 5 1 3337 3455 3456 3338
3483 3 2 5 1 3338 3456 3457 3339
3484 3 2 5 1 3339 3457 3458 3340
3485 3 2 5 1 3340 3458 3459 3341
3486 3 2 5 1 3341 3459 3460 3342
3487 3 2 5 1 3342 3460 3461 3343
3488 3 2 5 1 3343 3461 3462 3344
3489 3 2 5 1 3344 3462 3463 3345
3490 3 2 5 1 3345 3463 3464 3346
3491 3 2 5 1 3346 3464 3465 3347
3492 3 2 5 1 3347 3465 3466 3348
3493 3 2 5 1 3348 3466 3467 3349
3494 3 2 5 1 3349 3467 3468 3350
3495 3 2 5 1 3350 3468 3469 3351
3496 3 2 5 1 3351 3469 3470 3352
3497 3 2 5 1 3352 3470 3471 3353
3498 3 2 5 1 3353 3471 3472 3354
3499 3 2 5 1 3354 3472 3473 3355
3500 3 2 5 1 3355 3473 3474 3356
3501 3 2 5 1 3356 3474 3475 3357
3502 3 2 5 1 3357 3475 3476 3358
3503 3 2 5 1 3358 3476 3477 3359
3504 3 2 5 1 3359 3477 3478 3360
3505 3 2 5 1 3360 3478 3479 3361
3506 3 2 5 1 3361 3479 3480 3362
3507 3 2 5 1 3362 3480 3481 3363
3508 3 2 5 1 3363 3481 3482 3364
3509 3 2 5 1 3364 3482 3483 3365
3510 3 2 5 1 3365 3483 3484 3366
3511 3 2 5 1 3366 3484 3485 3367
3512 3 2 5 1 3367 3485 3486 3368
3513 3 2 5 1 3368 3486 3487 3369
3514 3 2 5 1 3369 3487 3488 3370
3515 3 2 5 1 3370 3488 3489 3371
3516 3 2 5 1 3371 3489 3490 3372
3517 3 2 5 1 3372 3490 3491 3373
3518 3 2 5 1 3373 3491 3492 3374
3519 3 2 5 1 3374 3492 3493 3375
3520 3 2 5 1 3375 3493 3494 3376
3521 3 2 5 1 3376 3494 3495 3377
3522 3 2 5 1 3377 3495 3496 3378
3523 3 2 5 1 3378 3496 3497 3379
3524 3 2 5 1 3379 3497 3498 3380
3525 3 2 5 1 3380 3498 3499 3381
3526 3 2 5 1 3381 3499 3500 3382
3527 3 2 5 1 3382 3500 3501 3383
3528 3 2 5 1 3383 3501 3502 3384
3529 3 2 5 1 3384 3502 3503 3385
3530 3 2 5 1 3385 3503 3504 3386
3531 3 2 5 1 3386 3504 3505 3387
3532 3 2 5 1 3387 3505 3506 3388
3533 3 2 5 1 3388 3506 3507 3389
3534 3 2 5 1 3389 3507 3508 3390
3535 3 2 5 1 3390 3508 3509 3391
3536 3 2 5 1 3391 3509 3510 3392
3537 3 2 5 1 3392 3510 3511 3393
3538 3 2 5 1 3393 3511 3512 3394
3539 3 2 5 1 3394 3512 3513 3395
3540 3 2 5 1 3395 3513 3514 3396
3541 3 2 5 1 3396 3514 3515 3397
3542 3 2 5 1 3397 3515 3516 3398
3543 3 2 5 1 3398 3516 3517 3399
3544 3 2 5 1 3399 3517 3518 3400
3545 3 2 5 1 3400 3518 3519 3401
3546 3 2 5 1 3401 3519 3520 3402
3547 3 2 5 1 3402 3520 3521 3403
3548 3 2 5 1 3403 3521 3522 3404
3549 3 2 5 1 3404 3522 3523 3405
3550 3 2 5 1 3405 3523 3524 3406
3551 3 2 5 1 3406 3524 3525 3407
3552 3 2 5 1 3407 3525 3526 3408
3553 3 2 5 1 3408 3526 3527 3409
3554 3 2 5 1 3409 3527 3528 3410
3555 3 2 5 1 3410 3528 3529 3411
3556 3 2 5 1 3411 3529 3530 3412
3557 3 2 5 1 3412 3530 3531 3413
3558 3 2 5 1 3413 3531 3532 3414
3559 3 2 5 1 3414 3532 3533 3415
3560 3 2 5 1 3415 3533 3534 3416
3561 3 2 5 1 3416 3534 3535 3417
3562 3 2 5 1 3417 3535 3536 3418
3563 3 2 5 1 3418 3536 3537 3419
3564 3 2 5 1 3419 3537 3538 3420
3565 3 2 5 1 3420 3538 3539 3421
3566 3 2 5 1 3421 3539 3540 3422
3567 3 2 5 1 3422 3540 3541 3423
3568 3 2 5 1 3423 3541 3542 3424
3569 3 2 5 1 3424 3542 154 155
3570 3 2 5 1 325 326 3543 3425
3571 3 2 5 1 3425 3543 3544 3426
3572 3 2 5 1 3426 3544 3545 3427
3573 3 2 5 1 3427 3545 3546 3428
3574 3 2 5 1 3428 3546 3547 3429
3575 3 2 5 1 3429 3547 3548 3430
3576 3 2 5 1 3430 3548 3549 3431
3577 3 2 5 1 3431 3549 3550 3432
3578 3 2 5 1 3432 3550 3551 3433
3579 3 2 5 1 3433 3551 3552 3434
3580 3 2 5 1 3434 3552 3553 3435
3581 3 2 5 1 3435 3553 3554 3436
3582 3 2 5 1 3436 3554 3555 3437
3583 3 2 5 1 3437 3555 3556 3438
3584 3 2 5 1 3438 3556 3557 3439
3585 3 2 5 1 3439 3557 3558 3440
3586 3 2 5 1 3440 3558 3559 3441
3587 3 2 5 1 3441 3559 3560 3442
3588 3 2 5 1 3442 3560 3561 3443
3589 3 2 5 1 3443 3561 3562 3444
3590 3 2 5 1 3444 3562 3563 3445
3591 3 2 5 1 3445 3563 3564 3446
3592 3 2 5 1 3446 3564 3565 3447
3593 3 2 5 1 3447 3565 3566 3448
3594 3 2 5 1 3448 3566 3567 3449
3595 3 2 5 1 3449 3567 3568 3450
3596 3 2 5 1 3450 3568 3569 3451
3597 3 2 5 1 3451 3569 3570 3452
3598 3 2 5 1 3452 3570 3571 3453
3599 3 2 5 1 3453 3571 3572 3454
3600 3 2 5 1 3454 3572 3573 3455
3601 3 2 5 1 3455 3573 3574 3456
3602 3 2 5 1 3456 3574 3575 3457
3603 3 2 5 1 3457 3575 3576 3458
3604 3 2 5 1 3458 3576 3577 3459
3605 3 2 5 1 3459 3577 3578 3460
3606 3 2 5 1 3460 3578 3579 3461
3607 3 2 5 1 3461 3579 3580 3462
3608 3 2 5 1 3462 3580 3581 3463
3609 3 2 5 1 3463 3581 3582 3464
3610 3 2 5 1 3464 3582 3583 3465
3611 3 2 5 1 3465 3583 3584 3466
3612 3 2 5 1 3466 3584 3585 3467
3613 3 2 5 1 3467 3585 3586 3468
3614 3 2 5 1 3468 3586 3587 3469
3615 3 2 5 1 3469 3587 3588 3470
3616 3 2 5 1 3470 3588 3589 3471
3617 3 2 5 1 3471 3589 3590 3472
3618 3 2 5 1 3472 3590 3591 3473
3619 3 2 5 1 3473 3591 3592 3474
3620 3 2 5 1 3474 3592 3593 3475
3621 3 2 5 1 3475 3593 3594 3476
3622 3 2 5 1 3476 3594 3595 3477
3623 3 2 5 1 3477 3595 3596 3478
3624 3 2 5 1 3478 3596 3597 3479
3625 3 2 5 1 3479 3597 3598 3480
3626 3 2 5 1 3480 3598 3599 3481
3627 3 2 5 1 3481 3599 3600 3482
3628 3 2 5 1 3482 3600 3601 3483
3629 3 2 5 1 3483 3601 3602 3484
3630 3 2 5 1 3484 3602 3603 3485
3631 3 2 5 1 3485 3603 3604 3486
3632 3 2 5 1 3486 3604 3605 3487
3633 3 2 5 1 3487 3605 3606 3488
3634 3 2 5 1 3488 3606 3607 3489
3635 3 2 5 1 3489 3607 3608 3490
3636 3 2 5 1 3490 3608 3609 3491
3637 3 2 5 1 3491 3609 3610 3492
3638 3 2 5 1 3492 3610 3611 3493
3639 3 2 5 1 3493 3611 3612 3494
3640 3 2 5 1 3494 3612 3613 3495
3641 3 2 5 1 3495 3613 3614 3496
3642 3 2 5 1 3496 3614 3615 3497
3643 3 2 5 1 3497 3615 3616 3498
3644 3 2 5 1 3498 3616 3617 3499
3645 3 2 5 1 3499 3617 3618 3500
3646 3 2 5 1 3500 3618 3619 3501
3647 3 2 5 1 3501 3619 3620 3502
3648 3 2 5 1 3502 3620 3621 3503
3649 3 2 5 1 3503 3621 3622 3504
3650 3 2 5 1 3504 3622 3623 3505
3651 3 2 5 1 3505 3623 3624 3506
3652 3 2 5 1 3506 3624 3625 3507
3653 3 2 5 1 3507 3625 3626 3508
3654 3 2 5 1 3508 3626 3627 3509
3655 3 2 5 1 3509 3627 3628 3510
3656 3 2 5 1 3510 3628 3629 3511
3657 3 2 5 1 3511 3629 3630 3512
3658 3 2 5 1 3512 3630 3631 3513
3659 3 2 5 1 3513 3631 3632 3514
3660 3 2 5 1 3514 3632 3633 3515
3661 3 2 5 1 3515 3633 3634 3516
3662 3 2 5 1 3516 3634 3635 3517
3663 3 2 5 1 3517 3635 3636 3518
3664 3 2 5 1 3518 3636 3637 3519
3665 3 2 5 1 3519 3637 3638 3520
3666 3 2 5 1 3520 3638 3639 3521
3667 3 2 5 1 3521 3639 3640 3522
3668 3 2 5 1 3522 3640 3641 3523
3669 3 2 5 1 3523 3641 3642 3524
3670 3 2 5 1 3524 3642 3643 3525
3671 3 2 5 1 3525 3643 3644 3526
3672 3 2 5 1 3526 3644 3645 3527
3673 3 2 5 1 3527 3645 3646 3528
3674 3 2 5 1 3528 3646 3647 3529
3675 3 2 5 1 3529 3647 3648 3530
3676 3 2 5 1 3530 3648 3649 3531
3677 3 2 5 1 3531 3649 3650 3532
3678 3 2 5 1 3532 3650 3651 3533
3679 3 2 5 1 3533 3651 3652 3534
3680 3 2 5 1 3534 3652 3653 3535
3681 3 2 5 1 3535 3653 3654 3536
3682 3 2 5 1 3536 3654 3655 3537
3683 3 2 5 1 3537 3655 3656 3538
3684 3 2 5 1 3538 3656 3657 3539
3685 3 2 5 1 3539 3657 3658 3540
3686 3 2 5 1 3540 3658 3659 3541
3687 3 2 5 1 3541 3659 3660 3542
3688 3 2 5 1 3542 3660 153 154
3689 3 2 5 1 326 327 3661 3543
3690 3 2 5 1 3543 3661 3662 3544
3691 3 2 5 1 3544 3662 3663 3545
3692 3 2 5 1 3545 3663 3664 3546
3693 3 2 5 1 3546 3664 3665 3547
3694 3 2 5 1 3547 3665 3666 3548
3695 3 2 5 1 3548 3666 3667 3549
3696 3 2 5 1 3549 3667 3668 3550
3697 3 2 5 1 3550 3668 3669 3551
3698 3 2 5 1 3551 3669 3670 3552
3699 3 2 5 1 3552 3670 3671 3553
3700 3 2 5 1 3553 3671 3672 3554
3701 3 2 5 1 3554 3672 3673 3555
3702 3 2 5 1 3555 3673 3674 3556
3703 3 2 5 1 3556 3674 3675 3557
3704 3 2 5 1 3557 3675 3676 3558
3705 3 2 5 1 3558 3676 3677 3559
3706 3 2 5 1 3559 3677 3678 3560
3707 3 2 5 1 3560 3678 3679 3561
3708 3 2 5 1 3561 3679 3680 3562
3709 3 2 5 1 3562 3680 3681 3563
3710 3 2 5 1 3563 3681 3682 3564
3711 3 2 5 1 3564 3682 3683 3565
3712 3 2 5 1 3565 3683 3684 3566
3713 3 2 5 1 3566 3684 3685 3567
3714 3 2 5 1 3567 3685 3686 3568
3715 3 2 5 1 3568 3686 3687 3569
3716 3 2 5 1 3569 3687 3688 3570
3717 3 2 5 1 3570 3688 3689 3571
3718 3 2 5 1 3571 3689 3690 3572
3719 3 2 5 1 3572 3690 3691 3573
3720 3 2 5 1 3573 3691 3692 3574
3721 3 2 5 1 3574 3692 3693 3575
3722 3 2 5 1 3575 3693 3694 3576
3723 3 2 5 1 3576 3694 3695 3577
3724 3 2 5 1 3577 3695 3696 3578
3725 3 2 5 1 3578 3696 3697 3579
3726 3 2 5 1 3579 3697 3698 3580
3727 3 2 5 1 3580 3698 3699 3581
3728 3 2 5 1 3581 3699 3700 3582
3729 3 2 5 1 3582 3700 3701 3583
3730 3 2 5 1 3583 3701 3702 3584
3731 3 2 5 1 3584 3702 3703 3585
3732 3 2 5 1 3585 3703 3704 3586
3733 3 2 5 1 3586 3704 3705 3587
3734 3 2 5 1 3587 3705 3706 3588
3735 3 2 5 1 3588 3706 3707 3589
3736 3 2 5 1 3589 3707 3708 3590
3737 3 2 5 1 3590 3708 3709 3591
3738 3 2 5 1 3591 3709 3710 3592
3739 3 2 5 1 3592 3710 3711 3593
3740 3 2 5 1 3593 3711 3712 3594
3741 3 2 5 1 3594 3712 3713 3595
3742 3 2 5 1 3595 3713 3714 3596
3743 3 2 5 1 3596 3714 3715 3597
3744 3 2 5 1 3597 3715 3716 3598
3745 3 2 5 1 3598 3716 3717 3599
3746 3 2 5 1 3599 3717 3718 3600
3747 3 2 5 1 3600 3718 3719 3601
3748 3 2 5 1 3601 3719 3720 3602
3749 3 2 5 1 3602 3720 3721 3603
3750 3 2 5 1 3603 3721 3722 3604
3751 3 2 5 1 3604 3722 3723 3605
3752 3 2 5 1 3605 3723 3724 3606
3753 3 2 5 1 3606 3724 3725 3607
3754 3 2 5 1 3607 3725 3726 3608
3755 3 2 5 1 3608 3726 3727 3609
3756 3 2 5 1 3609 3727 3728 3610
3757 3 2 5 1 3610 3728 3729 3611
3758 3 2 5 1 3611 3729 3730 3612
3759 3 2 5 1 3612 3730 3731 3613
3760 3 2 5 1 3613 3731 3732 3614
3761 3 2 5 1 3614 3732 3733 3615
3762 3 2 5 1 3615 3733 3734 3616
3763 3 2 5 1 3616 3734 3735 3617
3764 3 2 5 1 3617 3735 3736 3618
3765 3 2 5 1 3618 3736 3737 3619
3766 3 2 5 1 3619 3737 3738 3620
3767 3 2 5 1 3620 3738 3739 3621
3768 3 2 5 1 3621 3739 3740 3622
3769 3 2 5 1 3622 3740 3741 3623
3770 3 2 5 1 3623 3741 3742 3624
3771 3 2 5 1 3624 3742 3743 3625
3772 3 2 5 1 3625 3743 3744 3626
3773 3 2 5 1 3626 3744 3745 3627
3774 3 2 5 1 3627 3745 3746 3628
3775 3 2 5 1 3628 3746 3747 3629
3776 3 2 5 1 3629 3747 3748 3630
3777 3 2 5 1 3630 3748 3749 3631
3778 3 2 5 1 3631 3749 3750 3632
3779 3 2 5 1 3632 3750 3751 3633
3780 3 2 5 1 3633 3751 3752 3634
3781 3 2 5 1 3634 3752 3753 3635
3782 3 2 5 1 3635 3753 3754 3636
3783 3 2 5 1 3636 3754 3755 3637
3784 3 2 5 1 3637 3755 3756 3638
3785 3 2 5 1 3638 3756 3757 3639
3786 3 2 5 1 3639 3757 3758 3640
3787 3 2 5 1 3640 3758 3759 3641
3788 3 2 5 1 3641 3759 3760 3642
3789 3 2 5 1 3642 3760 3761 3643
3790 3 2 5 1 3643 3761 3762 3644
3791 3 2 5 1 3644 3762 3763 3645
3792 3 2 5 1 3645 3763 3764 3646
3793 3 2 5 1 3646 3764 3765 3647
3794 3 2 5 1 3647 3765 3766 3648
3795 3 2 5 1 3648 3766 3767 3649
3796 3 2 5 1 3649 3767 3768 3650
3797 3 2 5 1 3650 3768 3769 3651
3798 3 2 5 1 3651 3769 3770 3652
3799 3 2 5 1 3652 3770 3771 3653
3800 3 2 5 1 3653 3771 3772 3654
3801 3 2 5 1 3654 3772 3773 3655
3802 3 2 5 1 3655 3773 3774 3656
3803 3 2 5 1 3656 3774 3775 3657
3804 3 2 5 1 3657 3775 3776 3658
3805 3 2 5 1 3658 3776 3777 3659
3806 3 2 5 1 3659 3777 3778 3660
3807 3 2 5 1 3660 3778 152 153
3808 3 2 5 1 327 328 3779 3661
3809 3 2 5 1 3661 3779 3780 3662
3810 3 2 5 1 3662 3780 3781 3663
3811 3 2 5 1 3663 3781 3782 3664
3812 3 2 5 1 3664 3782 3783 3665
3813 3 2 5 1 3665 3783 3784 3666
3814 3 2 5 1 3666 3784 3785 3667
3815 3 2 5 1 3667 3785 3786 3668
3816 3 2 5 1 3668 3786 3787 3669
3817 3 2 5 1 3669 3787 3788 3670
3818 3 2 5 1 3670 3788 3789 3671
3819 3 2 5 1 3671 3789 3790 3672
3820 3 2 5 1 3672 3790 3791 3673
3821 3 2 5 1 3673 3791 3792 3674
3822 3 2 5 1 3674 3792 3793 3675
3823 3 2 5 1 3675 3793 3794 3676
3824 3 2 5 1 3676 3794 3795 3677
3825 3 2 5 1 3677 3795 3796 3678
3826 3 2 5 1 3678 3796 3797 3679
3827 3 2 5 1 3679 3797 3798 3680
3828 3 2 5 1 3680 3798 3799 3681
3829 3 2 5 1 3681 3799 3800 3682
3830 3 2 5 1 3682 3800 3801 3683
3831 3 2 5 1 3683 3801 3802 3684
3832 3 2 5 1 3684 3802 3803 3685
3833 3 2 5 1 3685 3803 3804 3686
3834 3 2 5 1 3686 3804 3805 3687
3835 3 2 5 1 3687 3805 3806 3688
3836 3 2 5 1 3688 3806 3807 3689
3837 3 2 5 1 3689 3807 3808 3690
3838 3 2 5 1 3690 3808 3809 3691
3839 3 2 5 1 3691 3809 3810 3692
3840 3 2 5 1 3692 3810 3811 3693
3841 3 2 5 1 3693 3811 3812 3694
3842 3 2 5 1 3694 3812 3813 3695
3843 3 2 5 1 3695 3813 3814 3696
3844 3 2 5 1 3696 3814 3815 3697
3845 3 2 5 1 3697 3815 3816 3698
3846 3 2 5 1 3698 3816 3817 3699
3847 3 2 5 1 3699 3817 3818 3700
3848 3 2 5 1 3700 3818 3819 3701
3849 3 2 5 1 3701 3819 3820 3702
3850 3 2 5 1 3702 3820 3821 3703
3851 3 2 5 1 3703 3821 3822 3704
3852 3 2 5 1 3704 3822 3823 3705
3853 3 2 5 1 3705 3823 3824 3706
3854 3 2 5 1 3706 3824 3825 3707
3855 3 2 5 1 3707 3825 3826 3708
3856 3 2 5 1 3708 3826 3827 3709
3857 3 2 5 1 3709 3827 3828 3710
3858 3 2 5 1 3710 3828 3829 3711
3859 3 2 5 1 3711 3829 3830 3712
3860 3 2 5 1 3712 3830 3831 3713
3861 3 2 5 1 3713 3831 3832 3714
3862 3 2 5 1 3714 3832 3833 3715
3863 3 2 5 1 3715 3833 3834 3716
3864 3 2 5 1 3716 3834 3835 3717
3865 3 2 5 1 3717 3835 3836 3718
3866 3 2 5 1 3718 3836 3837 3719
3867 3 2 5 1 3719 3837 3838 3720
3868 3 2 5 1 3720 3838 3839 3721
3869 3 2 5 1 3721 3839 3840 3722
3870 3 2 5 1 3722 3840 3841 3723
3871 3 2 5 1 3723 3841 3842 3724
3872 3 2 5 1 3724 3842 3843 3725
3873 3 2 5 1 3725 3843 3844 3726
3874 3 2 5 1 3726 3844 3845 3727
3875 3 2 5 1 3727 3845 3846 3728
3876 3 2 5 1 3728 3846 3847 3729
3877 3 2 5 1 3729 3847 3848 3730
3878 3 2 5 1 3730 3848 3849 3731
3879 3 2 5 1 3731 3849 3850 3732
3880 3 2 5 1 3732 3850 3851 3733
3881 3 2 5 1 3733 3851 3852 3734
3882 3 2 5 1 3734 3852 3853 3735
3883 3 2 5 1 3735 3853 3854 3736
3884 3 2 5 1 3736 3854 3855 3737
3885 3 2 5 1 3737 3855 3856 3738
3886 3 2 5 1 3738 3856 3857 3739
3887 3 2 5 1 3739 3857 3858 3740
3888 3 2 5 1 3740 3858 3859 3741
3889 3 2 5 1 3741 3859 3860 3742
3890 3 2 5 1 3742 3860 3861 3743
3891 3 2 5 1 3743 3861 3862 3744
3892 3 2 5 1 3744 3862 3863 3745
3893 3 2 5 1 3745 3863 3864 3746
3894 3 2 5 1 3746 3864 3865 3747
3895 3 2 5 1 3747 3865 3866 3748
3896 3 2 5 1 3748 3866 3867 3749
3897 3 2 5 1 3749 3867 3868 3750
3898 3 2 5 1 3750 3868 3869 3751
3899 3 2 5 1 3751 3869 3870 3752
3900 3 2 5 1 3752 3870 3871 3753
3901 3 2 5 1 3753 3871 3872 3754
3902 3 2 5 1 3754 3872 3873 3755
3903 3 2 5 1 3755 3873 3874 3756
3904 3 2 5 1 3756 3874 3875 3757
3905 3 2 5 1 3757 3875 3876 3758
3906 3 2 5 1 3758 3876 3877 3759
3907 3 2 5 1 3759 3877 3878 3760
3908 3 2 5 1 3760 3878 3879 3761
3909 3 2 5 1 3761 3879 3880 3762
3910 3 2 5 1 3762 3880 3881 3763
3911 3 2 5 1 3763 3881 3882 3764
3912 3 2 5 1 3764 3882 3883 3765
3913 3 2 5 1 3765 3883 3884 3766
3914 3 2 5 1 3766 3884 3885 3767
3915 3 2 5 1 3767 3885 3886 3768
3916 3 2 5 1 3768 3886 3887 3769
3917 3 2 5 1 3769 3887 3888 3770
3918 3 2 5 1 3770 3888 3889 3771
3919 3 2 5 1 3771 3889 3890 3772
3920 3 2 5 1 3772 3890 3891 3773
3921 3 2 5 1 3773 3891 3892 3774
3922 3 2 5 1 3774 3892 3893 3775
3923 3 2 5 1 3775 3893 3894 3776
3924 3 2 5 1 3776 3894 3895 3777
3925 3 2 5 1 3777 3895 3896 3778
3926 3 2 5 1 3778 3896 151 152
3927 3 2 5 1 328 329 3897 3779
3928 3 2 5 1 3779 3897 3898 3780
3929 3 2 5 1 3780 3898 3899 3781
3930 3 2 5 1 3781 3899 3900 3782
3931 3 2 5 1 3782 3900 3901 3783
3932 3 2 5 1 3783 3901 3902 3784
3933 3 2 5 1 3784 3902 3903 3785
3934 3 2 5 1 3785 3903 3904 3786
3935 3 2 5 1 3786 3904 3905 3787
3936 3 2 5 1 3787 3905 3906 3788
3937 3 2 5 1 3788 3906 3907 3789
3938 3 2 5 1 3789 3907 3908 3790
3939 3 2 5 1 3790 3908 3909 3791
3940 3 2 5 1 3791 3909 3910 3792
3941 3 2 5 1 3792 3910 3911 3793
3942 3 2 5 1 3793 3911 3912 3794
3943 3 2 5 1 3794 3912 3913 3795
3944 3 2 5 1 3795 3913 3914 3796
3945 3 2 5 1 3796 3914 3915 3797
3946 3 2 5 1 3797 3915 3916 3798
3947 3 2 5 1 3798 3916 3917 3799
3948 3 2 5 1 3799 3917 3918 3800
3949 3 2 5 1 3800 3918 3919 3801
3950 3 2 5 1 3801 3919 3920 3802
3951 3 2 5 1 3802 3920 3921 3803
3952 3 2 5 1 3803 3921 3922 3804
3953 3 2 5 1 3804 3922 3923 3805
3954 3 2 5 1 3805 3923 3924 3806
3955 3 2 5 1 3806 3924 3925 3807
3956 3 2 5 1 3807 3925 3926 3808
3957 3 2 5 1 3808 3926 3927 3809
3958 3 2 5 1 3809 3927 3928 3810
3959 3 2 5 1 3810 3928 3929 3811
3960 3 2 5 1 3811 3929 3930 3812
3961 3 2 5 1 3812 3930 3931 3813
3962 3 2 5 1 3813 3931 3932 3814
3963 3 2 5 1 3814 3932 3933 3815
3964 3 2 5 1 3815 3933 3934 3816
3965 3 2 5 1 3816 3934 3935 3817
3966 3 2 5 1 3817 3935 3936 3818
3967 3 2 5 1 3818 3936 3937 3819
3968 3 2 5 1 3819 3937 3938 3820
3969 3 2 5 1 3820 3938 3939 3821
3970 3 2 5 1 3821 3939 3940 3822
3971 3 2 5 1 3822 3940 3941 3823
3972 3 2 5 1 3823 3941 3942 3824
3973 3 2 5 1 3824 3942 3943 3825
3974 3 2 5 1 3825 3943 3944 3826
3975 3 2 5 1 3826 3944 3945 3827
3976 3 2 5 1 3827 3945 3946 3828
3977 3 2 5 1 3828 3946 3947 3829
3978 3 2 5 1 3829 3947 3948 3830
3979 3 2 5 1 3830 3948 3949 3831
3980 3 2 5 1 3831 3949 3950 3832
3981 3 2 5 1 3832 3950 3951 3833
3982 3 2 5 1 3833 3951 3952 3834
3983 3 2 5 1 3834 3952 3953 3835
3984 3 2 5 1 3835 3953 3954 3836
3985 3 2 5 1 3836 3954 3955 3837
3986 3 2 5 1 3837 3955 3956 3838
3987 3 2 5 1 3838 3956 3957 3839
3988 3 2 5 1 3839 3957 3958 3840
3989 3 2 5 1 3840 3958 3959 3841
3990 3 2 5 1 3841 3959 3960 3842
3991 3 2 5 1 3842 3960 3961 3843
3992 3 2 5 1 3843 3961 3962 3844
3993 3 2 5 1 3844 3962 3963 3845
3994 3 2 5 1 3845 3963 3964 3846
3995 3 2 5 1 3846 3964 3965 3847
3996 3 2 5 1 3847 3965 3966 3848
3997 3 2 5 1 3848 3966 3967 3849
3998 3 2 5 1 3849 3967 3968 3850
3999 3 2 5 1 3850 3968 3969 3851
4000 3 2 5 1 3851 3969 3970 3852
4001 3 2 5 1 3852 3970 3971 3853
4002 3 2 5 1 3853 3971 3972 3854
4003 3 2 5 1 3854 3972 3973 3855
4004 3 2 5 1 3855 3973 3974 3856
4005 3 2 5 1 3856 3974 3975 3857
4006 3 2 5 1 3857 3975 3976 3858
4007 3 2 5 1 3858 3976 3977 3859
4008 3 2 5 1 3859 3977 3978 3860
4009 3 2 5 1 3860 3978 3979 3861
4010 3 2 5 1 3861 3979 3980 3862
4011 3 2 5 1 3862 3980 3981 3863
4012 3 2 5 1 3863 3981 3982 3864
4013 3 2 5 1 3864 3982 3983 3865
4014 3 2 5 1 3865 3983 3984 3866
4015 3 2 5 1 3866 3984 3985 3867
4016 3 2 5 1 3867 3985 3986 3868
4017 3 2 5 1 3868 3986 3987 3869
4018 3 2 5 1 3869 3987 3988 3870
4019 3 2 5 1 3870 3988 3989 3871
4020 3 2 5 1 3871 3989 3990 3872
4021 3 2 5 1 3872 3990 3991 3873
4022 3 2 5 1 3873 3991 3992 3874
4023 3 2 5 1 3874 3992 3993 3875
4024 3 2 5 1 3875 3993 3994 3876
4025 3 2 5 1 3876 3994 3995 3877
4026 3 2 5 1 3877 3995 3996 3878
4027 3 2 5 1 3878 3996 3997 3879
4028 3 2 5 1 3879 3997 3998 3880
4029 3 2 5 1 3880 3998 3999 3881
4030 3 2 5 1 3881 3999 4000 3882
4031 3 2 5 1 3882 4000 4001 3883
4032 3 2 5 1 3883 4001 4002 3884
4033 3 2 5 1 3884 4002 4003 3885
4034 3 2 5 1 3885 4003 4004 3886
4035 3 2 5 1 3886 4004 4005 3887
4036 3 2 5 1 3887 4005 4006 3888
4037 3 2 5 1 3888 4006 4007 3889
4038 3 2 5 1 3889 4007 4008 3890
4039 3 2 5 1 3890 4008 4009 3891
4040 3 2 5 1 3891 4009 4010 3892
4041 3 2 5 1 3892 4010 4011 3893
4042 3 2 5 1 3893 4011 4012 3894
4043 3 2 5 1 3894 4012 4013 3895
4044 3 2 5 1 3895 4013 4014 3896
4045 3 2 5 1 3896 4014 150 151
4046 3 2 5 1 329 330 4015 3897
4047 3 2 5 1 3897 4015 4016 3898
4048 3 2 5 1 3898 4016 4017 3899
4049 3 2 5 1 3899 4017 4018 3900
4050 3 2 5 1 3900 4018 4019 3901
4051 3 2 5 1 3901 4019 4020 3902
4052 3 2 5 1 3902 4020 4021 3903
4053 3 2 5 1 3903 4021 4022 3904
4054 3 2 5 1 3904 4022 4023 3905
4055 3 2 5 1 3905 4023 4024 3906
4056 3 2 5 1 3906 4024 4025 3907
4057 3 2 5 1 3907 4025 4026 3908
4058 3 2 5 1 3908 4026 4027 3909
4059 3 2 5 1 3909 4027 4028 3910
4060 3 2 5 1 3910 4028 4029 3911
4061 3 2 5 1 3911 4029 4030 3912
4062 3 2 5 1 3912 4030 4031 3913
4063 3 2 5 1 3913 4031 4032 3914
4064 3 2 5 1 3914 4032 4033 3915
4065 3 2 5 1 3915 4033 4034 3916
4066 3 2 5 1 3916 4034 4035 3917
4067 3 2 5 1 3917 4035 4036 3918
4068 3 2 5 1 3918 4036 4037 3919
4069 3 2 5 1 3919 4037 4038 3920
4070 3 2 5 1 3920 4038 4039 3921
4071 3 2 5 1 3921 4039 4040 3922
4072 3 2 5 1 3922 4040 4041 3923
4073 3 2 5 1 3923 4041 4042 3924
4074 3 2 5 1 3924 4042 4043 3925
4075 3 2 5 1 3925 4043 4044 3926
4076 3 2 5 1 3926 4044 4045 3927
4077 3 2 5 1 3927 4045 4046 3928
4078 3 2 5 1 3928 4046 4047 3929
4079 3 2 5 1 3929 4047 4048 3930
4080 3 2 5 1 3930 4048 4049 3931
4081 3 2 5 1 3931 4049 4050 3932
4082 3 2 5 1 3932 4050 4051 3933
4083 3 2 5 1 3933 4051 4052 3934
4084 3 2 5 1 3934 4052 4053 3935
4085 3 2 5 1 3935 4053 4054 3936
4086 3 2 5 1 3936 4054 4055 3937
4087 3 2 5 1 3937 4055 4056 3938
4088 3 2 5 1 3938 4056 4057 3939
4089 3 2 5 1 3939 4057 4058 3940
4090 3 2 5 1 3940 4058 4059 3941
4091 3 2 5 1 3941 4059 4060 3942
4092 3 2 5 1 3942 4060 4061 3943
4093 3 2 5 1 3943 4061 4062 3944
4094 3 2 5 1 3944 4062 4063 3945
4095 3 2 5 1 3945 4063 4064 3946
4096 3 2 5 1 3946 4064 4065 3947
4097 3 2 5 1 3947 4065 4066 3948
4098 3 2 5 1 3948 4066 4067 3949
4099 3 2 5 1 3949 4067 4068 3950
4100 3 2 5 1 3950 4068 4069 3951
4101 3 2 5 1 3951 4069 4070 3952
4102 3 2 5 1 3952 4070 4071 3953
4103 3 2 5 1 3953 4071 4072 3954
4104 3 2 5 1 3954 4072 4073 3955
4105 3 2 5 1 3955 4073 4074 3956
4106 3 2 5 1 3956 4074 4075 3957
4107 3 2 5 1 3957 4075 4076 3958
4108 3 2 5 1 3958 4076 4077 3959
4109 3 2 5 1 3959 4077 4078 3960
4110 3 2 5 1 3960 4078 4079 3961
4111 3 2 5 1 3961 4079 4080 3962
4112 3 2 5 1 3962 4080 4081 3963
4113 3 2 5 1 3963 4081 4082 3964
4114 3 2 5 1 3964 4082 4083 3965
4115 3 2 5 1 3965 4083 4084 3966
4116 3 2 5 1 3966 4084 4085 3967
4117 3 2 5 1 3967 4085 4086 3968
4118 3 2 5 1 3968 4086 4087 3969
4119 3 2 5 1 3969 4087 4088 3970
4120 3 2 5 1 3970 4088 4089 3971
4121 3 2 5 1 3971 4089 4090 3972
4122 3 2 5 1 3972 4090 4091 3973
4123 3 2 5 1 3973 4091 4092 3974
4124 3 2 5 1 3974 4092 4093 3975
4125 3 2 5 1 3975 4093 4094 3976
4126 3 2 5 1 3976 4094 4095 3977
4127 3 2 5 1 3977 4095 4096 3978
4128 3 2 5 1 3978 4096 4097 3979
4129 3 2 5 1 3979 4097 4098 3980
4130 3 2 5 1 3980 4098 4099 3981
4131 3 2 5 1 3981 4099 4100 3982
4132 3 2 5 1 3982 4100 4101 3983
4133 3 2 5 1 3983 4101 4102 3984
4134 3 2 5 1 3984 4102 4103 3985
4135 3 2 5 1 3985 4103 4104 3986
4136 3 2 5 1 3986 4104 4105 3987
4137 3 2 5 1 3987 4105 4106 3988
4138 3 2 5 1 3988 4106 4107 3989
4139 3 2 5 1 3989 4107 4108 3990
4140 3 2 5 1 3990 4108 4109 3991
4141 3 2 5 1 3991 4109 4110 3992
4142 3 2 5 1 3992 4110 4111 3993
4143 3 2 5 1 3993 4111 4112 3994
4144 3 2 5 1 3994 4112 4113 3995
4145 3 2 5 1 3995 4113 4114 3996
4146 3 2 5 1 3996 4114 4115 3997
4147 3 2 5 1 3997 4115 4116 3998
4148 3 2 5 1 3998 4116 4117 3999
4149 3 2 5 1 3999 4117 4118 4000
4150 3 2 5 1 4000 4118 4119 4001
4151 3 2 5 1 4001 4119 4120 4002
4152 3 2 5 1 4002 4120 4121 4003
4153 3 2 5 1 4003 4121 4122 4004
4154 3 2 5 1 4004 4122 4123 4005
4155 3 2 5 1 4005 4123 4124 4006
4156 3 2 5 1 4006 4124 4125 4007
4157 3 2 5 1 4007 4125 4126 4008
4158 3 2 5 1 4008 4126 4127 4009
4159 3 2 5 1 4009 4127 4128 4010
4160 3 2 5 1 4010 4128 4129 4011
4161 3 2 5 1 4011 4129 4130 4012
4162 3 2 5 1 4012 4130 4131 4013
4163 3 2 5 1 4013 4131 4132 4014
4164 3 2 5 1 4014 4132 149 150
4165 3 2 5 1 330 331 4133 4015
4166 3 2 5 1 4015 4133 4134 4016
4167 3 2 5 1 4016 4134 4135 4017
4168 3 2 5 1 4017 4135 4136 4018
4169 3 2 5 1 4018 4136 4137 4019
4170 3 2 5 1 4019 4137 4138 4020
4171 3 2 5 1 4020 4138 4139 4021
4172 3 2 5 1 4021 4139 4140 4022
4173 3 2 5 1 4022 4140 4141 4023
4174 3 2 5 1 4023 4141 4142 4024
4175 3 2 5 1 4024 4142 4143 4025
4176 3 2 5 1 4025 4143 4144 4026
4177 3 2 5 1 4026 4144 4145 4027
4178 3 2 5 1 4027 4145 4146 4028
4179 3 2 5 1 4028 4146 4147 4029
4180 3 2 5 1 4029 4147 4148 4030
4181 3 2 5 1 4030 4148 4149 4031
4182 3 2 5 1 4031 4149 4150 4032
4183 3 2 5 1 4032 4150 4151 4033
4184 3 2 5 1 4033 4151 4152 4034
4185 3 2 5 1 4034 4152 4153 4035
4186 3 2 5 1 4035 4153 4154 4036
4187 3 2 5 1 4036 4154 4155 4037
4188 3 2 5 1 4037 4155 4156 4038
4189 3 2 5 1 4038 4156 4157 4039
4190 3 2 5 1 4039 4157 4158 4040
4191 3 2 5 1 4040 4158 4159 4041
4192 3 2 5 1 4041 4159 4160 4042
4193 3 2 5 1 4042 4160 4161 4043
4194 3 2 5 1 4043 4161 4162 4044
4195 3 2 5 1 4044 4162 4163 4045
4196 3 2 5 1 4045 4163 4164 4046
4197 3 2 5 1 4046 4164 4165 4047
4198 3 2 5 1 4047 4165 4166 4048
4199 3 2 5 1 4048 4166 4167 4049
4200 3 2 5 1 4049 4167 4168 4050
4201 3 2 5 1 4050 4168 4169 4051
4202 3 2 5 1 4051 4169 4170 4052
4203 3 2 5 1 4052 4170 4171 4053
4204 3 2 5 1 4053 4171 4172 4054
4205 3 2 5 1 4054 4172 4173 4055
4206 3 2 5 1 4055 4173 4174 4056
4207 3 2 5 1 4056 4174 4175 4057
4208 3 2 5 1 4057 4175 4176 4058
4209 3 2 5 1 4058 4176 4177 4059
4210 3 2 5 1 4059 4177 4178 4060
4211 3 2 5 1 4060 4178 4179 4061
4212 3 2 5 1 4061 4179 4180 4062
4213 3 2 5 1 4062 4180 4181 4063
4214 3 2 5 1 4063 4181 4182 4064
4215 3 2 5 1 4064 4182 4183 4065
4216 3 2 5 1 4065 4183 4184 4066
4217 3 2 5 1 4066 4184 4185 4067
4218 3 2 5 1 4067 4185 4186 4068
4219 3 2 5 1 4068 4186 4187 4069
4220 3 2 5 1 4069 4187 4188 4070
4221 3 2 5 1 4070 4188 4189 4071
4222 3 2 5 1 4071 4189 4190 4072
4223 3 2 5 1 4072 4190 4191 4073
4224 3 2 5 1 4073 4191 4192 4074
4225 3 2 5 1 4074 4192 4193 4075
4226 3 2 5 1 4075 4193 4194 4076
4227 3 2 5 1 4076 4194 4195 4077
4228 3 2 5 1 4077 4195 4196 4078
4229 3 2 5 1 4078 4196 4197 4079
4230 3 2 5 1 4079 4197 4198 4080
4231 3 2 5 1 4080 4198 4199 4081
4232 3 2 5 1 4081 4199 4200 4082
4233 3 2 5 1 4082 4200 4201 4083
4234 3 2 5 1 4083 4201 4202 4084
4235 3 2 5 1 4084 4202 4203 4085
4236 3 2 5 1 4085 4203 4204 4086
4237 3 2 5 1 4086 4204 4205 4087
4238 3 2 5 1 4087 4205 4206 4088
4239 3 2 5 1 4088 4206 4207 4089
4240 3 2 5 1 4089 4207 4208 4090
4241 3 2 5 1 4090 4208 4209 4091
4242 3 2 5 1 4091 4209 4210 4092
4243 3 2 5 1 4092 4210 4211 4093
4244 3 2 5 1 4093 4211 4212 4094
4245 3 2 5 1 4094 4212 4213 4095
4246 3 2 5 1 4095 4213 4214 4096
4247 3 2 5 1 4096 4214 4215 4097
4248 3 2 5 1 4097 4215 4216 4098
4249 3 2 5 1 4098 4216 4217 4099
4250 3 2 5 1 4099 4217 4218 4100
4251 3 2 5 1 4100 4218 4219 4101
4252 3 2 5 1 4101 4219 4220 4102
4253 3 2 5 1 4102 4220 4221 4103
4254 3 2 5 1 4103 4221 4222 4104
4255 3 2 5 1 4104 4222 4223 4105
4256 3 2 5 1 4105 4223 4224 4106
4257 3 2 5 1 4106 4224 4225 4107
4258 3 2 5 1 4107 4225 4226 4108
4259 3 2 5 1 4108 4226 4227 4109
4260 3 2 5 1 4109 4227 4228 4110
4261 3 2 5 1 4110 4228 4229 4111
4262 3 2 5 1 4111 4229 4230 4112
4263 3 2 5 1 4112 4230 4231 4113
4264 3 2 5 1 4113 4231 4232 4114
4265 3 2 5 1 4114 4232 4233 4115
4266 3 2 5 1 4115 4233 4234 4116
4267 3 2 5 1 4116 4234 4235 4117
4268 3 2 5 1 4117 4235 4236 4118
4269 3 2 5 1 4118 4236 4237 4119
4270 3 2 5 1 4119 4237 4238 4120
4271 3 2 5 1 4120 4238 4239 4121
4272 3 2 5 1 4121 4239 4240 4122
4273 3 2 5 1 4122 4240 4241 4123
4274 3 2 5 1 4123 4241 4242 4124
4275 3 2 5 1 4124 4242 4243 4125
4276 3 2 5 1 4125 4243 4244 4126
4277 3 2 5 1 4126 4244 4245 4127
4278 3 2 5 1 4127 4245 4246 4128
4279 3 2 5 1 4128 4246 4247 4129
4280 3 2 5 1 4129 4247 4248 4130
4281 3 2 5 1 4130 4248 4249 4131
4282 3 2 5 1 4131 4249 4250 4132
4283 3 2 5 1 4132 4250 148 149
4284 3 2 5 1 331 332 4251 4133
4285 3 2 5 1 4133 4251 4252 4134
4286 3 2 5 1 4134 4252 4253 4135
4287 3 2 5 1 4135 4253 4254 4136
4288 3 2 5 1 4136 4254 4255 4137
4289 3 2 5 1 4137 4255 4256 4138
4290 3 2 5 1 4138 4256 4257 4139
4291 3 2 5 1 4139 4257 4258 4140
4292 3 2 5 1 4140 4258 4259 4141
4293 3 2 5 1 4141 4259 4260 4142
4294 3 2 5 1 4142 4260 4261 4143
4295 3 2 5 1 4143 4261 4262 4144
4296 3 2 5 1 4144 4262 4263 4145
4297 3 2 5 1 4145 4263 4264 4146
4298 3 2 5 1 4146 4264 4265 4147
4299 3 2 5 1 4147 4265 4266 4148
4300 3 2 5 1 4148 4266 4267 4149
4301 3 2 5 1 4149 4267 4268 4150
4302 3 2 5 1 4150 4268 4269 4151
4303 3 2 5 1 4151 4269 4270 4152
4304 3 2 5 1 4152 4270 4271 4153
4305 3 2 5 1 4153 4271 4272 4154
4306 3 2 5 1 4154 4272 4273 4155
4307 3 2 5 1 4155 4273 4274 4156
4308 3 2 5 1 4156 4274 4275 4157
4309 3 2 5 1 4157 4275 4276 4158
4310 3 2 5 1 4158 4276 4277 4159
4311 3 2 5 1 4159 4277 4278 4160
4312 3 2 5 1 4160 4278 4279 4161
4313 3 2 5 1 4161 4279 4280 4162
4314 3 2 5 1 4162 4280 4281 4163
4315 3 2 5 1 4163 4281 4282 4164
4316 3 2 5 1 4164 4282 4283 4165
4317 3 2 5 1 4165 4283 4284 4166
4318 3 2 5 1 4166 4284 4285 4167
4319 3 2 5 1 4167 4285 4286 4168
4320 3 2 5 1 4168 4286 4287 4169
4321 3 2 5 1 4169 4287 4288 4170
4322 3 2 5 1 4170 4288 4289 4171
4323 3 2 5 1 4171 4289 4290 4172
4324 3 2 5 1 4172 4290 4291 4173
4325 3 2 5 1 4173 4291 4292 4174
4326 3 2 5 1 4174 4292 4293 4175
4327 3 2 5 1 4175 4293 4294 4176
4328 3 2 5 1 4176 4294 4295 4177
4329 3 2 5 1 4177 4295 4296 4178
4330 3 2 5 1 4178 4296 4297 4179
4331 3 2 5 1 4179 4297 4298 4180
4332 3 2 5 1 4180 4298 4299 4181
4333 3 2 5 1 4181 4299 4300 4182
4334 3 2 5 1 4182 4300 4301 4183
4335 3 2 5 1 4183 4301 4302 4184
4336 3 2 5 1 4184 4302 4303 4185
4337 3 2 5 1 4185 4303 4304 4186
4338 3 2 5 1 4186 4304 4305 4187
4339 3 2 5 1 4187 4305 4306 4188
4340 3 2 5 1 4188 4306 4307 4189
4341 3 2 5 1 4189 4307 4308 4190
4342 3 2 5 1 4190 4308 4309 4191
4343 3 2 5 1 4191 4309 4310 4192
4344 3 2 5 1 4192 4310 4311 4193
4345 3 2 5 1 4193 4311 4312 4194
4346 3 2 5 1 4194 4312 4313 4195
4347 3 2 5 1 4195 4313 4314 4196
4348 3 2 5 1 4196 4314 4315 4197
4349 3 2 5 1 4197 4315 4316 4198
4350 3 2 5 1 4198 4316 4317 4199
4351 3 2 5 1 4199 4317 4318 4200
4352 3 2 5 1 4200 4318 4319 4201
4353 3 2 5 1 4201 4319 4320 4202
4354 3 2 5 1 4202 4320 4321 4203
4355 3 2 5 1 4203 4321 4322 4204
4356 3 2 5 1 4204 4322 4323 4205
4357 3 2 5 1 4205 4323 4324 4206
4358 3 2 5 1 4206 4324 4325 4207
4359 3 2 5 1 4207 4325 4326 4208
4360 3 2 5 1 4208 4326 4327 4209
4361 3 2 5 1 4209 4327 4328 4210
4362 3 2 5 1 4210 4328 4329 4211
4363 3 2 5 1 4211 4329 4330 4212
4364 3 2 5 1 4212 4330 4331 4213
4365 3 2 5 1 4213 4331 4332 4214
4366 3 2 5 1 4214 4332 4333 4215
4367 3 2 5 1 4215 4333 4334 4216
4368 3 2 5 1 4216 4334 4335 4217
4369 3 2 5 1 4217 4335 4336 4218
4370 3 2 5 1 4218 4336 4337 4219
4371 3 2 5 1 4219 4337 4338 4220
4372 3 2 5 1 4220 4338 4339 4221
4373 3 2 5 1 4221 4339 4340 4222
4374 3 2 5 1 4222 4340 4341 4223
4375 3 2 5 1 4223 4341 4342 4224
4376 3 2 5 1 4224 4342 4343 4225
4377 3 2 5 1 4225 4343 4344 4226
4378 3 2 5 1 4226 4344 4345 4227
4379 3 2 5 1 4227 4345 4346 4228
4380 3 2 5 1 4228 4346 4347 4229
4381 3 2 5 1 4229 4347 4348 4230
4382 3 2 5 1 4230 4348 4349 4231
4383 3 2 5 1 4231 4349 4350 4232
4384 3 2 5 1 4232 4350 4351 4233
4385 3 2 5 1 4233 4351 4352 4234
4386 3 2 5 1 4234 4352 4353 4235
4387 3 2 5 1 4235 4353 4354 4236
4388 3 2 5 1 4236 4354 4355 4237
4389 3 2 5 1 4237 4355 4356 4238
4390 3 2 5 1 4238 4356 4357 4239
4391 3 2 5 1 4239 4357 4358 4240
4392 3 2 5 1 4240 4358 4359 4241
4393 3 2 5 1 4241 4359 4360 4242
4394 3 2 5 1 4242 4360 4361 4243
4395 3 2 5 1 4243 4361 4362 4244
4396 3 2 5 1 4244 4362 4363 4245
4397 3 2 5 1 4245 4363 4364 4246
4398 3 2 5 1 4246 4364 4365 4247
4399 3 2 5 1 4247 4365 4366 4248
4400 3 2 5 1 4248 4366 4367 4249
4401 3 2 5 1 4249 4367 4368 4250
4402 3 2 5 1 4250 4368 147 148
4403 3 2 5 1 332 333 4369 4251
4404 3 2 5 1 4251 4369 4370 4252
4405 3 2 5 1 4252 4370 4371 4253
4406 3 2 5 1 4253 4371 4372 4254
4407 3 2 5 1 4254 4372 4373 4255
4408 3 2 5 1 4255 4373 4374 4256
4409 3 2 5 1 4256 4374 4375 4257
4410 3 2 5 1 4257 4375 4376 4258
4411 3 2 5 1 4258 4376 4377 4259
4412 3 2 5 1 4259 4377 4378 4260
4413 3 2 5 1 4260 4378 4379 4261
4414 3 2 5 1 4261 4379 4380 4262
4415 3 2 5 1 4262 4380 4381 4263
4416 3 2 5 1 4263 4381 4382 4264
4417 3 2 5 1 4264 4382 4383 4265
4418 3 2 5 1 4265 4383 4384 4266
4419 3 2 5 1 4266 4384 4385 4267
4420 3 2 5 1 4267 4385 4386 4268
4421 3 2 5 1 4268 4386 4387 4269
4422 3 2 5 1 4269 4387 4388 4270
4423 3 2 5 1 4270 4388 4389 4271
4424 3 2 5 1 4271 4389 4390 4272
4425 3 2 5 1 4272 4390 4391 4273
4426 3 2 5 1 4273 4391 4392 4274
4427 3 2 5 1 4274 4392 4393 4275
4428 3 2 5 1 4275 4393 4394 4276
4429 3 2 5 1 4276 4394 4395 4277
4430 3 2 5 1 4277 4395 4396 4278
4431 3 2 5 1 4278 4396 4397 4279
4432 3 2 5 1 4279 4397 4398 4280
4433 3 2 5 1 4280 4398 4399 4281
4434 3 2 5 1 4281 4399 4400 4282
4435 3 2 5 1 4282 4400 4401 4283
4436 3 2 5 1 4283 4401 4402 4284
4437 3 2 5 1 4284 4402 4403 4285
4438 3 2 5 1 4285 4403 4404 4286
4439 3 2 5 1 4286 4404 4405 4287
4440 3 2 5 1 4287 4405 4406 4288
4441 3 2 5 1 4288 4406 4407 4289
4442 3 2 5 1 4289 4407 4408 4290
4443 3 2 5 1 4290 4408 4409 4291
4444 3 2 5 1 4291 4409 4410 4292
4445 3 2 5 1 4292 4410 4411 4293
4446 3 2 5 1 4293 4411 4412 4294
4447 3 2 5 1 4294 4412 4413 4295
4448 3 2 5 1 4295 4413 4414 4296
4449 3 2 5 1 4296 4414 4415 4297
4450 3 2 5 1 4297 4415 4416 4298
4451 3 2 5 1 4298 4416 4417 4299
4452 3 2 5 1 4299 4417 4418 4300
4453 3 2 5 1 4300 4418 4419 4301
4454 3 2 5 1 4301 4419 4420 4302
4455 3 2 5 1 4302 4420 4421 4303
4456 3 2 5 1 4303 4421 4422 4304
4457 3 2 5 1 4304 4422 4423 4305
4458 3 2 5 1 4305 4423 4424 4306
4459 3 2 5 1 4306 4424 4425 4307
4460 3 2 5 1 4307 4425 4426 4308
4461 3 2 5 1 4308 4426 4427 4309
4462 3 2 5 1 4309 4427 4428 4310
4463 3 2 5 1 4310 4428 4429 4311
4464 3 2 5 1 4311 4429 4430 4312
4465 3 2 5 1 4312 4430 4431 4313
4466 3 2 5 1 4313 4431 4432 4314
4467 3 2 5 1 4314 4432 4433 4315
4468 3 2 5 1 4315 4433 4434 4316
4469 3 2 5 1 4316 4434 4435 4317
4470 3 2 5 1 4317 4435 4436 4318
4471 3 2 5 1 4318 4436 4437 4319
4472 3 2 5 1 4319 4437 4438 4320
4473 3 2 5 1 4320 4438 4439 4321
4474 3 2 5 1 4321 4439 4440 4322
4475 3 2 5 1 4322 4440 4441 4323
4476 3 2 5 1 4323 4441 4442 4324
4477 3 2 5 1 4324 4442 4443 4325
4478 3 2 5 1 4325 4443 4444 4326
4479 3 2 5 1 4326 4444 4445 4327
4480 3 2 5 1 4327 4445 4446 4328
4481 3 2 5 1 4328 4446 4447 4329
4482 3 2 5 1 4329 4447 4448 4330
4483 3 2 5 1 4330 4448 4449 4331
4484 3 2 5 1 4331 4449 4450 4332
4485 3 2 5 1 4332 4450 4451 4333
4486 3 2 5 1 4333 4451 4452 4334
4487 3 2 5 1 4334 4452 4453 4335
4488 3 2 5 1 4335 4453 4454 4336
4489 3 2 5 1 4336 4454 4455 4337
4490 3 2 5 1 4337 4455 4456 4338
4491 3 2 5 1 4338 4456 4457 4339
4492 3 2 5 1 4339 4457 4458 4340
4493 3 2 5 1 4340 4458 4459 4341
4494 3 2 5 1 4341 4459 4460 4342
4495 3 2 5 1 4342 4460 4461 4343
4496 3 2 5 1 4343 4461 4462 4344
4497 3 2 5 1 4344 4462 4463 4345
4498 3 2 5 1 4345 4463 4464 4346
4499 3 2 5 1 4346 4464 4465 4347
4500 3 2 5 1 4347 4465 4466 4348
4501 3 2 5 1 4348 4466 4467 4349
4502 3 2 5 1 4349 4467 4468 4350
4503 3 2 5 1 4350 4468 4469 4351
4504 3 2 5 1 4351 4469 4470 4352
4505 3 2 5 1 4352 4470 4471 4353
4506 3 2 5 1 4353 4471 4472 4354
4507 3 2 5 1 4354 4472 4473 4355
4508 3 2 5 1 4355 4473 4474 4356
4509 3 2 5 1 4356 4474 4475 4357
4510 3 2 5 1 4357 4475 4476 4358
4511 3 2 5 1 4358 4476 4477 4359
4512 3 2 5 1 4359 4477 4478 4360
4513 3 2 5 1 4360 4478 4479 4361
4514 3 2 5 1 4361 4479 4480 4362
4515 3 2 5 1 4362 4480 4481 4363
4516 3 2 5 1 4363 4481 4482 4364
4517 3 2 5 1 4364 4482 4483 4365
4518 3 2 5 1 4365 4483 4484 4366
4519 3 2 5 1 4366 4484 4485 4367
4520 3 2 5 1 4367 4485 4486 4368
4521 3 2 5 1 4368 4486 146 147
4522 3 2 5 1 333 334 4487 4369
4523 3 2 5 1 4369 4487 4488 4370
4524 3 2 5 1 4370 4488 4489 4371
4525 3 2 5 1 4371 4489 4490 4372
4526 3 2 5 1 4372 4490 4491 4373
4527 3 2 5 1 4373 4491 4492 4374
4528 3 2 5 1 4374 4492 4493 4375
4529 3 2 5 1 4375 4493 4494 4376
4530 3 2 5 1 4376 4494 4495 4377
4531 3 2 5 1 4377 4495 4496 4378
4532 3 2 5 1 4378 4496 4497 4379
4533 3 2 5 1 4379 4497 4498 4380
4534 3 2 5 1 4380 4498 4499 4381
4535 3 2 5 1 4381 4499 4500 4382
4536 3 2 5 1 4382 4500 4501 4383
4537 3 2 5 1 4383 4501 4502 4384
4538 3 2 5 1 4384 4502 4503 4385
4539 3 2 5 1 4385 4503 4504 4386
4540 3 2 5 1 4386 4504 4505 4387
4541 3 2 5 1 4387 4505 4506 4388
4542 3 2 5 1 4388 4506 4507 4389
4543 3 2 5 1 4389 4507 4508 4390
4544 3 2 5 1 4390 4508 4509 4391
4545 3 2 5 1 4391 4509 4510 4392
4546 3 2 5 1 4392 4510 4511 4393
4547 3 2 5 1 4393 4511 4512 4394
4548 3 2 5 1 4394 4512 4513 4395
4549 3 2 5 1 4395 4513 4514 4396
4550 3 2 5 1 4396 4514 4515 4397
4551 3 2 5 1 4397 4515 4516 4398
4552 3 2 5 1 4398 4516 4517 4399
4553 3 2 5 1 4399 4517 4518 4400
4554 3 2 5 1 4400 4518 4519 4401
4555 3 2 5 1 4401 4519 4520 4402
4556 3 2 5 1 4402 4520 4521 4403
4557 3 2 5 1 4403 4521 4522 4404
4558 3 2 5 1 4404 4522 4523 4405
4559 3 2 5 1 4405 4523 4524 4406
4560 3 2 5 1 4406 4524 4525 4407
4561 3 2 5 1 4407 4525 4526 4408
4562 3 2 5 1 4408 4526 4527 4409
4563 3 2 5 1 4409 4527 4528 4410
4564 3 2 5 1 4410 4528 4529 4411
4565 3 2 5 1 4411 4529 4530 4412
4566 3 2 5 1 4412 4530 4531 4413
4567 3 2 5 1 4413 4531 4532 4414
4568 3 2 5 1 4414 4532 4533 4415
4569 3 2 5 1 4415 4533 4534 4416
4570 3 2 5 1 4416 4534 4535 4417
4571 3 2 5 1 4417 4535 4536 4418
4572 3 2 5 1 4418 4536 4537 4419
4573 3 2 5 1 4419 4537 4538 4420
4574 3 2 5 1 4420 4538 4539 4421
4575 3 2 5 1 4421 4539 4540 4422
4576 3 2 5 1 4422 4540 4541 4423
4577 3 2 5 1 4423 4541 4542 4424
4578 3 2 5 1 4424 4542 4543 4425
4579 3 2 5 1 4425 4543 4544 4426
4580 3 2 5 1 4426 4544 4545 4427
4581 3 2 5 1 4427 4545 4546 4428
4582 3 2 5 1 4428 4546 4547 4429
4583 3 2 5 1 4429 4547 4548 4430
4584 3 2 5 1 4430 4548 4549 4431
4585 3 2 5 1 4431 4549 4550 4432
4586 3 2 5 1 4432 4550 4551 4433
4587 3 2 5 1 4433 4551 4552 4434
4588 3 2 5 1 4434 4552 4553 4435
4589 3 2 5 1 4435 4553 4554 4436
4590 3 2 5 1 4436 4554 4555 4437
4591 3 2 5 1 4437 4555 4556 4438
4592 3 2 5 1 4438 4556 4557 4439
4593 3 2 5 1 4439 4557 4558 4440
4594 3 2 5 1 4440 4558 4559 4441
4595 3 2 5 1 4441 4559 4560 4442
4596 3 2 5 1 4442 4560 4561 4443
4597 3 2 5 1 4443 4561 4562 4444
4598 3 2 5 1 4444 4562 4563 4445
4599 3 2 5 1 4445 4563 4564 4446
4600 3 2 5 1 4446 4564 4565 4447
4601 3 2 5 1 4447 4565 4566 4448
4602 3 2 5 1 4448 4566 4567 4449
4603 3 2 5 1 4449 4567 4568 4450
4604 3 2 5 1 4450 4568 4569 4451
4605 3 2 5 1 4451 4569 4570 4452
4606 3 2 5 1 4452 4570 4571 4453
4607 3 2 5 1 4453 4571 4572 4454
4608 3 2 5 1 4454 4572 4573 4455
4609 3 2 5 1 4455 4573 4574 4456
4610 3 2 5 1 4456 4574 4575 4457
4611 3 2 5 1 4457 4575 4576 4458
4612 3 2 5 1 4458 4576 4577 4459
4613 3 2 5 1 4459 4577 4578 4460
4614 3 2 5 1 4460 4578 4579 4461
4615 3 2 5 1 4461 4579 4580 4462
4616 3 2 5 1 4462 4580 4581 4463
4617 3 2 5 1 4463 4581 4582 4464
4618 3 2 5 1 4464 4582 4583 4465
4619 3 2 5 1 4465 4583 4584 4466
4620 3 2 5 1 4466 4584 4585 4467
4621 3 2 5 1 4467 4585 4586 4468
4622 3 2 5 1 4468 4586 4587 4469
4623 3 2 5 1 4469 4587 4588 4470
4624 3 2 5 1 4470 4588 4589 4471
4625 3 2 5 1 4471 4589 4590 4472
4626 3 2 5 1 4472 4590 4591 4473
4627 3 2 5 1 4473 4591 4592 4474
4628 3 2 5 1 4474 4592 4593 4475
4629 3 2 5 1 4475 4593 4594 4476
4630 3 2 5 1 4476 4594 4595 4477
4631 3 2 5 1 4477 4595 4596 4478
4632 3 2 5 1 4478 4596 4597 4479
4633 3 2 5 1 4479 4597 4598 4480
4634 3 2 5 1 4480 4598 4599 4481
4635 3 2 5 1 4481 4599 4600 4482
4636 3 2 5 1 4482 4600 4601 4483
4637 3 2 5 1 4483 4601 4602 4484
4638 3 2 5 1 4484 4602 4603 4485
4639 3 2 5 1 4485 4603 4604 4486
4640 3 2 5 1 4486 4604 145 146
4641 3 2 5 1 334 335 4605 4487
4642 3 2 5 1 4487 4605 4606 4488
4643 3 2 5 1 4488 4606 4607 4489
4644 3 2 5 1 4489 4607 4608 4490
4645 3 2 5 1 4490 4608 4609 4491
4646 3 2 5 1 4491 4609 4610 4492
4647 3 2 5 1 4492 4610 4611 4493
4648 3 2 5 1 4493 4611 4612 4494
4649 3 2 5 1 4494 4612 4613 4495
4650 3 2 5 1 4495 4613 4614 4496
4651 3 2 5 1 4496 4614 4615 4497
4652 3 2 5 1 4497 4615 4616 4498
4653 3 2 5 1 4498 4616 4617 4499
4654 3 2 5 1 4499 4617 4618 4500
4655 3 2 5 1 4500 4618 4619 4501
4656 3 2 5 1 4501 4619 4620 4502
4657 3 2 5 1 4502 4620 4621 4503
4658 3 2 5 1 4503 4621 4622 4504
4659 3 2 5 1 4504 4622 4623 4505
4660 3 2 5 1 4505 4623 4624 4506
4661 3 2 5 1 4506 4624 4625 4507
4662 3 2 5 1 4507 4625 4626 4508
4663 3 2 5 1 4508 4626 4627 4509
4664 3 2 5 1 4509 4627 4628 4510
4665 3 2 5 1 4510 4628 4629 4511
4666 3 2 5 1 4511 4629 4630 4512
4667 3 2 5 1 4512 4630 4631 4513
4668 3 2 5 1 4513 4631 4632 4514
4669 3 2 5 1 4514 4632 4633 4515
4670 3 2 5 1 4515 4633 4634 4516
4671 3 2 5 1 4516 4634 4635 4517
4672 3 2 5 1 4517 4635 4636 4518
4673 3 2 5 1 4518 4636 4637 4519
4674 3 2 5 1 4519 4637 4638 4520
4675 3 2 5 1 4520 4638 4639 4521
4676 3 2 5 1 4521 4639 4640 4522
4677 3 2 5 1 4522 4640 4641 4523
4678 3 2 5 1 4523 4641 4642 4524
4679 3 2 5 1 4524 4642 4643 4525
4680 3 2 5 1 4525 4643 4644 4526
4681 3 2 5 1 4526 4644 4645 4527
4682 3 2 5 1 4527 4645 4646 4528
4683 3 2 5 1 4528 4646 4647 4529
4684 3 2 5 1 4529 4647 4648 4530
4685 3 2 5 1 4530 4648 4649 4531
4686 3 2 5 1 4531 4649 4650 4532
4687 3 2 5 1 4532 4650 4651 4533
4688 3 2 5 1 4533 4651 4652 4534
4689 3 2 5 1 4534 4652 4653 4535
4690 3 2 5 1 4535 4653 4654 4536
4691 3 2 5 1 4536 4654 4655 4537
4692 3 2 5 1 4537 4655 4656 4538
4693 3 2 5 1 4538 4656 4657 4539
4694 3 2 5 1 4539 4657 4658 4540
4695 3 2 5 1 4540 4658 4659 4541
4696 3 2 5 1 4541 4659 4660 4542
4697 3 2 5 1 4542 4660 4661 4543
4698 3 2 5 1 4543 4661 4662 4544
4699 3 2 5 1 4544 4662 4663 4545
4700 3 2 5 1 4545 4663 4664 4546
4701 3 2 5 1 4546 4664 4665 4547
4702 3 2 5 1 4547 4665 4666 4548
4703 3 2 5 1 4548 4666 4667 4549
4704 3 2 5 1 4549 4667 4668 4550
4705 3 2 5 1 4550 4668 4669 4551
4706 3 2 5 1 4551 4669 4670 4552
4707 3 2 5 1 4552 4670 4671 4553
4708 3 2 5 1 4553 4671 4672 4554
4709 3 2 5 1 4554 4672 4673 4555
4710 3 2 5 1 4555 4673 4674 4556
4711 3 2 5 1 4556 4674 4675 4557
4712 3 2 5 1 4557 4675 4676 4558
4713 3 2 5 1 4558 4676 4677 4559
4714 3 2 5 1 4559 4677 4678 4560
4715 3 2 5 1 4560 4678 4679 4561
4716 3 2 5 1 4561 4679 4680 4562
4717 3 2 5 1 4562 4680 4681 4563
4718 3 2 5 1 4563 4681 4682 4564
4719 3 2 5 1 4564 4682 4683 4565
4720 3 2 5 1 4565 4683 4684 4566
4721 3 2 5 1 4566 4684 4685 4567
4722 3 2 5 1 4567 4685 4686 4568
4723 3 2 5 1 4568 4686 4687 4569
4724 3 2 5 1 4569 4687 4688 4570
4725 3 2 5 1 4570 4688 4689 4571
4726 3 2 5 1 4571 4689 4690 4572
4727 3 2 5 1 4572 4690 4691 4573
4728 3 2 5 1 4573 4691 4692 4574
4729 3 2 5 1 4574 4692 4693 4575
4730 3 2 5 1 4575 4693 4694 4576
4731 3 2 5 1 4576 4694 4695 4577
4732 3 2 5 1 4577 4695 4696 4578
4733 3 2 5 1 4578 4696 4697 4579
4734 3 2 5 1 4579 4697 4698 4580
4735 3 2 5 1 4580 4698 4699 4581
4736 3 2 5 1 4581 4699 4700 4582
4737 3 2 5 1 4582 4700 4701 4583
4738 3 2 5 1 4583 4701 4702 4584
4739 3 2 5 1 4584 4702 4703 4585
4740 3 2 5 1 4585 4703 4704 4586
4741 3 2 5 1 4586 4704 4705 4587
4742 3 2 5 1 4587 4705 4706 4588
4743 3 2 5 1 4588 4706 4707 4589
4744 3 2 5 1 4589 4707 4708 4590
4745 3 2 5 1 4590 4708 4709 4591
4746 3 2 5 1 4591 4709 4710 4592
4747 3 2 5 1 4592 4710 4711 4593
4748 3 2 5 1 4593 4711 4712 4594
4749 3 2 5 1 4594 4712 4713 4595
4750 3 2 5 1 4595 4713 4714 4596
4751 3 2 5 1 4596 4714 4715 4597
4752 3 2 5 1 4597 4715 4716 4598
4753 3 2 5 1 4598 4716 4717 4599
4754 3 2 5 1 4599 4717 4718 4600
4755 3 2 5 1 4600 4718 4719 4601
4756 3 2 5 1 4601 4719 4720 4602
4757 3 2 5 1 4602 4720 4721 4603
4758 3 2 5 1 4603 4721 4722 4604
4759 3 2 5 1 4604 4722 144 145
4760 3 2 5 1 335 336 4723 4605
4761 3 2 5 1 4605 4723 4724 4606
4762 3 2 5 1 4606 4724 4725 4607
4763 3 2 5 1 4607 4725 4726 4608
4764 3 2 5 1 4608 4726 4727 4609
4765 3 2 5 1 4609 4727 4728 4610
4766 3 2 5 1 4610 4728 4729 4611
4767 3 2 5 1 4611 4729 4730 4612
4768 3 2 5 1 4612 4730 4731 4613
4769 3 2 5 1 4613 4731 4732 4614
4770 3 2 5 1 4614 4732 4733 4615
4771 3 2 5 1 4615 4733 4734 4616
4772 3 2 5 1 4616 4734 4735 4617
4773 3 2 5 1 4617 4735 4736 4618
4774 3 2 5 1 4618 4736 4737 4619
4775 3 2 5 1 4619 4737 4738 4620
4776 3 2 5 1 4620 4738 4739 4621
4777 3 2 5 1 4621 4739 4740 4622
4778 3 2 5 1 4622 4740 4741 4623
4779 3 2 5 1 4623 4741 4742 4624
4780 3 2 5 1 4624 4742 4743 4625
4781 3 2 5 1 4625 4743 4744 4626
4782 3 2 5 1 4626 4744 4745 4627
4783 3 2 5 1 4627 4745 4746 4628
4784 3 2 5 1 4628 4746 4747 4629
4785 3 2 5 1 4629 4747 4748 4630
4786 3 2 5 1 4630 4748 4749 4631
4787 3 2 5 1 4631 4749 4750 4632
4788 3 2 5 1 4632 4750 4751 4633
4789 3 2 5 1 4633 4751 4752 4634
4790 3 2 5 1 4634 4752 4753 4635
4791 3 2 5 1 4635 4753 4754 4636
4792 3 2 5 1 4636 4754 4755 4637
4793 3 2 5 1 4637 4755 4756 4638
4794 3 2 5 1 4638 4756 4757 4639
4795 3 2 5 1 4639 4757 4758 4640
4796 3 2 5 1 4640 4758 4759 4641
4797 3 2 5 1 4641 4759 4760 4642
4798 3 2 5 1 4642 4760 4761 4643
4799 3 2 5 1 4643 4761 4762 4644
4800 3 2 5 1 4644 4762 4763 4645
4801 3 2 5 1 4645 4763 4764 4646
4802 3 2 5 1 4646 4764 4765 4647
4803 3 2 5 1 4647 4765 4766 4648
4804 3 2 5 1 4648 4766 4767 4649
4805 3 2 5 1 4649 4767 4768 4650
4806 3 2 5 1 4650 4768 4769 4651
4807 3 2 5 1 4651 4769 4770 4652
4808 3 2 5 1 4652 4770 4771 4653
4809 3 2 5 1 4653 4771 4772 4654
4810 3 2 5 1 4654 4772 4773 4655
4811 3 2 5 1 4655 4773 4774 4656
4812 3 2 5 1 4656 4774 4775 4657
4813 3 2 5 1 4657 4775 4776 4658
4814 3 2 5 1 4658 4776 4777 4659
4815 3 2 5 1 4659 4777 4778 4660
4816 3 2 5 1 4660 4778 4779 4661
4817 3 2 5 1 4661 4779 4780 4662
4818 3 2 5 1 4662 4780 4781 4663
4819 3 2 5 1 4663 4781 4782 4664
4820 3 2 5 1 4664 4782 4783 4665
4821 3 2 5 1 4665 4783 4784 4666
4822 3 2 5 1 4666 4784 4785 4667
4823 3 2 5 1 4667 4785 4786 4668
4824 3 2 5 1 4668 4786 4787 4669
4825 3 2 5 1 4669 4787 4788 4670
4826 3 2 5 1 4670 4788 4789 4671
4827 3 2 5 1 4671 4789 4790 4672
4828 3 2 5 1 4672 4790 4791 4673
4829 3 2 5 1 4673 4791 4792 4674
4830 3 2 5 1 4674 4792 4793 4675
4831 3 2 5 1 4675 4793 4794 4676
4832 3 2 5 1 4676 4794 4795 4677
4833 3 2 5 1 4677 4795 4796 4678
4834 3 2 5 1 4678 4796 4797 4679
4835 3 2 5 1 4679 4797 4798 4680
4836 3 2 5 1 4680 4798 4799 4681
4837 3 2 5 1 4681 4799 4800 4682
4838 3 2 5 1 4682 4800 4801 4683
4839 3 2 5 1 4683 4801 4802 4684
4840 3 2 5 1 4684 4802 4803 4685
4841 3 2 5 1 4685 4803 4804 4686
4842 3 2 5 1 4686 4804 4805 4687
4843 3 2 5 1 4687 4805 4806 4688
4844 3 2 5 1 4688 4806 4807 4689
4845 3 2 5 1 4689 4807 4808 4690
4846 3 2 5 1 4690 4808 4809 4691
4847 3 2 5 1 4691 4809 4810 4692
4848 3 2 5 1 4692 4810 4811 4693
4849 3 2 5 1 4693 4811 4812 4694
4850 3 2 5 1 4694 4812 4813 4695
4851 3 2 5 1 4695 4813 4814 4696
4852 3 2 5 1 4696 4814 4815 4697
4853 3 2 5 1 4697 4815 4816 4698
4854 3 2 5 1 4698 4816 4817 4699
4855 3 2 5 1 4699 4817 4818 4700
4856 3 2 5 1 4700 4818 4819 4701
4857 3 2 5 1 4701 4819 4820 4702
4858 3 2 5 1 4702 4820 4821 4703
4859 3 2 5 1 4703 4821 4822 4704
4860 3 2 5 1 4704 4822 4823 4705
4861 3 2 5 1 4705 4823 4824 4706
4862 3 2 5 1 4706 4824 4825 4707
4863 3 2 5 1 4707 4825 4826 4708
4864 3 2 5 1 4708 4826 4827 4709
4865 3 2 5 1 4709 4827 4828 4710
4866 3 2 5 1 4710 4828 4829 4711
4867 3 2 5 1 4711 4829 4830 4712
4868 3 2 5 1 4712 4830 4831 4713
4869 3 2 5 1 4713 4831 4832 4714
4870 3 2 5 1 4714 4832 4833 4715
4871 3 2 5 1 4715 4833 4834 4716
4872 3 2 5 1 4716 4834 4835 4717
4873 3 2 5 1 4717 4835 4836 4718
4874 3 2 5 1 4718 4836 4837 4719
4875 3 2 5 1 4719 4837 4838 4720
4876 3 2 5 1 4720 4838 4839 4721
4877 3 2 5 1 4721 4839 4840 4722
4878 3 2 5 1 4722 4840 143 144
4879 3 2 5 1 336 337 4841 4723
4880 3 2 5 1 4723 4841 4842 4724
4881 3 2 5 1 4724 4842 4843 4725
4882 3 2 5 1 4725 4843 4844 4726
4883 3 2 5 1 4726 4844 4845 4727
4884 3 2 5 1 4727 4845 4846 4728
4885 3 2 5 1 4728 4846 4847 4729
4886 3 2 5 1 4729 4847 4848 4730
4887 3 2 5 1 4730 4848 4849 4731
4888 3 2 5 1 4731 4849 4850 4732
4889 3 2 5 1 4732 4850 4851 4733
4890 3 2 5 1 4733 4851 4852 4734
4891 3 2 5 1 4734 4852 4853 4735
4892 3 2 5 1 4735 4853 4854 4736
4893 3 2 5 1 4736 4854 4855 4737
4894 3 2 5 1 4737 4855 4856 4738
4895 3 2 5 1 4738 4856 4857 4739
4896 3 2 5 1 4739 4857 4858 4740
4897 3 2 5 1 4740 4858 4859 4741
4898 3 2 5 1 4741 4859 4860 4742
4899 3 2 5 1 4742 4860 4861 4743
4900 3 2 5 1 4743 4861 4862 4744
4901 3 2 5 1 4744 4862 4863 4745
4902 3 2 5 1 4745 4863 4864 4746
4903 3 2 5 1 4746 4864 4865 4747
4904 3 2 5 1 4747 4865 4866 4748
4905 3 2 5 1 4748 4866 4867 4749
4906 3 2 5 1 4749 4867 4868 4750
4907 3 2 5 1 4750 4868 4869 4751
4908 3 2 5 1 4751 4869 4870 4752
4909 3 2 5 1 4752 4870 4871 4753
4910 3 2 5 1 4753 4871 4872 4754
4911 3 2 5 1 4754 4872 4873 4755
4912 3 2 5 1 4755 4873 4874 4756
4913 3 2 5 1 4756 4874 4875 4757
4914 3 2 5 1 4757 4875 4876 4758
4915 3 2 5 1 4758 4876 4877 4759
4916 3 2 5 1 4759 4877 4878 4760
4917 3 2 5 1 4760 4878 4879 4761
4918 3 2 5 1 4761 4879 4880 4762
4919 3 2 5 1 4762 4880 4881 4763
4920 3 2 5 1 4763 4881 4882 4764
4921 3 2 5 1 4764 4882 4883 4765
4922 3 2 5 1 4765 4883 4884 4766
4923 3 2 5 1 4766 4884 4885 4767
4924 3 2 5 1 4767 4885 4886 4768
4925 3 2 5 1 4768 4886 4887 4769
4926 3 2 5 1 4769 4887 4888 4770
4927 3 2 5 1 4770 4888 4889 4771
4928 3 2 5 1 4771 4889 4890 4772
4929 3 2 5 1 4772 4890 4891 4773
4930 3 2 5 1 4773 4891 4892 4774
4931 3 2 5 1 4774 4892 4893 4775
4932 3 2 5 1 4775 4893 4894 4776
4933 3 2 5 1 4776 4894 4895 4777
4934 3 2 5 1 4777 4895 4896 4778
4935 3 2 5 1 4778 4896 4897 4779
4936 3 2 5 1 4779 4897 4898 4780
4937 3 2 5 1 4780 4898 4899 4781
4938 3 2 5 1 4781 4899 4900 4782
4939 3 2 5 1 4782 4900 4901 4783
4940 3 2 5 1 4783 4901 4902 4784
4941 3 2 5 1 4784 4902 4903 4785
4942 3 2 5 1 4785 4903 4904 4786
4943 3 2 5 1 4786 4904 4905 4787
4944 3 2 5 1 4787 4905 4906 4788
4945 3 2 5 1 4788 4906 4907 4789
4946 3 2 5 1 4789 4907 4908 4790
4947 3 2 5 1 4790 4908 4909 4791
4948 3 2 5 1 4791 4909 4910 4792
4949 3 2 5 1 4792 4910 4911 4793
4950 3 2 5 1 4793 4911 4912 4794
4951 3 2 5 1 4794 4912 4913 4795
4952 3 2 5 1 4795 4913 4914 4796
4953 3 2 5 1 4796 4914 4915 4797
4954 3 2 5 1 4797 4915 4916 4798
4955 3 2 5 1 4798 4916 4917 4799
4956 3 2 5 1 4799 4917 4918 4800
4957 3 2 5 1 4800 4918 4919 4801
4958 3 2 5 1 4801 4919 4920 4802
4959 3 2 5 1 4802 4920 4921 4803
4960 3 2 5 1 4803 4921 4922 4804
4961 3 2 5 1 4804 4922 4923 4805
4962 3 2 5 1 4805 4923 4924 4806
4963 3 2 5 1 4806 4924 4925 4807
4964 3 2 5 1 4807 4925 4926 4808
4965 3 2 5 1 4808 4926 4927 4809
4966 3 2 5 1 4809 4927 4928 4810
4967 3 2 5 1 4810 4928 4929 4811
4968 3 2 5 1 4811 4929 4930 4812
4969 3 2 5 1 4812 4930 4931 4813
4970 3 2 5 1 4813 4931 4932 4814
4971 3 2 5 1 4814 4932 4933 4815
4972 3 2 5 1 4815 4933 4934 4816
4973 3 2 5 1 4816 4934 4935 4817
4974 3 2 5 1 4817 4935 4936 4818
4975 3 2 5 1 4818 4936 4937 4819
4976 3 2 5 1 4819 4937 4938 4820
4977 3 2 5 1 4820 4938 4939 4821
4978 3 2 5 1 4821 4939 4940 4822
4979 3 2 5 1 4822 4940 4941 4823
4980 3 2 5 1 4823 4941 4942 4824
4981 3 2 5 1 4824 4942 4943 4825
4982 3 2 5 1 4825 4943 4944 4826
4983 3 2 5 1 4826 4944 4945 4827
4984 3 2 5 1 4827 4945 4946 4828
4985 3 2 5 1 4828 4946 4947 4829
4986 3 2 5 1 4829 4947 4948 4830
4987 3 2 5 1 4830 4948 4949 4831
4988 3 2 5 1 4831 4949 4950 4832
4989 3 2 5 1 4832 4950 4951 4833
4990 3 2 5 1 4833 4951 4952 4834
4991 3 2 5 1 4834 4952 4953 4835
4992 3 2 5 1 4835 4953 4954 4836
4993 3 2 5 1 4836 4954 4955 4837
4994 3 2 5 1 4837 4955 4956 4838
4995 3 2 5 1 4838 4956 4957 4839
4996 3 2 5 1 4839 4957 4958 4840
4997 3 2 5 1 4840 4958 142 143
4998 3 2 5 1 337 338 4959 4841
4999 3 2 5 1 4841 4959 4960 4842
5000 3 2 5 1 4842 4960 4961 4843
5001 3 2 5 1 4843 4961 4962 4844
5002 3 2 5 1 4844 4962 4963 4845
5003 3 2 5 1 4845 4963 4964 4846
5004 3 2 5 1 4846 4964 4965 4847
5005 3 2 5 1 4847 4965 4966 4848
5006 3 2 5 1 4848 4966 4967 4849
5007 3 2 5 1 4849 4967 4968 4850
5008 3 2 5 1 4850 4968 4969 4851
5009 3 2 5 1 4851 4969 4970 4852
5010 3 2 5 1 4852 4970 4971 4853
5011 3 2 5 1 4853 4971 4972 4854
5012 3 2 5 1 4854 4972 4973 4855
5013 3 2 5 1 4855 4973 4974 4856
5014 3 2 5 1 4856 4974 4975 4857
5015 3 2 5 1 4857 4975 4976 4858
5016 3 2 5 1 4858 4976 4977 4859
5017 3 2 5 1 4859 4977 4978 4860
5018 3 2 5 1 4860 4978 4979 4861
5019 3 2 5 1 4861 4979 4980 4862
5020 3 2 5 1 4862 4980 4981 4863
5021 3 2 5 1 4863 4981 4982 4864
5022 3 2 5 1 4864 4982 4983 4865
5023 3 2 5 1 4865 4983 4984 4866
5024 3 2 5 1 4866 4984 4985 4867
5025 3 2 5 1 4867 4985 4986 4868
5026 3 2 5 1 4868 4986 4987 4869
5027 3 2 5 1 4869 4987 4988 4870
5028 3 2 5 1 4870 4988 4989 4871
5029 3 2 5 1 4871 4989 4990 4872
5030 3 2 5 1 4872 4990 4991 4873
5031 3 2 5 1 4873 4991 4992 4874
5032 3 2 5 1 4874 4992 4993 4875
5033 3 2 5 1 4875 4993 4994 4876
5034 3 2 5 1 4876 4994 4995 4877
5035 3 2 5 1 4877 4995 4996 4878
5036 3 2 5 1 4878 4996 4997 4879
5037 3 2 5 1 4879 4997 4998 4880
5038 3 2 5 1 4880 4998 4999 4881
5039 3 2 5 1 4881 4999 5000 4882
5040 3 2 5 1 4882 5000 5001 4883
5041 3 2 5 1 4883 5001 5002 4884
5042 3 2 5 1 4884 5002 5003 4885
5043 3 2 5 1 4885 5003 5004 4886
5044 3 2 5 1 4886 5004 5005 4887
5045 3 2 5 1 4887 5005 5006 4888
5046 3 2 5 1 4888 5006 5007 4889
5047 3 2 5 1 4889 5007 5008 4890
5048 3 2 5 1 4890 5008 5009 4891
5049 3 2 5 1 4891 5009 5010 4892
5050 3 2 5 1 4892 5010 5011 4893
5051 3 2 5 1 4893 5011 5012 4894
5052 3 2 5 1 4894 5012 5013 4895
5053 3 2 5 1 4895 5013 5014 4896
5054 3 2 5 1 4896 5014 5015 4897
5055 3 2 5 1 4897 5015 5016 4898
5056 3 2 5 1 4898 5016 5017 4899
5057 3 2 5 1 4899 5017 5018 4900
5058 3 2 5 1 4900 5018 5019 4901
5059 3 2 5 1 4901 5019 5020 4902
5060 3 2 5 1 4902 5020 5021 4903
5061 3 2 5 1 4903 5021 5022 4904
5062 3 2 5 1 4904 5022 5023 4905
5063 3 2 5 1 4905 5023 5024 4906
5064 3 2 5 1 4906 5024 5025 4907
5065 3 2 5 1 4907 5025 5026 4908
5066 3 2 5 1 4908 5026 5027 4909
5067 3 2 5 1 4909 5027 5028 4910
5068 3 2 5 1 4910 5028 5029 4911
5069 3 2 5 1 4911 5029 5030 4912
5070 3 2 5 1 4912 5030 5031 4913
5071 3 2 5 1 4913 5031 5032 4914
5072 3 2 5 1 4914 5032 5033 4915
5073 3 2 5 1 4915 5033 5034 4916
5074 3 2 5 1 4916 5034 5035 4917
5075 3 2 5 1 4917 5035 5036 4918
5076 3 2 5 1 4918 5036 5037 4919
5077 3 2 5 1 4919 5037 5038 4920
5078 3 2 5 1 4920 5038 5039 4921
5079 3 2 5 1 4921 5039 5040 4922
5080 3 2 5 1 4922 5040 5041 4923
5081 3 2 5 1 4923 5041 5042 4924
5082 3 2 5 1 4924 5042 5043 4925
5083 3 2 5 1 4925 5043 5044 4926
5084 3 2 5 1 4926 5044 5045 4927
5085 3 2 5 1 4927 5045 5046 4928
5086 3 2 5 1 4928 5046 5047 4929
5087 3 2 5 1 4929 5047 5048 4930
5088 3 2 5 1 4930 5048 5049 4931
5089 3 2 5 1 4931 5049 5050 4932
5090 3 2 5 1 4932 5050 5051 4933
5091 3 2 5 1 4933 5051 5052 4934
5092 3 2 5 1 4934 5052 5053 4935
5093 3 2 5 1 4935 5053 5054 4936
5094 3 2 5 1 4936 5054 5055 4937
5095 3 2 5 1 4937 5055 5056 4938
5096 3 2 5 1 4938 5056 5057 4939
5097 3 2 5 1 4939 5057 5058 4940
5098 3 2 5 1 4940 5058 5059 4941
5099 3 2 5 1 4941 5059 5060 4942
5100 3 2 5 1 4942 5060 5061 4943
5101 3 2 5 1 4943 5061 5062 4944
5102 3 2 5 1 4944 5062 5063 4945
5103 3 2 5 1 4945 5063 5064 4946
5104 3 2 5 1 4946 5064 5065 4947
5105 3 2 5 1 4947 5065 5066 4948
5106 3 2 5 1 4948 5066 5067 4949
5107 3 2 5 1 4949 5067 5068 4950
5108 3 2 5 1 4950 5068 5069 4951
5109 3 2 5 1 4951 5069 5070 4952
5110 3 2 5 1 4952 5070 5071 4953
5111 3 2 5 1 4953 5071 5072 4954
5112 3 2 5 1 4954 5072 5073 4955
5113 3 2 5 1 4955 5073 5074 4956
5114 3 2 5 1 4956 5074 5075 4957
5115 3 2 5 1 4957 5075 5076 4958
5116 3 2 5 1 4958 5076 141 142
5117 3 2 5 1 338 339 5077 4959
5118 3 2 5 1 4959 5077 5078 4960
5119 3 2 5 1 4960 5078 5079 4961
5120 3 2 5 1 4961 5079 5080 4962
5121 3 2 5 1 4962 5080 5081 4963
5122 3 2 5 1 4963 5081 5082 4964
5123 3 2 5 1 4964 5082 5083 4965
5124 3 2 5 1 4965 5083 5084 4966
5125 3 2 5 1 4966 5084 5085 4967
5126 3 2 5 1 4967 5085 5086 4968
5127 3 2 5 1 4968 5086 5087 4969
5128 3 2 5 1 4969 5087 5088 4970
5129 3 2 5 1 4970 5088 5089 4971
5130 3 2 5 1 4971 5089 5090 4972
5131 3 2 5 1 4972 5090 5091 4973
5132 3 2 5 1 4973 5091 5092 4974
5133 3 2 5 1 4974 5092 5093 4975
5134 3 2 5 1 4975 5093 5094 4976
5135 3 2 5 1 4976 5094 5095 4977
5136 3 2 5 1 4977 5095 5096 4978
5137 3 2 5 1 4978 5096 5097 4979
5138 3 2 5 1 4979 5097 5098 4980
5139 3 2 5 1 4980 5098 5099 4981
5140 3 2 5 1 4981 5099 5100 4982
5141 3 2 5 1 4982 5100 5101 4983
5142 3 2 5 1 4983 5101 5102 4984
5143 3 2 5 1 4984 5102 5103 4985
5144 3 2 5 1 4985 5103 5104 4986
5145 3 2 5 1 4986 5104 5105 4987
5146 3 2 5 1 4987 5105 5106 4988
5147 3 2 5 1 4988 5106 5107 4989
5148 3 2 5 1 4989 5107 5108 4990
5149 3 2 5 1 4990 5108 5109 4991
5150 3 2 5 1 4991 5109 5110 4992
5151 3 2 5 1 4992 5110 5111 4993
5152 3 2 5 1 4993 5111 5112 4994
5153 3 2 5 1 4994 5112 5113 4995
5154 3 2 5 1 4995 5113 5114 4996
5155 3 2 5 1 4996 5114 5115 4997
5156 3 2 5 1 4997 5115 5116 4998
5157 3 2 5 1 4998 5116 5117 4999
5158 3 2 5 1 4999 5117 5118 5000
5159 3 2 5 1 5000 5118 5119 5001
5160 3 2 5 1 5001 5119 5120 5002
5161 3 2 5 1 5002 5120 5121 5003
5162 3 2 5 1 5003 5121 5122 5004
5163 3 2 5 1 5004 5122 5123 5005
5164 3 2 5 1 5005 5123 5124 5006
5165 3 2 5 1 5006 5124 5125 5007
5166 3 2 5 1 5007 5125 5126 5008
5167 3 2 5 1 5008 5126 5127 5009
5168 3 2 5 1 5009 5127 5128 5010
5169 3 2 5 1 5010 5128 5129 5011
5170 3 2 5 1 5011 5129 5130 5012
5171 3 2 5 1 5012 5130 5131 5013
5172 3 2 5 1 5013 5131 5132 5014
5173 3 2 5 1 5014 5132 5133 5015
5174 3 2 5 1 5015 5133 5134 5016
5175 3 2 5 1 5016 5134 5135 5017
5176 3 2 5 1 5017 5135 5136 5018
5177 3 2 5 1 5018 5136 5137 5019
5178 3 2 5 1 5019 5137 5138 5020
5179 3 2 5 1 5020 5138 5139 5021
5180 3 2 5 1 5021 5139 5140 5022
5181 3 2 5 1 5022 5140 5141 5023
5182 3 2 5 1 5023 5141 5142 5024
5183 3 2 5 1 5024 5142 5143 5025
5184 3 2 5 1 5025 5143 5144 5026
5185 3 2 5 1 5026 5144 5145 5027
5186 3 2 5 1 5027 5145 5146 5028
5187 3 2 5 1 5028 5146 5147 5029
5188 3 2 5 1 5029 5147 5148 5030
5189 3 2 5 1 5030 5148 5149 5031
5190 3 2 5 1 5031 5149 5150 5032
5191 3 2 5 1 5032 5150 5151 5033
5192 3 2 5 1 5033 5151 5152 5034
5193 3 2 5 1 5034 5152 5153 5035
5194 3 2 5 1 5035 5153 5154 5036
5195 3 2 5 1 5036 5154 5155 5037
5196 3 2 5 1 5037 5155 5156 5038
5197 3 2 5 1 5038 5156 5157 5039
5198 3 2 5 1 5039 5157 5158 5040
5199 3 2 5 1 5040 5158 5159 5041
5200 3 2 5 1 5041 5159 5160 5042
5201 3 2 5 1 5042 5160 5161 5043
5202 3 2 5 1 5043 5161 5162 5044
5203 3 2 5 1 5044 5162 5163 5045
5204 3 2 5 1 5045 5163 5164 5046
5205 3 2 5 1 5046 5164 5165 5047
5206 3 2 5 1 5047 5165 5166 5048
5207 3 2 5 1 5048 5166 5167 5049
5208 3 2 5 1 5049 5167 5168 5050
5209 3 2 5 1 5050 5168 5169 5051
5210 3 2 5 1 5051 5169 5170 5052
5211 3 2 5 1 5052 5170 5171 5053
5212 3 2 5 1 5053 5171 5172 5054
5213 3 2 5 1 5054 5172 5173 5055
5214 3 2 5 1 5055 5173 5174 5056
5215 3 2 5 1 5056 5174 5175 5057
5216 3 2 5 1 5057 5175 5176 5058
5217 3 2 5 1 5058 5176 5177 5059
5218 3 2 5 1 5059 5177 5178 5060
5219 3 2 5 1 5060 5178 5179 5061
5220 3 2 5 1 5061 5179 5180 5062
5221 3 2 5 1 5062 5180 5181 5063
5222 3 2 5 1 5063 5181 5182 5064
5223 3 2 5 1 5064 5182 5183 5065
5224 3 2 5 1 5065 5183 5184 5066
5225 3 2 5 1 5066 5184 5185 5067
5226 3 2 5 1 5067 5185 5186 5068
5227 3 2 5 1 5068 5186 5187 5069
5228 3 2 5 1 5069 5187 5188 5070
5229 3 2 5 1 5070 5188 5189 5071
5230 3 2 5 1 5071 5189 5190 5072
5231 3 2 5 1 5072 5190 5191 5073
5232 3 2 5 1 5073 5191 5192 5074
5233 3 2 5 1 5074 5192 5193 5075
5234 3 2 5 1 5075 5193 5194 5076
5235 3 2 5 1 5076 5194 140 141
5236 3 2 5 1 339 340 5195 5077
5237 3 2 5 1 5077 5195 5196 5078
5238 3 2 5 1 5078 5196 5197 5079
5239 3 2 5 1 5079 5197 5198 5080
5240 3 2 5 1 5080 5198 5199 5081
5241 3 2 5 1 5081 5199 5200 5082
5242 3 2 5 1 5082 5200 5201 5083
5243 3 2 5 1 5083 5201 5202 5084
5244 3 2 5 1 5084 5202 5203 5085
5245 3 2 5 1 5085 5203 5204 5086
5246 3 2 5 1 5086 5204 5205 5087
5247 3 2 5 1 5087 5205 5206 5088
5248 3 2 5 1 5088 5206 5207 5089
5249 3 2 5 1 5089 5207 5208 5090
5250 3 2 5 1 5090 5208 5209 5091
5251 3 2 5 1 5091 5209 5210 5092
5252 3 2 5 1 5092 5210 5211 5093
5253 3 2 5 1 5093 5211 5212 5094
5254 3 2 5 1 5094 5212 5213 5095
5255 3 2 5 1 5095 5213 5214 5096
5256 3 2 5 1 5096 5214 5215 5097
5257 3 2 5 1 5097 5215 5216 5098
5258 3 2 5 1 5098 5216 5217 5099
5259 3 2 5 1 5099 5217 5218 5100
5260 3 2 5 1 5100 5218 5219 5101
5261 3 2 5 1 5101 5219 5220 5102
5262 3 2 5 1 5102 5220 5221 5103
5263 3 2 5 1 5103 5221 5222 5104
5264 3 2 5 1 5104 5222 5223 5105
5265 3 2 5 1 5105 5223 5224 5106
5266 3 2 5 1 5106 5224 5225 5107
5267 3 2 5 1 5107 5225 5226 5108
5268 3 2 5 1 5108 5226 5227 5109
5269 3 2 5 1 5109 5227 5228 5110
5270 3 2 5 1 5110 5228 5229 5111
5271 3 2 5 1 5111 5229 5230 5112
5272 3 2 5 1 5112 5230 5231 5113
5273 3 2 5 1 5113 5231 5232 5114
5274 3 2 5 1 5114 5232 5233 5115
5275 3 2 5 1 5115 5233 5234 5116
5276 3 2 5 1 5116 5234 5235 5117
5277 3 2 5 1 5117 5235 5236 5118
5278 3 2 5 1 5118 5236 5237 5119
5279 3 2 5 1 5119 5237 5238 5120
5280 3 2 5 1 5120 5238 5239 5121
5281 3 2 5 1 5121 5239 5240 5122
5282 3 2 5 1 5122 5240 5241 5123
5283 3 2 5 1 5123 5241 5242 5124
5284 3 2 5 1 5124 5242 5243 5125
5285 3 2 5 1 5125 5243 5244 5126
5286 3 2 5 1 5126 5244 5245 5127
5287 3 2 5 1 5127 5245 5246 5128
5288 3 2 5 1 5128 5246 5247 5129
5289 3 2 5 1 5129 5247 5248 5130
5290 3 2 5 1 5130 5248 5249 5131
5291 3 2 5 1 5131 5249 5250 5132
5292 3 2 5 1 5132 5250 5251 5133
5293 3 2 5 1 5133 5251 5252 5134
5294 3 2 5 1 5134 5252 5253 5135
5295 3 2 5 1 5135 5253 5254 5136
5296 3 2 5 1 5136 5254 5255 5137
5297 3 2 5 1 5137 5255 5256 5138
5298 3 2 5 1 5138 5256 5257 5139
5299 3 2 5 1 5139 5257 5258 5140
5300 3 2 5 1 5140 5258 5259 5141
5301 3 2 5 1 5141 5259 5260 5142
5302 3 2 5 1 5142 5260 5261 5143
5303 3 2 5 1 5143 5261 5262 5144
5304 3 2 5 1 5144 5262 5263 5145
5305 3 2 5 1 5145 5263 5264 5146
5306 3 2 5 1 5146 5264 5265 5147
5307 3 2 5 1 5147 5265 5266 5148
5308 3 2 5 1 5148 5266 5267 5149
5309 3 2 5 1 5149 5267 5268 5150
5310 3 2 5 1 5150 5268 5269 5151
5311 3 2 5 1 5151 5269 5270 5152
5312 3 2 5 1 5152 5270 5271 5153
5313 3 2 5 1 5153 5271 5272 5154
5314 3 2 5 1 5154 5272 5273 5155
5315 3 2 5 1 5155 5273 5274 5156
5316 3 2 5 1 5156 5274 5275 5157
5317 3 2 5 1 5157 5275 5276 5158
5318 3 2 5 1 5158 5276 5277 5159
5319 3 2 5 1 5159 5277 5278 5160
5320 3 2 5 1 5160 5278 5279 5161
5321 3 2 5 1 5161 5279 5280 5162
5322 3 2 5 1 5162 5280 5281 5163
5323 3 2 5 1 5163 5281 5282 5164
5324 3 2 5 1 5164 5282 5283 5165
5325 3 2 5 1 5165 5283 5284 5166
5326 3 2 5 1 5166 5284 5285 5167
5327 3 2 5 1 5167 5285 5286 5168
5328 3 2 5 1 5168 5286 5287 5169
5329 3 2 5 1 5169 5287 5288 5170
5330 3 2 5 1 5170 5288 5289 5171
5331 3 2 5 1 5171 5289 5290 5172
5332 3 2 5 1 5172 5290 5291 5173
5333 3 2 5 1 5173 5291 5292 5174
5334 3 2 5 1 5174 5292 5293 5175
5335 3 2 5 1 5175 5293 5294 5176
5336 3 2 5 1 5176 5294 5295 5177
5337 3 2 5 1 5177 5295 5296 5178
5338 3 2 5 1 5178 5296 5297 5179
5339 3 2 5 1 5179 5297 5298 5180
5340 3 2 5 1 5180 5298 5299 5181
5341 3 2 5 1 5181 5299 5300 5182
5342 3 2 5 1 5182 5300 5301 5183
5343 3 2 5 1 5183 5301 5302 5184
5344 3 2 5 1 5184 5302 5303 5185
5345 3 2 5 1 5185 5303 5304 5186
5346 3 2 5 1 5186 5304 5305 5187
5347 3 2 5 1 5187 5305 5306 5188
5348 3 2 5 1 5188 5306 5307 5189
5349 3 2 5 1 5189 5307 5308 5190
5350 3 2 5 1 5190 5308 5309 5191
5351 3 2 5 1 5191 5309 5310 5192
5352 3 2 5 1 5192 5310 5311 5193
5353 3 2 5 1 5193 5311 5312 5194
5354 3 2 5 1 5194 5312 139 140
5355 3 2 5 1 340 341 5313 5195
5356 3 2 5 1 5195 5313 5314 5196
5357 3 2 5 1 5196 5314 5315 5197
5358 3 2 5 1 5197 5315 5316 5198
5359 3 2 5 1 5198 5316 5317 5199
5360 3 2 5 1 5199 5317 5318 5200
5361 3 2 5 1 5200 5318 5319 5201
5362 3 2 5 1 5201 5319 5320 5202
5363 3 2 5 1 5202 5320 5321 5203
5364 3 2 5 1 5203 5321 5322 5204
5365 3 2 5 1 5204 5322 5323 5205
5366 3 2 5 1 5205 5323 5324 5206
5367 3 2 5 1 5206 5324 5325 5207
5368 3 2 5 1 5207 5325 5326 5208
5369 3 2 5 1 5208 5326 5327 5209
5370 3 2 5 1 5209 5327 5328 5210
5371 3 2 5 1 5210 5328 5329 5211
5372 3 2 5 1 5211 5329 5330 5212
5373 3 2 5 1 5212 5330 5331 5213
5374 3 2 5 1 5213 5331 5332 5214
5375 3 2 5 1 5214 5332 5333 5215
5376 3 2 5 1 5215 5333 5334 5216
5377 3 2 5 1 5216 5334 5335 5217
5378 3 2 5 1 5217 5335 5336 5218
5379 3 2 5 1 5218 5336 5337 5219
5380 3 2 5 1 5219 5337 5338 5220
5381 3 2 5 1 5220 5338 5339 5221
5382 3 2 5 1 5221 5339 5340 5222
5383 3 2 5 1 5222 5340 5341 5223
5384 3 2 5 1 5223 5341 5342 5224
5385 3 2 5 1 5224 5342 5343 5225
5386 3 2 5 1 5225 5343 5344 5226
5387 3 2 5 1 5226 5344 5345 5227
5388 3 2 5 1 5227 5345 5346 5228
5389 3 2 5 1 5228 5346 5347 5229
5390 3 2 5 1 5229 5347 5348 5230
5391 3 2 5 1 5230 5348 5349 5231
5392 3 2 5 1 5231 5349 5350 5232
5393 3 2 5 1 5232 5350 5351 5233
5394 3 2 5 1 5233 5351 5352 5234
5395 3 2 5 1 5234 5352 5353 5235
5396 3 2 5 1 5235 5353 5354 5236
5397 3 2 5 1 5236 5354 5355 5237
5398 3 2 5 1 5237 5355 5356 5238
5399 3 2 5 1 5238 5356 5357 5239
5400 3 2 5 1 5239 5357 5358 5240
5401 3 2 5 1 5240 5358 5359 5241
5402 3 2 5 1 5241 5359 5360 5242
5403 3 2 5 1 5242 5360 5361 5243
5404 3 2 5 1 5243 5361 5362 5244
5405 3 2 5 1 5244 5362 5363 5245
5406 3 2 5 1 5245 5363 5364 5246
5407 3 2 5 1 5246 5364 5365 5247
5408 3 2 5 1 5247 5365 5366 5248
5409 3 2 5 1 5248 5366 5367 5249
5410 3 2 5 1 5249 5367 5368 5250
5411 3 2 5 1 5250 5368 5369 5251
5412 3 2 5 1 5251 5369 5370 5252
5413 3 2 5 1 5252 5370 5371 5253
5414 3 2 5 1 5253 5371 5372 5254
5415 3 2 5 1 5254 5372 5373 5255
5416 3 2 5 1 5255 5373 5374 5256
5417 3 2 5 1 5256 5374 5375 5257
5418 3 2 5 1 5257 5375 5376 5258
5419 3 2 5 1 5258 5376 5377 5259
5420 3 2 5 1 5259 5377 5378 5260
5421 3 2 5 1 5260 5378 5379 5261
5422 3 2 5 1 5261 5379 5380 5262
5423 3 2 5 1 5262 5380 5381 5263
5424 3 2 5 1 5263 5381 5382 5264
5425 3 2 5 1 5264 5382 5383 5265
5426 3 2 5 1 5265 5383 5384 5266
5427 3 2 5 1 5266 5384 5385 5267
5428 3 2 5 1 5267 5385 5386 5268
5429 3 2 5 1 5268 5386 5387 5269
5430 3 2 5 1 5269 5387 5388 5270
5431 3 2 5 1 5270 5388 5389 5271
5432 3 2 5 1 5271 5389 5390 5272
5433 3 2 5 1 5272 5390 5391 5273
5434 3 2 5 1 5273 5391 5392 5274
5435 3 2 5 1 5274 5392 5393 5275
5436 3 2 5 1 5275 5393 5394 5276
5437 3 2 5 1 5276 5394 5395 5277
5438 3 2 5 1 5277 5395 5396 5278
5439 3 2 5 1 5278 5396 5397 5279
5440 3 2 5 1 5279 5397 5398 5280
5441 3 2 5 1 5280 5398 5399 5281
5442 3 2 5 1 5281 5399 5400 5282
5443 3 2 5 1 5282 5400 5401 5283
5444 3 2 5 1 5283 5401 5402 5284
5445 3 2 5 1 5284 5402 5403 5285
5446 3 2 5 1 5285 5403 5404 5286
5447 3 2 5 1 5286 5404 5405 5287
5448 3 2 5 1 5287 5405 5406 5288
5449 3 2 5 1 5288 5406 5407 5289
5450 3 2 5 1 5289 5407 5408 5290
5451 3 2 5 1 5290 5408 5409 5291
5452 3 2 5 1 5291 5409 5410 5292
5453 3 2 5 1 5292 5410 5411 5293
5454 3 2 5 1 5293 5411 5412 5294
5455 3 2 5 1 5294 5412 5413 5295
5456 3 2 5 1 5295 5413 5414 5296
5457 3 2 5 1 5296 5414 5415 5297
5458 3 2 5 1 5297 5415 5416 5298
5459 3 2 5 1 5298 5416 5417 5299
5460 3 2 5 1 5299 5417 5418 5300
5461 3 2 5 1 5300 5418 5419 5301
5462 3 2 5 1 5301 5419 5420 5302
5463 3 2 5 1 5302 5420 5421 5303
5464 3 2 5 1 5303 5421 5422 5304
5465 3 2 5 1 5304 5422 5423 5305
5466 3 2 5 1 5305 5423 5424 5306
5467 3 2 5 1 5306 5424 5425 5307
5468 3 2 5 1 5307 5425 5426 5308
5469 3 2 5 1 5308 5426 5427 5309
5470 3 2 5 1 5309 5427 5428 5310
5471 3 2 5 1 5310 5428 5429 5311
5472 3 2 5 1 5311 5429 5430 5312
5473 3 2 5 1 5312 5430 138 139
5474 3 2 5 1 341 342 5431 5313
5475 3 2 5 1 5313 5431 5432 5314
5476 3 2 5 1 5314 5432 5433 5315
5477 3 2 5 1 5315 5433 5434 5316
5478 3 2 5 1 5316 5434 5435 5317
5479 3 2 5 1 5317 5435 5436 5318
5480 3 2 5 1 5318 5436 5437 5319
5481 3 2 5 1 5319 5437 5438 5320
5482 3 2 5 1 5320 5438 5439 5321
5483 3 2 5 1 5321 5439 5440 5322
5484 3 2 5 1 5322 5440 5441 5323
5485 3 2 5 1 5323 5441 5442 5324
5486 3 2 5 1 5324 5442 5443 5325
5487 3 2 5 1 5325 5443 5444 5326
5488 3 2 5 1 5326 5444 5445 5327
5489 3 2 5 1 5327 5445 5446 5328
5490 3 2 5 1 5328 5446 5447 5329
5491 3 2 5 1 5329 5447 5448 5330
5492 3 2 5 1 5330 5448 5449 5331
5493 3 2 5 1 5331 5449 5450 5332
5494 3 2 5 1 5332 5450 5451 5333
5495 3 2 5 1 5333 5451 5452 5334
5496 3 2 5 1 5334 5452 5453 5335
5497 3 2 5 1 5335 5453 5454 5336
5498 3 2 5 1 5336 5454 5455 5337
5499 3 2 5 1 5337 5455 5456 5338
5500 3 2 5 1 5338 5456 5457 5339
5501 3 2 5 1 5339 5457 5458 5340
5502 3 2 5 1 5340 5458 5459 5341
5503 3 2 5 1 5341 5459 5460 5342
5504 3 2 5 1 5342 5460 5461 5343
5505 3 2 5 1 5343 5461 5462 5344
5506 3 2 5 1 5344 5462 5463 5345
5507 3 2 5 1 5345 5463 5464 5346
5508 3 2 5 1 5346 5464 5465 5347
5509 3 2 5 1 5347 5465 5466 5348
5510 3 2 5 1 5348 5466 5467 5349
5511 3 2 5 1 5349 5467 5468 5350
5512 3 2 5 1 5350 5468 5469 5351
5513 3 2 5 1 5351 5469 5470 5352
5514 3 2 5 1 5352 5470 5471 5353
5515 3 2 5 1 5353 5471 5472 5354
5516 3 2 5 1 5354 5472 5473 5355
5517 3 2 5 1 5355 5473 5474 5356
5518 3 2 5 1 5356 5474 5475 5357
5519 3 2 5 1 5357 5475 5476 5358
5520 3 2 5 1 5358 5476 5477 5359
5521 3 2 5 1 5359 5477 5478 5360
5522 3 2 5 1 5360 5478 5479 5361
5523 3 2 5 1 5361 5479 5480 5362
5524 3 2 5 1 5362 5480 5481 5363
5525 3 2 5 1 5363 5481 5482 5364
5526 3 2 5 1 5364 5482 5483 5365
5527 3 2 5 1 5365 5483 5484 5366
5528 3 2 5 1 5366 5484 5485 5367
5529 3 2 5 1 5367 5485 5486 5368
5530 3 2 5 1 5368 5486 5487 5369
5531 3 2 5 1 5369 5487 5488 5370
5532 3 2 5 1 5370 5488 5489 5371
5533 3 2 5 1 5371 5489 5490 5372
5534 3 2 5 1 5372 5490 5491 5373
5535 3 2 5 1 5373 5491 5492 5374
5536 3 2 5 1 5374 5492 5493 5375
5537 3 2 5 1 5375 5493 5494 5376
5538 3 2 5 1 5376 5494 5495 5377
5539 3 2 5 1 5377 5495 5496 5378
5540 3 2 5 1 5378 5496 5497 5379
5541 3 2 5 1 5379 5497 5498 5380
5542 3 2 5 1 5380 5498 5499 5381
5543 3 2 5 1 5381 5499 5500 5382
5544 3 2 5 1 5382 5500 5501 5383
5545 3 2 5 1 5383 5501 5502 5384
5546 3 2 5 1 5384 5502 5503 5385
5547 3 2 5 1 5385 5503 5504 5386
5548 3 2 5 1 5386 5504 5505 5387
5549 3 2 5 1 5387 5505 5506 5388
5550 3 2 5 1 5388 5506 5507 5389
5551 3 2 5 1 5389 5507 5508 5390
5552 3 2 5 1 5390 5508 5509 5391
5553 3 2 5 1 5391 5509 5510 5392
5554 3 2 5 1 5392 5510 5511 5393
5555 3 2 5 1 5393 5511 5512 5394
5556 3 2 5 1 5394 5512 5513 5395
5557 3 2 5 1 5395 5513 5514 5396
5558 3 2 5 1 5396 5514 5515 5397
5559 3 2 5 1 5397 5515 5516 5398
5560 3 2 5 1 5398 5516 5517 5399
5561 3 2 5 1 5399 5517 5518 5400
5562 3 2 5 1 5400 5518 5519 5401
5563 3 2 5 1 5401 5519 5520 5402
5564 3 2 5 1 5402 5520 5521 5403
5565 3 2 5 1 5403 5521 5522 5404
5566 3 2 5 1 5404 5522 5523 5405
5567 3 2 5 1 5405 5523 5524 5406
5568 3 2 5 1 5406 5524 5525 5407
5569 3 2 5 1 5407 5525 5526 5408
5570 3 2 5 1 5408 5526 5527 5409
5571 3 2 5 1 5409 5527 5528 5410
5572 3 2 5 1 5410 5528 5529 5411
5573 3 2 5 1 5411 5529 5530 5412
5574 3 2 5 1 5412 5530 5531 5413
5575 3 2 5 1 5413 5531 5532 5414
5576 3 2 5 1 5414 5532 5533 5415
5577 3 2 5 1 5415 5533 5534 5416
5578 3 2 5 1 5416 5534 5535 5417
5579 3 2 5 1 5417 5535 5536 5418
5580 3 2 5 1 5418 5536 5537 5419
5581 3 2 5 1 5419 5537 5538 5420
5582 3 2 5 1 5420 5538 5539 5421
5583 3 2 5 1 5421 5539 5540 5422
5584 3 2 5 1 5422 5540 5541 5423
5585 3 2 5 1 5423 5541 5542 5424
5586 3 2 5 1 5424 5542 5543 5425
5587 3 2 5 1 5425 5543 5544 5426
5588 3 2 5 1 5426 5544 5545 5427
5589 3 2 5 1 5427 5545 5546 5428
5590 3 2 5 1 5428 5546 5547 5429
5591 3 2 5 1 5429 5547 5548 5430
5592 3 2 5 1 5430 5548 137 138
5593 3 2 5 1 342 343 5549 5431
5594 3 2 5 1 5431 5549 5550 5432
5595 3 2 5 1 5432 5550 5551 5433
5596 3 2 5 1 5433 5551 5552 5434
5597 3 2 5 1 5434 5552 5553 5435
5598 3 2 5 1 5435 5553 5554 5436
5599 3 2 5 1 5436 5554 5555 5437
5600 3 2 5 1 5437 5555 5556 5438
5601 3 2 5 1 5438 5556 5557 5439
5602 3 2 5 1 5439 5557 5558 5440
5603 3 2 5 1 5440 5558 5559 5441
5604 3 2 5 1 5441 5559 5560 5442
5605 3 2 5 1 5442 5560 5561 5443
5606 3 2 5 1 5443 5561 5562 5444
5607 3 2 5 1 5444 5562 5563 5445
5608 3 2 5 1 5445 5563 5564 5446
5609 3 2 5 1 5446 5564 5565 5447
5610 3 2 5 1 5447 5565 5566 5448
5611 3 2 5 1 5448 5566 5567 5449
5612 3 2 5 1 5449 5567 5568 5450
5613 3 2 5 1 5450 5568 5569 5451
5614 3 2 5 1 5451 5569 5570 5452
5615 3 2 5 1 5452 5570 5571 5453
5616 3 2 5 1 5453 5571 5572 5454
5617 3 2 5 1 5454 5572 5573 5455
5618 3 2 5 1 5455 5573 5574 5456
5619 3 2 5 1 5456 5574 5575 5457
5620 3 2 5 1 5457 5575 5576 5458
5621 3 2 5 1 5458 5576 5577 5459
5622 3 2 5 1 5459 5577 5578 5460
5623 3 2 5 1 5460 5578 5579 5461
5624 3 2 5 1 5461 5579 5580 5462
5625 3 2 5 1 5462 5580 5581 5463
5626 3 2 5 1 5463 5581 5582 5464
5627 3 2 5 1 5464 5582 5583 5465
5628 3 2 5 1 5465 5583 5584 5466
5629 3 2 5 1 5466 5584 5585 5467
5630 3 2 5 1 5467 5585 5586 5468
5631 3 2 5 1 5468 5586 5587 5469
5632 3 2 5 1 5469 5587 5588 5470
5633 3 2 5 1 5470 5588 5589 5471
5634 3 2 5 1 5471 5589 5590 5472
5635 3 2 5 1 5472 5590 5591 5473
5636 3 2 5 1 5473 5591 5592 5474
5637 3 2 5 1 5474 5592 5593 5475
5638 3 2 5 1 5475 5593 5594 5476
5639 3 2 5 1 5476 5594 5595 5477
5640 3 2 5 1 5477 5595 5596 5478
5641 3 2 5 1 5478 5596 5597 5479
5642 3 2 5 1 5479 5597 5598 5480
5643 3 2 5 1 5480 5598 5599 5481
5644 3 2 5 1 5481 5599 5600 5482
5645 3 2 5 1 5482 5600 5601 5483
5646 3 2 5 1 5483 5601 5602 5484
5647 3 2 5 1 5484 5602 5603 5485
5648 3 2 5 1 5485 5603 5604 5486
5649 3 2 5 1 5486 5604 5605 5487
5650 3 2 5 1 5487 5605 5606 5488
5651 3 2 5 1 5488 5606 5607 5489
5652 3 2 5 1 5489 5607 5608 5490
5653 3 2 5 1 5490 5608 5609 5491
5654 3 2 5 1 5491 5609 5610 5492
5655 3 2 5 1 5492 5610 5611 5493
5656 3 2 5 1 5493 5611 5612 5494
5657 3 2 5 1 5494 5612 5613 5495
5658 3 2 5 1 5495 5613 5614 5496
5659 3 2 5 1 5496 5614 5615 5497
5660 3 2 5 1 5497 5615 5616 5498
5661 3 2 5 1 5498 5616 5617 5499
5662 3 2 5 1 5499 5617 5618 5500
5663 3 2 5 1 5500 5618 5619 5501
5664 3 2 5 1 5501 5619 5620 5502
5665 3 2 5 1 5502 5620 5621 5503
5666 3 2 5 1 5503 5621 5622 5504
5667 3 2 5 1 5504 5622 5623 5505
5668 3 2 5 1 5505 5623 5624 5506
5669 3 2 5 1 5506 5624 5625 5507
5670 3 2 5 1 5507 5625 5626 5508
5671 3 2 5 1 5508 5626 5627 5509
5672 3 2 5 1 5509 5627 5628 5510
5673 3 2 5 1 5510 5628 5629 5511
5674 3 2 5 1 5511 5629 5630 5512
5675 3 2 5 1 5512 5630 5631 5513
5676 3 2 5 1 5513 5631 5632 5514
5677 3 2 5 1 5514 5632 5633 5515
5678 3 2 5 1 5515 5633 5634 5516
5679 3 2 5 1 5516 5634 5635 5517
5680 3 2 5 1 5517 5635 5636 5518
5681 3 2 5 1 5518 5636 5637 5519
5682 3 2 5 1 5519 5637 5638 5520
5683 3 2 5 1 5520 5638 5639 5521
5684 3 2 5 1 5521 5639 5640 5522
5685 3 2 5 1 5522 5640 5641 5523
5686 3 2 5 1 5523 5641 5642 5524
5687 3 2 5 1 5524 5642 5643 5525
5688 3 2 5 1 5525 5643 5644 5526
5689 3 2 5 1 5526 5644 5645 5527
5690 3 2 5 1 5527 5645 5646 5528
5691 3 2 5 1 5528 5646 5647 5529
5692 3 2 5 1 5529 5647 5648 5530
5693 3 2 5 1 5530 5648 5649 5531
5694 3 2 5 1 5531 5649 5650 5532
5695 3 2 5 1 5532 5650 5651 5533
5696 3 2 5 1 5533 5651 5652 5534
5697 3 2 5 1 5534 5652 5653 5535
5698 3 2 5 1 5535 5653 5654 5536
5699 3 2 5 1 5536 5654 5655 5537
5700 3 2 5 1 5537 5655 5656 5538
5701 3 2 5 1 5538 5656 5657 5539
5702 3 2 5 1 5539 5657 5658 5540
5703 3 2 5 1 5540 5658 5659 5541
5704 3 2 5 1 5541 5659 5660 5542
5705 3 2 5 1 5542 5660 5661 5543
5706 3 2 5 1 5543 5661 5662 5544
5707 3 2 5 1 5544 5662 5663 5545
5708 3 2 5 1 5545 5663 5664 5546
5709 3 2 5 1 5546 5664 5665 5547
5710 3 2 5 1 5547 5665 5666 5548
5711 3 2 5 1 5548 5666 136 137
5712 3 2 5 1 343 344 5667 5549
5713 3 2 5 1 5549 5667 5668 5550
5714 3 2 5 1 5550 5668 5669 5551
5715 3 2 5 1 5551 5669 5670 5552
5716 3 2 5 1 5552 5670 5671 5553
5717 3 2 5 1 5553 5671 5672 5554
5718 3 2 5 1 5554 5672 5673 5555
5719 3 2 5 1 5555 5673 5674 5556
5720 3 2 5 1 5556 5674 5675 5557
5721 3 2 5 1 5557 5675 5676 5558
5722 3 2 5 1 5558 5676 5677 5559
5723 3 2 5 1 5559 5677 5678 5560
5724 3 2 5 1 5560 5678 5679 5561
5725 3 2 5 1 5561 5679 5680 5562
5726 3 2 5 1 5562 5680 5681 5563
5727 3 2 5 1 5563 5681 5682 5564
5728 3 2 5 1 5564 5682 5683 5565
5729 3 2 5 1 5565 5683 5684 5566
5730 3 2 5 1 5566 5684 5685 5567
5731 3 2 5 1 5567 5685 5686 5568
5732 3 2 5 1 5568 5686 5687 5569
5733 3 2 5 1 5569 5687 5688 5570
5734 3 2 5 1 5570 5688 5689 5571
5735 3 2 5 1 5571 5689 5690 5572
5736 3 2 5 1 5572 5690 5691 5573
5737 3 2 5 1 5573 5691 5692 5574
5738 3 2 5 1 5574 5692 5693 5575
5739 3 2 5 1 5575 5693 5694 5576
5740 3 2 5 1 5576 5694 5695 5577
5741 3 2 5 1 5577 5695 5696 5578
5742 3 2 5 1 5578 5696 5697 5579
5743 3 2 5 1 5579 5697 5698 5580
5744 3 2 5 1 5580 5698 5699 5581
5745 3 2 5 1 5581 5699 5700 5582
5746 3 2 5 1 5582 5700 5701 5583
5747 3 2 5 1 5583 5701 5702 5584
5748 3 2 5 1 5584 5702 5703 5585
5749 3 2 5 1 5585 5703 5704 5586
5750 3 2 5 1 5586 5704 5705 5587
5751 3 2 5 1 5587 5705 5706 5588
5752 3 2 5 1 5588 5706 5707 5589
5753 3 2 5 1 5589 5707 5708 5590
5754 3 2 5 1 5590 5708 5709 5591
5755 3 2 5 1 5591 5709 5710 5592
5756 3 2 5 1 5592 5710 5711 5593
5757 3 2 5 1 5593 5711 5712 5594
5758 3 2 5 1 5594 5712 5713 5595
5759 3 2 5 1 5595 5713 5714 5596
5760 3 2 5 1 5596 5714 5715 5597
5761 3 2 5 1 5597 5715 5716 5598
5762 3 2 5 1 5598 5716 5717 5599
5763 3 2 5 1 5599 5717 5718 5600
5764 3 2 5 1 5600 5718 5719 5601
5765 3 2 5 1 5601 5719 5720 5602
5766 3 2 5 1 5602 5720 5721 5603
5767 3 2 5 1 5603 5721 5722 5604
5768 3 2 5 1 5604 5722 5723 5605
5769 3 2 5 1 5605 5723 5724 5606
5770 3 2 5 1 5606 5724 5725 5607
5771 3 2 5 1 5607 5725 5726 5608
5772 3 2 5 1 5608 5726 5727 5609
5773 3 2 5 1 5609 5727 5728 5610
5774 3 2 5 1 5610 5728 5729 5611
5775 3 2 5 1 5611 5729 5730 5612
5776 3 2 5 1 5612 5730 5731 5613
5777 3 2 5 1 5613 5731 5732 5614
5778 3 2 5 1 5614 5732 5733 5615
5779 3 2 5 1 5615 5733 5734 5616
5780 3 2 5 1 5616 5734 5735 5617
5781 3 2 5 1 5617 5735 5736 5618
5782 3 2 5 1 5618 5736 5737 5619
5783 3 2 5 1 5619 5737 5738 5620
5784 3 2 5 1 5620 5738 5739 5621
5785 3 2 5 1 5621 5739 5740 5622
5786 3 2 5 1 5622 5740 5741 5623
5787 3 2 5 1 5623 5741 5742 5624
5788 3 2 5 1 5624 5742 5743 5625
5789 3 2 5 1 5625 5743 5744 5626
5790 3 2 5 1 5626 5744 5745 5627
5791 3 2 5 1 5627 5745 5746 5628
5792 3 2 5 1 5628 5746 5747 5629
5793 3 2 5 1 5629 5747 5748 5630
5794 3 2 5 1 5630 5748 5749 5631
5795 3 2 5 1 5631 5749 5750 5632
5796 3 2 5 1 5632 5750 5751 5633
5797 3 2 5 1 5633 5751 5752 5634
5798 3 2 5 1 5634 5752 5753 5635
5799 3 2 5 1 5635 5753 5754 5636
5800 3 2 5 1 5636 5754 5755 5637
5801 3 2 5 1 5637 5755 5756 5638
5802 3 2 5 1 5638 5756 5757 5639
5803 3 2 5 1 5639 5757 5758 5640
5804 3 2 5 1 5640 5758 5759 5641
5805 3 2 5 1 5641 5759 5760 5642
5806 3 2 5 1 5642 5760 5761 5643
5807 3 2 5 1 5643 5761 5762 5644
5808 3 2 5 1 5644 5762 5763 5645
5809 3 2 5 1 5645 5763 5764 5646
5810 3 2 5 1 5646 5764 5765 5647
5811 3 2 5 1 5647 5765 5766 5648
5812 3 2 5 1 5648 5766 5767 5649
5813 3 2 5 1 5649 5767 5768 5650
5814 3 2 5 1 5650 5768 5769 5651
5815 3 2 5 1 5651 5769 5770 5652
5816 3 2 5 1 5652 5770 5771 5653
5817 3 2 5 1 5653 5771 5772 5654
5818 3 2 5 1 5654 5772 5773 5655
5819 3 2 5 1 5655 5773 5774 5656
5820 3 2 5 1 5656 5774 5775 5657
5821 3 2 5 1 5657 5775 5776 5658
5822 3 2 5 1 5658 5776 5777 5659
5823 3 2 5 1 5659 5777 5778 5660
5824 3 2 5 1 5660 5778 5779 5661
5825 3 2 5 1 5661 5779 5780 5662
5826 3 2 5 1 5662 5780 5781 5663
5827 3 2 5 1 5663 5781 5782 5664
5828 3 2 5 1 5664 5782 5783 5665
5829 3 2 5 1 5665 5783 5784 5666
5830 3 2 5 1 5666 5784 135 136
5831 3 2 5 1 344 345 5785 5667
5832 3 2 5 1 5667 5785 5786 5668
5833 3 2 5 1 5668 5786 5787 5669
5834 3 2 5 1 5669 5787 5788 5670
5835 3 2 5 1 5670 5788 5789 5671
5836 3 2 5 1 5671 5789 5790 5672
5837 3 2 5 1 5672 5790 5791 5673
5838 3 2 5 1 5673 5791 5792 5674
5839 3 2 5 1 5674 5792 5793 5675
5840 3 2 5 1 5675 5793 5794 5676
5841 3 2 5 1 5676 5794 5795 5677
5842 3 2 5 1 5677 5795 5796 5678
5843 3 2 5 1 5678 5796 5797 5679
5844 3 2 5 1 5679 5797 5798 5680
5845 3 2 5 1 5680 5798 5799 5681
5846 3 2 5 1 5681 5799 5800 5682
5847 3 2 5 1 5682 5800 5801 5683
5848 3 2 5 1 5683 5801 5802 5684
5849 3 2 5 1 5684 5802 5803 5685
5850 3 2 5 1 5685 5803 5804 5686
5851 3 2 5 1 5686 5804 5805 5687
5852 3 2 5 1 5687 5805 5806 5688
5853 3 2 5 1 5688 5806 5807 5689
5854 3 2 5 1 5689 5807 5808 5690
5855 3 2 5 1 5690 5808 5809 5691
5856 3 2 5 1 5691 5809 5810 5692
5857 3 2 5 1 5692 5810 5811 5693
5858 3 2 5 1 5693 5811 5812 5694
5859 3 2 5 1 5694 5812 5813 5695
5860 3 2 5 1 5695 5813 5814 5696
5861 3 2 5 1 5696 5814 5815 5697
5862 3 2 5 1 5697 5815 5816 5698
5863 3 2 5 1 5698 5816 5817 5699
5864 3 2 5 1 5699 5817 5818 5700
5865 3 2 5 1 5700 5818 5819 5701
5866 3 2 5 1 5701 5819 5820 5702
5867 3 2 5 1 5702 5820 5821 5703
5868 3 2 5 1 5703 5821 5822 5704
5869 3 2 5 1 5704 5822 5823 5705
5870 3 2 5 1 5705 5823 5824 5706
5871 3 2 5 1 5706 5824 5825 5707
5872 3 2 5 1 5707 5825 5826 5708
5873 3 2 5 1 5708 5826 5827 5709
5874 3 2 5 1 5709 5827 5828 5710
5875 3 2 5 1 5710 5828 5829 5711
5876 3 2 5 1 5711 5829 5830 5712
5877 3 2 5 1 5712 5830 5831 5713
5878 3 2 5 1 5713 5831 5832 5714
5879 3 2 5 1 5714 5832 5833 5715
5880 3 2 5 1 5715 5833 5834 5716
5881 3 2 5 1 5716 5834 5835 5717
5882 3 2 5 1 5717 5835 5836 5718
5883 3 2 5 1 5718 5836 5837 5719
5884 3 2 5 1 5719 5837 5838 5720
5885 3 2 5 1 5720 5838 5839 5721
5886 3 2 5 1 5721 5839 5840 5722
5887 3 2 5 1 5722 5840 5841 5723
5888 3 2 5 1 5723 5841 5842 5724
5889 3 2 5 1 5724 5842 5843 5725
5890 3 2 5 1 5725 5843 5844 5726
5891 3 2 5 1 5726 5844 5845 5727
5892 3 2 5 1 5727 5845 5846 5728
5893 3 2 5 1 5728 5846 5847 5729
5894 3 2 5 1 5729 5847 5848 5730
5895 3 2 5 1 5730 5848 5849 5731
5896 3 2 5 1 5731 5849 5850 5732
5897 3 2 5 1 5732 5850 5851 5733
5898 3 2 5 1 5733 5851 5852 5734
5899 3 2 5 1 5734 5852 5853 5735
5900 3 2 5 1 5735 5853 5854 5736
5901 3 2 5 1 5736 5854 5855 5737
5902 3 2 5 1 5737 5855 5856 5738
5903 3 2 5 1 5738 5856 5857 5739
5904 3 2 5 1 5739 5857 5858 5740
5905 3 2 5 1 5740 5858 5859 5741
5906 3 2 5 1 5741 5859 5860 5742
5907 3 2 5 1 5742 5860 5861 5743
5908 3 2 5 1 5743 5861 5862 5744
5909 3 2 5 1 5744 5862 5863 5745
5910 3 2 5 1 5745 5863 5864 5746
5911 3 2 5 1 5746 5864 5865 5747
5912 3 2 5 1 5747 5865 5866 5748
5913 3 2 5 1 5748 5866 5867 5749
5914 3 2 5 1 5749 5867 5868 5750
5915 3 2 5 1 5750 5868 5869 5751
5916 3 2 5 1 5751 5869 5870 5752
5917 3 2 5 1 5752 5870 5871 5753
5918 3 2 5 1 5753 5871 5872 5754
5919 3 2 5 1 5754 5872 5873 5755
5920 3 2 5 1 5755 5873 5874 5756
5921 3 2 5 1 5756 5874 5875 5757
5922 3 2 5 1 5757 5875 5876 5758
5923 3 2 5 1 5758 5876 5877 5759
5924 3 2 5 1 5759 5877 5878 5760
5925 3 2 5 1 5760 5878 5879 5761
5926 3 2 5 1 5761 5879 5880 5762
5927 3 2 5 1 5762 5880 5881 5763
5928 3 2 5 1 5763 5881 5882 5764
5929 3 2 5 1 5764 5882 5883 5765
5930 3 2 5 1 5765 5883 5884 5766
5931 3 2 5 1 5766 5884 5885 5767
5932 3 2 5 1 5767 5885 5886 5768
5933 3 2 5 1 5768 5886 5887 5769
5934 3 2 5 1 5769 5887 5888 5770
5935 3 2 5 1 5770 5888 5889 5771
5936 3 2 5 1 5771 5889 5890 5772
5937 3 2 5 1 5772 5890 5891 5773
5938 3 2 5 1 5773 5891 5892 5774
5939 3 2 5 1 5774 5892 5893 5775
5940 3 2 5 1 5775 5893 5894 5776
5941 3 2 5 1 5776 5894 5895 5777
5942 3 2 5 1 5777 5895 5896 5778
5943 3 2 5 1 5778 5896 5897 5779
5944 3 2 5 1 5779 5897 5898 5780
5945 3 2 5 1 5780 5898 5899 5781
5946 3 2 5 1 5781 5899 5900 5782
5947 3 2 5 1 5782 5900 5901 5783
5948 3 2 5 1 5783 5901 5902 5784
5949 3 2 5 1 5784 5902 134 135
5950 3 2 5 1 345 346 5903 5785
5951 3 2 5 1 5785 5903 5904 5786
5952 3 2 5 1 5786 5904 5905 5787
5953 3 2 5 1 5787 5905 5906 5788
5954 3 2 5 1 5788 5906 5907 5789
5955 3 2 5 1 5789 5907 5908 5790
5956 3 2 5 1 5790 5908 5909 5791
5957 3 2 5 1 5791 5909 5910 5792
5958 3 2 5 1 5792 5910 5911 5793
5959 3 2 5 1 5793 5911 5912 5794
5960 3 2 5 1 5794 5912 5913 5795
5961 3 2 5 1 5795 5913 5914 5796
5962 3 2 5 1 5796 5914 5915 5797
5963 3 2 5 1 5797 5915 5916 5798
5964 3 2 5 1 5798 5916 5917 5799
5965 3 2 5 1 5799 5917 5918 5800
5966 3 2 5 1 5800 5918 5919 5801
5967 3 2 5 1 5801 5919 5920 5802
5968 3 2 5 1 5802 5920 5921 5803
5969 3 2 5 1 5803 5921 5922 5804
5970 3 2 5 1 5804 5922 5923 5805
5971 3 2 5 1 5805 5923 5924 5806
5972 3 2 5 1 5806 5924 5925 5807
5973 3 2 5 1 5807 5925 5926 5808
5974 3 2 5 1 5808 5926 5927 5809
5975 3 2 5 1 5809 5927 5928 5810
5976 3 2 5 1 5810 5928 5929 5811
5977 3 2 5 1 5811 5929 5930 5812
5978 3 2 5 1 5812 5930 5931 5813
5979 3 2 5 1 5813 5931 5932 5814
5980 3 2 5 1 5814 5932 5933 5815
5981 3 2 5 1 5815 5933 5934 5816
5982 3 2 5 1 5816 5934 5935 5817
5983 3 2 5 1 5817 5935 5936 5818
5984 3 2 5 1 5818 5936 5937 5819
5985 3 2 5 1 5819 5937 5938 5820
5986 3 2 5 1 5820 5938 5939 5821
5987 3 2 5 1 5821 5939 5940 5822
5988 3 2 5 1 5822 5940 5941 5823
5989 3 2 5 1 5823 5941 5942 5824
5990 3 2 5 1 5824 5942 5943 5825
5991 3 2 5 1 5825 5943 5944 5826
5992 3 2 5 1 5826 5944 5945 5827
5993 3 2 5 1 5827 5945 5946 5828
5994 3 2 5 1 5828 5946 5947 5829
5995 3 2 5 1 5829 5947 5948 5830
5996 3 2 5 1 5830 5948 5949 5831
5997 3 2 5 1 5831 5949 5950 5832
5998 3 2 5 1 5832 5950 5951 5833
5999 3 2 5 1 5833 5951 5952 5834
6000 3 2 5 1 5834 5952 5953 5835
6001 3 2 5 1 5835 5953 5954 5836
6002 3 2 5 1 5836 5954 5955 5837
6003 3 2 5 1 5837 5955 5956 5838
6004 3 2 5 1 5838 5956 5957 5839
6005 3 2 5 1 5839 5957 5958 5840
6006 3 2 5 1 5840 5958 5959 5841
6007 3 2 5 1 5841 5959 5960 5842
6008 3 2 5 1 5842 5960 5961 5843
6009 3 2 5 1 5843 5961 5962 5844
6010 3 2 5 1 5844 5962 5963 5845
6011 3 2 5 1 5845 5963 5964 5846
6012 3 2 5 1 5846 5964 5965 5847
6013 3 2 5 1 5847 5965 5966 5848
6014 3 2 5 1 5848 5966 5967 5849
6015 3 2 5 1 5849 5967 5968 5850
6016 3 2 5 1 5850 5968 5969 5851
6017 3 2 5 1 5851 5969 5970 5852
6018 3 2 5 1 5852 5970 5971 5853
6019 3 2 5 1 5853 5971 5972 5854
6020 3 2 5 1 5854 5972 5973 5855
6021 3 2 5 1 5855 5973 5974 5856
6022 3 2 5 1 5856 5974 5975 5857
6023 3 2 5 1 5857 5975 5976 5858
6024 3 2 5 1 5858 5976 5977 5859
6025 3 2 5 1 5859 5977 5978 5860
6026 3 2 5 1 5860 5978 5979 5861
6027 3 2 5 1 5861 5979 5980 5862
6028 3 2 5 1 5862 5980 5981 5863
6029 3 2 5 1 5863 5981 5982 5864
6030 3 2 5 1 5864 5982 5983 5865
6031 3 2 5 1 5865 5983 5984 5866
6032 3 2 5 1 5866 5984 5985 5867
6033 3 2 5 1 5867 5985 5986 5868
6034 3 2 5 1 5868 5986 5987 5869
6035 3 2 5 1 5869 5987 5988 5870
6036 3 2 5 1 5870 5988 5989 5871
6037 3 2 5 1 5871 5989 5990 5872
6038 3 2 5 1 5872 5990 5991 5873
6039 3 2 5 1 5873 5991 5992 5874
6040 3 2 5 1 5874 5992 5993 5875
6041 3 2 5 1 5875 5993 5994 5876
6042 3 2 5 1 5876 5994 5995 5877
6043 3 2 5 1 5877 5995 5996 5878
6044 3 2 5 1 5878 5996 5997 5879
6045 3 2 5 1 5879 5997 5998 5880
6046 3 2 5 1 5880 5998 5999 5881
6047 3 2 5 1 5881 5999 6000 5882
6048 3 2 5 1 5882 6000 6001 5883
6049 3 2 5 1 5883 6001 6002 5884
6050 3 2 5 1 5884 6002 6003 5885
6051 3 2 5 1 5885 6003 6004 5886
6052 3 2 5 1 5886 6004 6005 5887
6053 3 2 5 1 5887 6005 6006 5888
6054 3 2 5 1 5888 6006 6007 5889
6055 3 2 5 1 5889 6007 6008 5890
6056 3 2 5 1 5890 6008 6009 5891
6057 3 2 5 1 5891 6009 6010 5892
6058 3 2 5 1 5892 6010 6011 5893
6059 3 2 5 1 5893 6011 6012 5894
6060 3 2 5 1 5894 6012 6013 5895
6061 3 2 5 1 5895 6013 6014 5896
6062 3 2 5 1 5896 6014 6015 5897
6063 3 2 5 1 5897 6015 6016 5898
6064 3 2 5 1 5898 6016 6017 5899
6065 3 2 5 1 5899 6017 6018 5900
6066 3 2 5 1 5900 6018 6019 5901
6067 3 2 5 1 5901 6019 6020 5902
6068 3 2 5 1 5902 6020 133 134
6069 3 2 5 1 346 347 6021 5903
6070 3 2 5 1 5903 6021 6022 5904
6071 3 2 5 1 5904 6022 6023 5905
6072 3 2 5 1 5905 6023 6024 5906
6073 3 2 5 1 5906 6024 6025 5907
6074 3 2 5 1 5907 6025 6026 5908
6075 3 2 5 1 5908 6026 6027 5909
6076 3 2 5 1 5909 6027 6028 5910
6077 3 2 5 1 5910 6028 6029 5911
6078 3 2 5 1 5911 6029 6030 5912
6079 3 2 5 1 5912 6030 6031 5913
6080 3 2 5 1 5913 6031 6032 5914
6081 3 2 5 1 5914 6032 6033 5915
6082 3 2 5 1 5915 6033 6034 5916
6083 3 2 5 1 5916 6034 6035 5917
6084 3 2 5 1 5917 6035 6036 5918
6085 3 2 5 1 5918 6036 6037 5919
6086 3 2 5 1 5919 6037 6038 5920
6087 3 2 5 1 5920 6038 6039 5921
6088 3 2 5 1 5921 6039 6040 5922
6089 3 2 5 1 5922 6040 6041 5923
6090 3 2 5 1 5923 6041 6042 5924
6091 3 2 5 1 5924 6042 6043 5925
6092 3 2 5 1 5925 6043 6044 5926
6093 3 2 5 1 5926 6044 6045 5927
6094 3 2 5 1 5927 6045 6046 5928
6095 3 2 5 1 5928 6046 6047 5929
6096 3 2 5 1 5929 6047 6048 5930
6097 3 2 5 1 5930 6048 6049 5931
6098 3 2 5 1 5931 6049 6050 5932
6099 3 2 5 1 5932 6050 6051 5933
6100 3 2 5 1 5933 6051 6052 5934
6101 3 2 5 1 5934 6052 6053 5935
6102 3 2 5 1 5935 6053 6054 5936
6103 3 2 5 1 5936 6054 6055 5937
6104 3 2 5 1 5937 6055 6056 5938
6105 3 2 5 1 5938 6056 6057 5939
6106 3 2 5 1 5939 6057 6058 5940
6107 3 2 5 1 5940 6058 6059 5941
6108 3 2 5 1 5941 6059 6060 5942
6109 3 2 5 1 5942 6060 6061 5943
6110 3 2 5 1 5943 6061 6062 5944
6111 3 2 5 1 5944 6062 6063 5945
6112 3 2 5 1 5945 6063 6064 5946
6113 3 2 5 1 5946 6064 6065 5947
6114 3 2 5 1 5947 6065 6066 5948
6115 3 2 5 1 5948 6066 6067 5949
6116 3 2 5 1 5949 6067 6068 5950
6117 3 2 5 1 5950 6068 6069 5951
6118 3 2 5 1 5951 6069 6070 5952
6119 3 2 5 1 5952 6070 6071 5953
6120 3 2 5 1 5953 6071 6072 5954
6121 3 2 5 1 5954 6072 6073 5955
6122 3 2 5 1 5955 6073 6074 5956
6123 3 2 5 1 5956 6074 6075 5957
6124 3 2 5 1 5957 6075 6076 5958
6125 3 2 5 1 5958 6076 6077 5959
6126 3 2 5 1 5959 6077 6078 5960
6127 3 2 5 1 5960 6078 6079 5961
6128 3 2 5 1 5961 6079 6080 5962
6129 3 2 5 1 5962 6080 6081 5963
6130 3 2 5 1 5963 6081 6082 5964
6131 3 2 5 1 5964 6082 6083 5965
6132 3 2 5 1 5965 6083 6084 5966
6133 3 2 5 1 5966 6084 6085 5967
6134 3 2 5 1 5967 6085 6086 5968
6135 3 2 5 1 5968 6086 6087 5969
6136 3 2 5 1 5969 6087 6088 5970
6137 3 2 5 1 5970 6088 6089 5971
6138 3 2 5 1 5971 6089 6090 5972
6139 3 2 5 1 5972 6090 6091 5973
6140 3 2 5 1 5973 6091 6092 5974
6141 3 2 5 1 5974 6092 6093 5975
6142 3 2 5 1 5975 6093 6094 5976
6143 3 2 5 1 5976 6094 6095 5977
6144 3 2 5 1 5977 6095 6096 5978
6145 3 2 5 1 5978 6096 6097 5979
6146 3 2 5 1 5979 6097 6098 5980
6147 3 2 5 1 5980 6098 6099 5981
6148 3 2 5 1 5981 6099 6100 5982
6149 3 2 5 1 5982 6100 6101 5983
6150 3 2 5 1 5983 6101 6102 5984
6151 3 2 5 1 5984 6102 6103 5985
6152 3 2 5 1 5985 6103 6104 5986
6153 3 2 5 1 5986 6104 6105 5987
6154 3 2 5 1 5987 6105 6106 5988
6155 3 2 5 1 5988 6106 6107 5989
6156 3 2 5 1 5989 6107 6108 5990
6157 3 2 5 1 5990 6108 6109 5991
6158 3 2 5 1 5991 6109 6110 5992
6159 3 2 5 1 5992 6110 6111 5993
6160 3 2 5 1 5993 6111 6112 5994
6161 3 2 5 1 5994 6112 6113 5995
6162 3 2 5 1 5995 6113 6114 5996
6163 3 2 5 1 5996 6114 6115 5997
6164 3 2 5 1 5997 6115 6116 5998
6165 3 2 5 1 5998 6116 6117 5999
6166 3 2 5 1 5999 6117 6118 6000
6167 3 2 5 1 6000 6118 6119 6001
6168 3 2 5 1 6001 6119 6120 6002
6169 3 2 5 1 6002 6120 6121 6003
6170 3 2 5 1 6003 6121 6122 6004
6171 3 2 5 1 6004 6122 6123 6005
6172 3 2 5 1 6005 6123 6124 6006
6173 3 2 5 1 6006 6124 6125 6007
6174 3 2 5 1 6007 6125 6126 6008
6175 3 2 5 1 6008 6126 6127 6009
6176 3 2 5 1 6009 6127 6128 6010
6177 3 2 5 1 6010 6128 6129 6011
6178 3 2 5 1 6011 6129 6130 6012
6179 3 2 5 1 6012 6130 6131 6013
6180 3 2 5 1 6013 6131 6132 6014
6181 3 2 5 1 6014 6132 6133 6015
6182 3 2 5 1 6015 6133 6134 6016
6183 3 2 5 1 6016 6134 6135 6017
6184 3 2 5 1 6017 6135 6136 6018
6185 3 2 5 1 6018 6136 6137 6019
6186 3 2 5 1 6019 6137 6138 6020
6187 3 2 5 1 6020 6138 132 133
6188 3 2 5 1 347 348 6139 6021
6189 3 2 5 1 6021 6139 6140 6022
6190 3 2 5 1 6022 6140 6141 6023
6191 3 2 5 1 6023 6141 6142 6024
6192 3 2 5 1 6024 6142 6143 6025
6193 3 2 5 1 6025 6143 6144 6026
6194 3 2 5 1 6026 6144 6145 6027
6195 3 2 5 1 6027 6145 6146 6028
6196 3 2 5 1 6028 6146 6147 6029
6197 3 2 5 1 6029 6147 6148 6030
6198 3 2 5 1 6030 6148 6149 6031
6199 3 2 5 1 6031 6149 6150 6032
6200 3 2 5 1 6032 6150 6151 6033
6201 3 2 5 1 6033 6151 6152 6034
6202 3 2 5 1 6034 6152 6153 6035
6203 3 2 5 1 6035 6153 6154 6036
6204 3 2 5 1 6036 6154 6155 6037
6205 3 2 5 1 6037 6155 6156 6038
6206 3 2 5 1 6038 6156 6157 6039
6207 3 2 5 1 6039 6157 6158 6040
6208 3 2 5 1 6040 6158 6159 6041
6209 3 2 5 1 6041 6159 6160 6042
6210 3 2 5 1 6042 6160 6161 6043
6211 3 2 5 1 6043 6161 6162 6044
6212 3 2 5 1 6044 6162 6163 6045
6213 3 2 5 1 6045 6163 6164 6046
6214 3 2 5 1 6046 6164 6165 6047
6215 3 2 5 1 6047 6165 6166 6048
6216 3 2 5 1 6048 6166 6167 6049
6217 3 2 5 1 6049 6167 6168 6050
6218 3 2 5 1 6050 6168 6169 6051
6219 3 2 5 1 6051 6169 6170 6052
6220 3 2 5 1 6052 6170 6171 6053
6221 3 2 5 1 6053 6171 6172 6054
6222 3 2 5 1 6054 6172 6173 6055
6223 3 2 5 1 6055 6173 6174 6056
6224 3 2 5 1 6056 6174 6175 6057
6225 3 2 5 1 6057 6175 6176 6058
6226 3 2 5 1 6058 6176 6177 6059
6227 3 2 5 1 6059 6177 6178 6060
6228 3 2 5 1 6060 6178 6179 6061
6229 3 2 5 1 6061 6179 6180 6062
6230 3 2 5 1 6062 6180 6181 6063
6231 3 2 5 1 6063 6181 6182 6064
6232 3 2 5 1 6064 6182 6183 6065
6233 3 2 5 1 6065 6183 6184 6066
6234 3 2 5 1 6066 6184 6185 6067
6235 3 2 5 1 6067 6185 6186 6068
6236 3 2 5 1 6068 6186 6187 6069
6237 3 2 5 1 6069 6187 6188 6070
6238 3 2 5 1 6070 6188 6189 6071
6239 3 2 5 1 6071 6189 6190 6072
6240 3 2 5 1 6072 6190 6191 6073
6241 3 2 5 1 6073 6191 6192 6074
6242 3 2 5 1 6074 6192 6193 6075
6243 3 2 5 1 6075 6193 6194 6076
6244 3 2 5 1 6076 6194 6195 6077
6245 3 2 5 1 6077 6195 6196 6078
6246 3 2 5 1 6078 6196 6197 6079
6247 3 2 5 1 6079 6197 6198 6080
6248 3 2 5 1 6080 6198 6199 6081
6249 3 2 5 1 6081 6199 6200 6082
6250 3 2 5 1 6082 6200 6201 6083
6251 3 2 5 1 6083 6201 6202 6084
6252 3 2 5 1 6084 6202 6203 6085
6253 3 2 5 1 6085 6203 6204 6086
6254 3 2 5 1 6086 6204 6205 6087
6255 3 2 5 1 6087 6205 6206 6088
6256 3 2 5 1 6088 6206 6207 6089
6257 3 2 5 1 6089 6207 6208 6090
6258 3 2 5 1 6090 6208 6209 6091
6259 3 2 5 1 6091 6209 6210 6092
6260 3 2 5 1 6092 6210 6211 6093
6261 3 2 5 1 6093 6211 6212 6094
6262 3 2 5 1 6094 6212 6213 6095
6263 3 2 5 1 6095 6213 6214 6096
6264 3 2 5 1 6096 6214 6215 6097
6265 3 2 5 1 6097 6215 6216 6098
6266 3 2 5 1 6098 6216 6217 6099
6267 3 2 5 1 6099 6217 6218 6100
6268 3 2 5 1 6100 6218 6219 6101
6269 3 2 5 1 6101 6219 6220 6102
6270 3 2 5 1 6102 6220 6221 6103
6271 3 2 5 1 6103 6221 6222 6104
6272 3 2 5 1 6104 6222 6223 6105
6273 3 2 5 1 6105 6223 6224 6106
6274 3 2 5 1 6106 6224 6225 6107
6275 3 2 5 1 6107 6225 6226 6108
6276 3 2 5 1 6108 6226 6227 6109
6277 3 2 5 1 6109 6227 6228 6110
6278 3 2 5 1 6110 6228 6229 6111
6279 3 2 5 1 6111 6229 6230 6112
6280 3 2 5 1 6112 6230 6231 6113
6281 3 2 5 1 6113 6231 6232 6114
6282 3 2 5 1 6114 6232 6233 6115
6283 3 2 5 1 6115 6233 6234 6116
6284 3 2 5 1 6116 6234 6235 6117
6285 3 2 5 1 6117 6235 6236 6118
6286 3 2 5 1 6118 6236 6237 6119
6287 3 2 5 1 6119 6237 6238 6120
6288 3 2 5 1 6120 6238 6239 6121
6289 3 2 5 1 6121 6239 6240 6122
6290 3 2 5 1 6122 6240 6241 6123
6291 3 2 5 1 6123 6241 6242 6124
6292 3 2 5 1 6124 6242 6243 6125
6293 3 2 5 1 6125 6243 6244 6126
6294 3 2 5 1 6126 6244 6245 6127
6295 3 2 5 1 6127 6245 6246 6128
6296 3 2 5 1 6128 6246 6247 6129
6297 3 2 5 1 6129 6247 6248 6130
6298 3 2 5 1 6130 6248 6249 6131
6299 3 2 5 1 6131 6249 6250 6132
6300 3 2 5 1 6132 6250 6251 6133
6301 3 2 5 1 6133 6251 6252 6134
6302 3 2 5 1 6134 6252 6253 6135
6303 3 2 5 1 6135 6253 6254 6136
6304 3 2 5 1 6136 6254 6255 6137
6305 3 2 5 1 6137 6255 6256 6138
6306 3 2 5 1 6138 6256 131 132
6307 3 2 5 1 348 349 6257 6139
6308 3 2 5 1 6139 6257 6258 6140
6309 3 2 5 1 6140 6258 6259 6141
6310 3 2 5 1 6141 6259 6260 6142
6311 3 2 5 1 6142 6260 6261 6143
6312 3 2 5 1 6143 6261 6262 6144
6313 3 2 5 1 6144 6262 6263 6145
6314 3 2 5 1 6145 6263 6264 6146
6315 3 2 5 1 6146 6264 6265 6147
6316 3 2 5 1 6147 6265 6266 6148
6317 3 2 5 1 6148 6266 6267 6149
6318 3 2 5 1 6149 6267 6268 6150
6319 3 2 5 1 6150 6268 6269 6151
6320 3 2 5 1 6151 6269 6270 6152
6321 3 2 5 1 6152 6270 6271 6153
6322 3 2 5 1 6153 6271 6272 6154
6323 3 2 5 1 6154 6272 6273 6155
6324 3 2 5 1 6155 6273 6274 6156
6325 3 2 5 1 6156 6274 6275 6157
6326 3 2 5 1 6157 6275 6276 6158
6327 3 2 5 1 6158 6276 6277 6159
6328 3 2 5 1 6159 6277 6278 6160
6329 3 2 5 1 6160 6278 6279 6161
6330 3 2 5 1 6161 6279 6280 6162
6331 3 2 5 1 6162 6280 6281 6163
6332 3 2 5 1 6163 6281 6282 6164
6333 3 2 5 1 6164 6282 6283 6165
6334 3 2 5 1 6165 6283 6284 6166
6335 3 2 5 1 6166 6284 6285 6167
6336 3 2 5 1 6167 6285 6286 6168
6337 3 2 5 1 6168 6286 6287 6169
6338 3 2 5 1 6169 6287 6288 6170
6339 3 2 5 1 6170 6288 6289 6171
6340 3 2 5 1 6171 6289 6290 6172
6341 3 2 5 1 6172 6290 6291 6173
6342 3 2 5 1 6173 6291 6292 6174
6343 3 2 5 1 6174 6292 6293 6175
6344 3 2 5 1 6175 6293 6294 6176
6345 3 2 5 1 6176 6294 6295 6177
6346 3 2 5 1 6177 6295 6296 6178
6347 3 2 5 1 6178 6296 6297 6179
6348 3 2 5 1 6179 6297 6298 6180
6349 3 2 5 1 6180 6298 6299 6181
6350 3 2 5 1 6181 6299 6300 6182
6351 3 2 5 1 6182 6300 6301 6183
6352 3 2 5 1 6183 6301 6302 6184
6353 3 2 5 1 6184 6302 6303 6185
6354 3 2 5 1 6185 6303 6304 6186
6355 3 2 5 1 6186 6304 6305 6187
6356 3 2 5 1 6187 6305 6306 6188
6357 3 2 5 1 6188 6306 6307 6189
6358 3 2 5 1 6189 6307 6308 6190
6359 3 2 5 1 6190 6308 6309 6191
6360 3 2 5 1 6191 6309 6310 6192
6361 3 2 5 1 6192 6310 6311 6193
6362 3 2 5 1 6193 6311 6312 6194
6363 3 2 5 1 6194 6312 6313 6195
6364 3 2 5 1 6195 6313 6314 6196
6365 3 2 5 1 6196 6314 6315 6197
6366 3 2 5 1 6197 6315 6316 6198
6367 3 2 5 1 6198 6316 6317 6199
6368 3 2 5 1 6199 6317 6318 6200
6369 3 2 5 1 6200 6318 6319 6201
6370 3 2 5 1 6201 6319 6320 6202
6371 3 2 5 1 6202 6320 6321 6203
6372 3 2 5 1 6203 6321 6322 6204
6373 3 2 5 1 6204 6322 6323 6205
6374 3 2 5 1 6205 6323 6324 6206
6375 3 2 5 1 6206 6324 6325 6207
6376 3 2 5 1 6207 6325 6326 6208
6377 3 2 5 1 6208 6326 6327 6209
6378 3 2 5 1 6209 6327 6328 6210
6379 3 2 5 1 6210 6328 6329 6211
6380 3 2 5 1 6211 6329 6330 6212
6381 3 2 5 1 6212 6330 6331 6213
6382 3 2 5 1 6213 6331 6332 6214
6383 3 2 5 1 6214 6332 6333 6215
6384 3 2 5 1 6215 6333 6334 6216
6385 3 2 5 1 6216 6334 6335 6217
6386 3 2 5 1 6217 6335 6336 6218
6387 3 2 5 1 6218 6336 6337 6219
6388 3 2 5 1 6219 6337 6338 6220
6389 3 2 5 1 6220 6338 6339 6221
6390 3 2 5 1 6221 6339 6340 6222
6391 3 2 5 1 6222 6340 6341 6223
6392 3 2 5 1 6223 6341 6342 6224
6393 3 2 5 1 6224 6342 6343 6225
6394 3 2 5 1 6225 6343 6344 6226
6395 3 2 5 1 6226 6344 6345 6227
6396 3 2 5 1 6227 6345 6346 6228
6397 3 2 5 1 6228 6346 6347 6229
6398 3 2 5 1 6229 6347 6348 6230
6399 3 2 5 1 6230 6348 6349 6231
6400 3 2 5 1 6231 6349 6350 6232
6401 3 2 5 1 6232 6350 6351 6233
6402 3 2 5 1 6233 6351 6352 6234
6403 3 2 5 1 6234 6352 6353 6235
6404 3 2 5 1 6235 6353 6354 6236
6405 3 2 5 1 6236 6354 6355 6237
6406 3 2 5 1 6237 6355 6356 6238
6407 3 2 5 1 6238 6356 6357 6239
6408 3 2 5 1 6239 6357 6358 6240
6409 3 2 5 1 6240 6358 6359 6241
6410 3 2 5 1 6241 6359 6360 6242
6411 3 2 5 1 6242 6360 6361 6243
6412 3 2 5 1 6243 6361 6362 6244
6413 3 2 5 1 6244 6362 6363 6245
6414 3 2 5 1 6245 6363 6364 6246
6415 3 2 5 1 6246 6364 6365 6247
6416 3 2 5 1 6247 6365 6366 6248
6417 3 2 5 1 6248 6366 6367 6249
6418 3 2 5 1 6249 6367 6368 6250
6419 3 2 5 1 6250 6368 6369 6251
6420 3 2 5 1 6251 6369 6370 6252
6421 3 2 5 1 6252 6370 6371 6253
6422 3 2 5 1 6253 6371 6372 6254
6423 3 2 5 1 6254 6372 6373 6255
6424 3 2 5 1 6255 6373 6374 6256
6425 3 2 5 1 6256 6374 130 131
6426 3 2 5 1 349 350 6375 6257
6427 3 2 5 1 6257 6375 6376 6258
6428 3 2 5 1 6258 6376 6377 6259
6429 3 2 5 1 6259 6377 6378 6260
6430 3 2 5 1 6260 6378 6379 6261
6431 3 2 5 1 6261 6379 6380 6262
6432 3 2 5 1 6262 6380 6381 6263
6433 3 2 5 1 6263 6381 6382 6264
6434 3 2 5 1 6264 6382 6383 6265
6435 3 2 5 1 6265 6383 6384 6266
6436 3 2 5 1 6266 6384 6385 6267
6437 3 2 5 1 6267 6385 6386 6268
6438 3 2 5 1 6268 6386 6387 6269
6439 3 2 5 1 6269 6387 6388 6270
6440 3 2 5 1 6270 6388 6389 6271
6441 3 2 5 1 6271 6389 6390 6272
6442 3 2 5 1 6272 6390 6391 6273
6443 3 2 5 1 6273 6391 6392 6274
6444 3 2 5 1 6274 6392 6393 6275
6445 3 2 5 1 6275 6393 6394 6276
6446 3 2 5 1 6276 6394 6395 6277
6447 3 2 5 1 6277 6395 6396 6278
6448 3 2 5 1 6278 6396 6397 6279
6449 3 2 5 1 6279 6397 6398 6280
6450 3 2 5 1 6280 6398 6399 6281
6451 3 2 5 1 6281 6399 6400 6282
6452 3 2 5 1 6282 6400 6401 6283
6453 3 2 5 1 6283 6401 6402 6284
6454 3 2 5 1 6284 6402 6403 6285
6455 3 2 5 1 6285 6403 6404 6286
6456 3 2 5 1 6286 6404 6405 6287
6457 3 2 5 1 6287 6405 6406 6288
6458 3 2 5 1 6288 6406 6407 6289
6459 3 2 5 1 6289 6407 6408 6290
6460 3 2 5 1 6290 6408 6409 6291
6461 3 2 5 1 6291 6409 6410 6292
6462 3 2 5 1 6292 6410 6411 6293
6463 3 2 5 1 6293 6411 6412 6294
6464 3 2 5 1 6294 6412 6413 6295
6465 3 2 5 1 6295 6413 6414 6296
6466 3 2 5 1 6296 6414 6415 6297
6467 3 2 5 1 6297 6415 6416 6298
6468 3 2 5 1 6298 6416 6417 6299
6469 3 2 5 1 6299 6417 6418 6300
6470 3 2 5 1 6300 6418 6419 6301
6471 3 2 5 1 6301 6419 6420 6302
6472 3 2 5 1 6302 6420 6421 6303
6473 3 2 5 1 6303 6421 6422 6304
6474 3 2 5 1 6304 6422 6423 6305
6475 3 2 5 1 6305 6423 6424 6306
6476 3 2 5 1 6306 6424 6425 6307
6477 3 2 5 1 6307 6425 6426 6308
6478 3 2 5 1 6308 6426 6427 6309
6479 3 2 5 1 6309 6427 6428 6310
6480 3 2 5 1 6310 6428 6429 6311
6481 3 2 5 1 6311 6429 6430 6312
6482 3 2 5 1 6312 6430 6431 6313
6483 3 2 5 1 6313 6431 6432 6314
6484 3 2 5 1 6314 6432 6433 6315
6485 3 2 5 1 6315 6433 6434 6316
6486 3 2 5 1 6316 6434 6435 6317
6487 3 2 5 1 6317 6435 6436 6318
6488 3 2 5 1 6318 6436 6437 6319
6489 3 2 5 1 6319 6437 6438 6320
6490 3 2 5 1 6320 6438 6439 6321
6491 3 2 5 1 6321 6439 6440 6322
6492 3 2 5 1 6322 6440 6441 6323
6493 3 2 5 1 6323 6441 6442 6324
6494 3 2 5 1 6324 6442 6443 6325
6495 3 2 5 1 6325 6443 6444 6326
6496 3 2 5 1 6326 6444 6445 6327
6497 3 2 5 1 6327 6445 6446 6328
6498 3 2 5 1 6328 6446 6447 6329
6499 3 2 5 1 6329 6447 6448 6330
6500 3 2 5 1 6330 6448 6449 6331
6501 3 2 5 1 6331 6449 6450 6332
6502 3 2 5 1 6332 6450 6451 6333
6503 3 2 5 1 6333 6451 6452 6334
6504 3 2 5 1 6334 6452 6453 6335
6505 3 2 5 1 6335 6453 6454 6336
6506 3 2 5 1 6336 6454 6455 6337
6507 3 2 5 1 6337 6455 6456 6338
6508 3 2 5 1 6338 6456 6457 6339
6509 3 2 5 1 6339 6457 6458 6340
6510 3 2 5 1 6340 6458 6459 6341
6511 3 2 5 1 6341 6459 6460 6342
6512 3 2 5 1 6342 6460 6461 6343
6513 3 2 5 1 6343 6461 6462 6344
6514 3 2 5 1 6344 6462 6463 6345
6515 3 2 5 1 6345 6463 6464 6346
6516 3 2 5 1 6346 6464 6465 6347
6517 3 2 5 1 6347 6465 6466 6348
6518 3 2 5 1 6348 6466 6467 6349
6519 3 2 5 1 6349 6467 6468 6350
6520 3 2 5 1 6350 6468 6469 6351
6521 3 2 5 1 6351 6469 6470 6352
6522 3 2 5 1 6352 6470 6471 6353
6523 3 2 5 1 6353 6471 6472 6354
6524 3 2 5 1 6354 6472 6473 6355
6525 3 2 5 1 6355 6473 6474 6356
6526 3 2 5 1 6356 6474 6475 6357
6527 3 2 5 1 6357 6475 6476 6358
6528 3 2 5 1 6358 6476 6477 6359
6529 3 2 5 1 6359 6477 6478 6360
6530 3 2 5 1 6360 6478 6479 6361
6531 3 2 5 1 6361 6479 6480 6362
6532 3 2 5 1 6362 6480 6481 6363
6533 3 2 5 1 6363 6481 6482 6364
6534 3 2 5 1 6364 6482 6483 6365
6535 3 2 5 1 6365 6483 6484 6366
6536 3 2 5 1 6366 6484 6485 6367
6537 3 2 5 1 6367 6485 6486 6368
6538 3 2 5 1 6368 6486 6487 6369
6539 3 2 5 1 6369 6487 6488 6370
6540 3 2 5 1 6370 6488 6489 6371
6541 3 2 5 1 6371 6489 6490 6372
6542 3 2 5 1 6372 6490 6491 6373
6543 3 2 5 1 6373 6491 6492 6374
6544 3 2 5 1 6374 6492 129 130
6545 3 2 5 1 350 351 6493 6375
6546 3 2 5 1 6375 6493 6494 6376
6547 3 2 5 1 6376 6494 6495 6377
6548 3 2 5 1 6377 6495 6496 6378
6549 3 2 5 1 6378 6496 6497 6379
6550 3 2 5 1 6379 6497 6498 6380
6551 3 2 5 1 6380 6498 6499 6381
6552 3 2 5 1 6381 6499 6500 6382
6553 3 2 5 1 6382 6500 6501 6383
6554 3 2 5 1 6383 6501 6502 6384
6555 3 2 5 1 6384 6502 6503 6385
6556 3 2 5 1 6385 6503 6504 6386
6557 3 2 5 1 6386 6504 6505 6387
6558 3 2 5 1 6387 6505 6506 6388
6559 3 2 5 1 6388 6506 6507 6389
6560 3 2 5 1 6389 6507 6508 6390
6561 3 2 5 1 6390 6508 6509 6391
6562 3 2 5 1 6391 6509 6510 6392
6563 3 2 5 1 6392 6510 6511 6393
6564 3 2 5 1 6393 6511 6512 6394
6565 3 2 5 1 6394 6512 6513 6395
6566 3 2 5 1 6395 6513 6514 6396
6567 3 2 5 1 6396 6514 6515 6397
6568 3 2 5 1 6397 6515 6516 6398
6569 3 2 5 1 6398 6516 6517 6399
6570 3 2 5 1 6399 6517 6518 6400
6571 3 2 5 1 6400 6518 6519 6401
6572 3 2 5 1 6401 6519 6520 6402
6573 3 2 5 1 6402 6520 6521 6403
6574 3 2 5 1 6403 6521 6522 6404
6575 3 2 5 1 6404 6522 6523 6405
6576 3 2 5 1 6405 6523 6524 6406
6577 3 2 5 1 6406 6524 6525 6407
6578 3 2 5 1 6407 6525 6526 6408
6579 3 2 5 1 6408 6526 6527 6409
6580 3 2 5 1 6409 6527 6528 6410
6581 3 2 5 1 6410 6528 6529 6411
6582 3 2 5 1 6411 6529 6530 6412
6583 3 2 5 1 6412 6530 6531 6413
6584 3 2 5 1 6413 6531 6532 6414
6585 3 2 5 1 6414 6532 6533 6415
6586 3 2 5 1 6415 6533 6534 6416
6587 3 2 5 1 6416 6534 6535 6417
6588 3 2 5 1 6417 6535 6536 6418
6589 3 2 5 1 6418 6536 6537 6419
6590 3 2 5 1 6419 6537 6538 6420
6591 3 2 5 1 6420 6538 6539 6421
6592 3 2 5 1 6421 6539 6540 6422
6593 3 2 5 1 6422 6540 6541 6423
6594 3 2 5 1 6423 6541 6542 6424
6595 3 2 5 1 6424 6542 6543 6425
6596 3 2 5 1 6425 6543 6544 6426
6597 3 2 5 1 6426 6544 6545 6427
6598 3 2 5 1 6427 6545 6546 6428
6599 3 2 5 1 6428 6546 6547 6429
6600 3 2 5 1 6429 6547 6548 6430
6601 3 2 5 1 6430 6548 6549 6431
6602 3 2 5 1 6431 6549 6550 6432
6603 3 2 5 1 6432 6550 6551 6433
6604 3 2 5 1 6433 6551 6552 6434
6605 3 2 5 1 6434 6552 6553 6435
6606 3 2 5 1 6435 6553 6554 6436
6607 3 2 5 1 6436 6554 6555 6437
6608 3 2 5 1 6437 6555 6556 6438
6609 3 2 5 1 6438 6556 6557 6439
6610 3 2 5 1 6439 6557 6558 6440
6611 3 2 5 1 6440 6558 6559 6441
6612 3 2 5 1 6441 6559 6560 6442
6613 3 2 5 1 6442 6560 6561 6443
6614 3 2 5 1 6443 6561 6562 6444
6615 3 2 5 1 6444 6562 6563 6445
6616 3 2 5 1 6445 6563 6564 6446
6617 3 2 5 1 6446 6564 6565 6447
6618 3 2 5 1 6447 6565 6566 6448
6619 3 2 5 1 6448 6566 6567 6449
6620 3 2 5 1 6449 6567 6568 6450
6621 3 2 5 1 6450 6568 6569 6451
6622 3 2 5 1 6451 6569 6570 6452
6623 3 2 5 1 6452 6570 6571 6453
6624 3 2 5 1 6453 6571 6572 6454
6625 3 2 5 1 6454 6572 6573 6455
6626 3 2 5 1 6455 6573 6574 6456
6627 3 2 5 1 6456 6574 6575 6457
6628 3 2 5 1 6457 6575 6576 6458
6629 3 2 5 1 6458 6576 6577 6459
6630 3 2 5 1 6459 6577 6578 6460
6631 3 2 5 1 6460 6578 6579 6461
6632 3 2 5 1 6461 6579 6580 6462
6633 3 2 5 1 6462 6580 6581 6463
6634 3 2 5 1 6463 6581 6582 6464
6635 3 2 5 1 6464 6582 6583 6465
6636 3 2 5 1 6465 6583 6584 6466
6637 3 2 5 1 6466 6584 6585 6467
6638 3 2 5 1 6467 6585 6586 6468
6639 3 2 5 1 6468 6586 6587 6469
6640 3 2 5 1 6469 6587 6588 6470
6641 3 2 5 1 6470 6588 6589 6471
6642 3 2 5 1 6471 6589 6590 6472
6643 3 2 5 1 6472 6590 6591 6473
6644 3 2 5 1 6473 6591 6592 6474
6645 3 2 5 1 6474 6592 6593 6475
6646 3 2 5 1 6475 6593 6594 6476
6647 3 2 5 1 6476 6594 6595 6477
6648 3 2 5 1 6477 6595 6596 6478
6649 3 2 5 1 6478 6596 6597 6479
6650 3 2 5 1 6479 6597 6598 6480
6651 3 2 5 1 6480 6598 6599 6481
6652 3 2 5 1 6481 6599 6600 6482
6653 3 2 5 1 6482 6600 6601 6483
6654 3 2 5 1 6483 6601 6602 6484
6655 3 2 5 1 6484 6602 6603 6485
6656 3 2 5 1 6485 6603 6604 6486
6657 3 2 5 1 6486 6604 6605 6487
6658 3 2 5 1 6487 6605 6606 6488
6659 3 2 5 1 6488 6606 6607 6489
6660 3 2 5 1 6489 6607 6608 6490
6661 3 2 5 1 6490 6608 6609 6491
6662 3 2 5 1 6491 6609 6610 6492
6663 3 2 5 1 6492 6610 128 129
6664 3 2 5 1 351 352 6611 6493
6665 3 2 5 1 6493 6611 6612 6494
6666 3 2 5 1 6494 6612 6613 6495
6667 3 2 5 1 6495 6613 6614 6496
6668 3 2 5 1 6496 6614 6615 6497
6669 3 2 5 1 6497 6615 6616 6498
6670 3 2 5 1 6498 6616 6617 6499
6671 3 2 5 1 6499 6617 6618 6500
6672 3 2 5 1 6500 6618 6619 6501
6673 3 2 5 1 6501 6619 6620 6502
6674 3 2 5 1 6502 6620 6621 6503
6675 3 2 5 1 6503 6621 6622 6504
6676 3 2 5 1 6504 6622 6623 6505
6677 3 2 5 1 6505 6623 6624 6506
6678 3 2 5 1 6506 6624 6625 6507
6679 3 2 5 1 6507 6625 6626 6508
6680 3 2 5 1 6508 6626 6627 6509
6681 3 2 5 1 6509 6627 6628 6510
6682 3 2 5 1 6510 6628 6629 6511
6683 3 2 5 1 6511 6629 6630 6512
6684 3 2 5 1 6512 6630 6631 6513
6685 3 2 5 1 6513 6631 6632 6514
6686 3 2 5 1 6514 6632 6633 6515
6687 3 2 5 1 6515 6633 6634 6516
6688 3 2 5 1 6516 6634 6635 6517
6689 3 2 5 1 6517 6635 6636 6518
6690 3 2 5 1 6518 6636 6637 6519
6691 3 2 5 1 6519 6637 6638 6520
6692 3 2 5 1 6520 6638 6639 6521
6693 3 2 5 1 6521 6639 6640 6522
6694 3 2 5 1 6522 6640 6641 6523
6695 3 2 5 1 6523 6641 6642 6524
6696 3 2 5 1 6524 6642 6643 6525
6697 3 2 5 1 6525 6643 6644 6526
6698 3 2 5 1 6526 6644 6645 6527
6699 3 2 5 1 6527 6645 6646 6528
6700 3 2 5 1 6528 6646 6647 6529
6701 3 2 5 1 6529 6647 6648 6530
6702 3 2 5 1 6530 6648 6649 6531
6703 3 2 5 1 6531 6649 6650 6532
6704 3 2 5 1 6532 6650 6651 6533
6705 3 2 5 1 6533 6651 6652 6534
6706 3 2 5 1 6534 6652 6653 6535
6707 3 2 5 1 6535 6653 6654 6536
6708 3 2 5 1 6536 6654 6655 6537
6709 3 2 5 1 6537 6655 6656 6538
6710 3 2 5 1 6538 6656 6657 6539
6711 3 2 5 1 6539 6657 6658 6540
6712 3 2 5 1 6540 6658 6659 6541
6713 3 2 5 1 6541 6659 6660 6542
6714 3 2 5 1 6542 6660 6661 6543
6715 3 2 5 1 6543 6661 6662 6544
6716 3 2 5 1 6544 6662 6663 6545
6717 3 2 5 1 6545 6663 6664 6546
6718 3 2 5 1 6546 6664 6665 6547
6719 3 2 5 1 6547 6665 6666 6548
6720 3 2 5 1 6548 6666 6667 6549
6721 3 2 5 1 6549 6667 6668 6550
6722 3 2 5 1 6550 6668 6669 6551
6723 3 2 5 1 6551 6669 6670 6552
6724 3 2 5 1 6552 6670 6671 6553
6725 3 2 5 1 6553 6671 6672 6554
6726 3 2 5 1 6554 6672 6673 6555
6727 3 2 5 1 6555 6673 6674 6556
6728 3 2 5 1 6556 6674 6675 6557
6729 3 2 5 1 6557 6675 6676 6558
6730 3 2 5 1 6558 6676 6677 6559
6731 3 2 5 1 6559 6677 6678 6560
6732 3 2 5 1 6560 6678 6679 6561
6733 3 2 5 1 6561 6679 6680 6562
6734 3 2 5 1 6562 6680 6681 6563
6735 3 2 5 1 6563 6681 6682 6564
6736 3 2 5 1 6564 6682 6683 6565
6737 3 2 5 1 6565 6683 6684 6566
6738 3 2 5 1 6566 6684 6685 6567
6739 3 2 5 1 6567 6685 6686 6568
6740 3 2 5 1 6568 6686 6687 6569
6741 3 2 5 1 6569 6687 6688 6570
6742 3 2 5 1 6570 6688 6689 6571
6743 3 2 5 1 6571 6689 6690 6572
6744 3 2 5 1 6572 6690 6691 6573
6745 3 2 5 1 6573 6691 6692 6574
6746 3 2 5 1 6574 6692 6693 6575
6747 3 2 5 1 6575 6693 6694 6576
6748 3 2 5 1 6576 6694 6695 6577
6749 3 2 5 1 6577 6695 6696 6578
6750 3 2 5 1 6578 6696 6697 6579
6751 3 2 5 1 6579 6697 6698 6580
6752 3 2 5 1 6580 6698 6699 6581
6753 3 2 5 1 6581 6699 6700 6582
6754 3 2 5 1 6582 6700 6701 6583
6755 3 2 5 1 6583 6701 6702 6584
6756 3 2 5 1 6584 6702 6703 6585
6757 3 2 5 1 6585 6703 6704 6586
6758 3 2 5 1 6586 6704 6705 6587
6759 3 2 5 1 6587 6705 6706 6588
6760 3 2 5 1 6588 6706 6707 6589
6761 3 2 5 1 6589 6707 6708 6590
6762 3 2 5 1 6590 6708 6709 6591
6763 3 2 5 1 6591 6709 6710 6592
6764 3 2 5 1 6592 6710 6711 6593
6765 3 2 5 1 6593 6711 6712 6594
6766 3 2 5 1 6594 6712 6713 6595
6767 3 2 5 1 6595 6713 6714 6596
6768 3 2 5 1 6596 6714 6715 6597
6769 3 2 5 1 6597 6715 6716 6598
6770 3 2 5 1 6598 6716 6717 6599
6771 3 2 5 1 6599 6717 6718 6600
6772 3 2 5 1 6600 6718 6719 6601
6773 3 2 5 1 6601 6719 6720 6602
6774 3 2 5 1 6602 6720 6721 6603
6775 3 2 5 1 6603 6721 6722 6604
6776 3 2 5 1 6604 6722 6723 6605
6777 3 2 5 1 6605 6723 6724 6606
6778 3 2 5 1 6606 6724 6725 6607
6779 3 2 5 1 6607 6725 6726 6608
6780 3 2 5 1 6608 6726 6727 6609
6781 3 2 5 1 6609 6727 6728 6610
6782 3 2 5 1 6610 6728 127 128
6783 3 2 5 1 352 353 6729 6611
6784 3 2 5 1 6611 6729 6730 6612
6785 3 2 5 1 6612 6730 6731 6613
6786 3 2 5 1 6613 6731 6732 6614
6787 3 2 5 1 6614 6732 6733 6615
6788 3 2 5 1 6615 6733 6734 6616
6789 3 2 5 1 6616 6734 6735 6617
6790 3 2 5 1 6617 6735 6736 6618
6791 3 2 5 1 6618 6736 6737 6619
6792 3 2 5 1 6619 6737 6738 6620
6793 3 2 5 1 6620 6738 6739 6621
6794 3 2 5 1 6621 6739 6740 6622
6795 3 2 5 1 6622 6740 6741 6623
6796 3 2 5 1 6623 6741 6742 6624
6797 3 2 5 1 6624 6742 6743 6625
6798 3 2 5 1 6625 6743 6744 6626
6799 3 2 5 1 6626 6744 6745 6627
6800 3 2 5 1 6627 6745 6746 6628
6801 3 2 5 1 6628 6746 6747 6629
6802 3 2 5 1 6629 6747 6748 6630
6803 3 2 5 1 6630 6748 6749 6631
6804 3 2 5 1 6631 6749 6750 6632
6805 3 2 5 1 6632 6750 6751 6633
6806 3 2 5 1 6633 6751 6752 6634
6807 3 2 5 1 6634 6752 6753 6635
6808 3 2 5 1 6635 6753 6754 6636
6809 3 2 5 1 6636 6754 6755 6637
6810 3 2 5 1 6637 6755 6756 6638
6811 3 2 5 1 6638 6756 6757 6639
6812 3 2 5 1 6639 6757 6758 6640
6813 3 2 5 1 6640 6758 6759 6641
6814 3 2 5 1 6641 6759 6760 6642
6815 3 2 5 1 6642 6760 6761 6643
6816 3 2 5 1 6643 6761 6762 6644
6817 3 2 5 1 6644 6762 6763 6645
6818 3 2 5 1 6645 6763 6764 6646
6819 3 2 5 1 6646 6764 6765 6647
6820 3 2 5 1 6647 6765 6766 6648
6821 3 2 5 1 6648 6766 6767 6649
6822 3 2 5 1 6649 6767 6768 6650
6823 3 2 5 1 6650 6768 6769 6651
6824 3 2 5 1 6651 6769 6770 6652
6825 3 2 5 1 6652 6770 6771 6653
6826 3 2 5 1 6653 6771 6772 6654
6827 3 2 5 1 6654 6772 6773 6655
6828 3 2 5 1 6655 6773 6774 6656
6829 3 2 5 1 6656 6774 6775 6657
6830 3 2 5 1 6657 6775 6776 6658
6831 3 2 5 1 6658 6776 6777 6659
6832 3 2 5 1 6659 6777 6778 6660
6833 3 2 5 1 6660 6778 6779 6661
6834 3 2 5 1 6661 6779 6780 6662
6835 3 2 5 1 6662 6780 6781 6663
6836 3 2 5 1 6663 6781 6782 6664
6837 3 2 5 1 6664 6782 6783 6665
6838 3 2 5 1 6665 6783 6784 6666
6839 3 2 5 1 6666 6784 6785 6667
6840 3 2 5 1 6667 6785 6786 6668
6841 3 2 5 1 6668 6786 6787 6669
6842 3 2 5 1 6669 6787 6788 6670
6843 3 2 5 1 6670 6788 6789 6671
6844 3 2 5 1 6671 6789 6790 6672
6845 3 2 5 1 6672 6790 6791 6673
6846 3 2 5 1 6673 6791 6792 6674
6847 3 2 5 1 6674 6792 6793 6675
6848 3 2 5 1 6675 6793 6794 6676
6849 3 2 5 1 6676 6794 6795 6677
6850 3 2 5 1 6677 6795 6796 6678
6851 3 2 5 1 6678 6796 6797 6679
6852 3 2 5 1 6679 6797 6798 6680
6853 3 2 5 1 6680 6798 6799 6681
6854 3 2 5 1 6681 6799 6800 6682
6855 3 2 5 1 6682 6800 6801 6683
6856 3 2 5 1 6683 6801 6802 6684
6857 3 2 5 1 6684 6802 6803 6685
6858 3 2 5 1 6685 6803 6804 6686
6859 3 2 5 1 6686 6804 6805 6687
6860 3 2 5 1 6687 6805 6806 6688
6861 3 2 5 1 6688 6806 6807 6689
6862 3 2 5 1 6689 6807 6808 6690
6863 3 2 5 1 6690 6808 6809 6691
6864 3 2 5 1 6691 6809 6810 6692
6865 3 2 5 1 6692 6810 6811 6693
6866 3 2 5 1 6693 6811 6812 6694
6867 3 2 5 1 6694 6812 6813 6695
6868 3 2 5 1 6695 6813 6814 6696
6869 3 2 5 1 6696 6814 6815 6697
6870 3 2 5 1 6697 6815 6816 6698
6871 3 2 5 1 6698 6816 6817 6699
6872 3 2 5 1 6699 6817 6818 6700
6873 3 2 5 1 6700 6818 6819 6701
6874 3 2 5 1 6701 6819 6820 6702
6875 3 2 5 1 6702 6820 6821 6703
6876 3 2 5 1 6703 6821 6822 6704
6877 3 2 5 1 6704 6822 6823 6705
6878 3 2 5 1 6705 6823 6824 6706
6879 3 2 5 1 6706 6824 6825 6707
6880 3 2 5 1 6707 6825 6826 6708
6881 3 2 5 1 6708 6826 6827 6709
6882 3 2 5 1 6709 6827 6828 6710
6883 3 2 5 1 6710 6828 6829 6711
6884 3 2 5 1 6711 6829 6830 6712
6885 3 2 5 1 6712 6830 6831 6713
6886 3 2 5 1 6713 6831 6832 6714
6887 3 2 5 1 6714 6832 6833 6715
6888 3 2 5 1 6715 6833 6834 6716
6889 3 2 5 1 6716 6834 6835 6717
6890 3 2 5 1 6717 6835 6836 6718
6891 3 2 5 1 6718 6836 6837 6719
6892 3 2 5 1 6719 6837 6838 6720
6893 3 2 5 1 6720 6838 6839 6721
6894 3 2 5 1 6721 6839 6840 6722
6895 3 2 5 1 6722 6840 6841 6723
6896 3 2 5 1 6723 6841 6842 6724
6897 3 2 5 1 6724 6842 6843 6725
6898 3 2 5 1 6725 6843 6844 6726
6899 3 2 5 1 6726 6844 6845 6727
6900 3 2 5 1 6727 6845 6846 6728
6901 3 2 5 1 6728 6846 126 127
6902 3 2 5 1 353 354 6847 6729
6903 3 2 5 1 6729 6847 6848 6730
6904 3 2 5 1 6730 6848 6849 6731
6905 3 2 5 1 6731 6849 6850 6732
6906 3 2 5 1 6732 6850 6851 6733
6907 3 2 5 1 6733 6851 6852 6734
6908 3 2 5 1 6734 6852 6853 6735
6909 3 2 5 1 6735 6853 6854 6736
6910 3 2 5 1 6736 6854 6855 6737
6911 3 2 5 1 6737 6855 6856 6738
6912 3 2 5 1 6738 6856 6857 6739
6913 3 2 5 1 6739 6857 6858 6740
6914 3 2 5 1 6740 6858 6859 6741
6915 3 2 5 1 6741 6859 6860 6742
6916 3 2 5 1 6742 6860 6861 6743
6917 3 2 5 1 6743 6861 6862 6744
6918 3 2 5 1 6744 6862 6863 6745
6919 3 2 5 1 6745 6863 6864 6746
6920 3 2 5 1 6746 6864 6865 6747
6921 3 2 5 1 6747 6865 6866 6748
6922 3 2 5 1 6748 6866 6867 6749
6923 3 2 5 1 6749 6867 6868 6750
6924 3 2 5 1 6750 6868 6869 6751
6925 3 2 5 1 6751 6869 6870 6752
6926 3 2 5 1 6752 6870 6871 6753
6927 3 2 5 1 6753 6871 6872 6754
6928 3 2 5 1 6754 6872 6873 6755
6929 3 2 5 1 6755 6873 6874 6756
6930 3 2 5 1 6756 6874 6875 6757
6931 3 2 5 1 6757 6875 6876 6758
6932 3 2 5 1 6758 6876 6877 6759
6933 3 2 5 1 6759 6877 6878 6760
6934 3 2 5 1 6760 6878 6879 6761
6935 3 2 5 1 6761 6879 6880 6762
6936 3 2 5 1 6762 6880 6881 6763
6937 3 2 5 1 6763 6881 6882 6764
6938 3 2 5 1 6764 6882 6883 6765
6939 3 2 5 1 6765 6883 6884 6766
6940 3 2 5 1 6766 6884 6885 6767
6941 3 2 5 1 6767 6885 6886 6768
6942 3 2 5 1 6768 6886 6887 6769
6943 3 2 5 1 6769 6887 6888 6770
6944 3 2 5 1 6770 6888 6889 6771
6945 3 2 5 1 6771 6889 6890 6772
6946 3 2 5 1 6772 6890 6891 6773
6947 3 2 5 1 6773 6891 6892 6774
6948 3 2 5 1 6774 6892 6893 6775
6949 3 2 5 1 6775 6893 6894 6776
6950 3 2 5 1 6776 6894 6895 6777
6951 3 2 5 1 6777 6895 6896 6778
6952 3 2 5 1 6778 6896 6897 6779
6953 3 2 5 1 6779 6897 6898 6780
6954 3 2 5 1 6780 6898 6899 6781
6955 3 2 5 1 6781 6899 6900 6782
6956 3 2 5 1 6782 6900 6901 6783
6957 3 2 5 1 6783 6901 6902 6784
6958 3 2 5 1 6784 6902 6903 6785
6959 3 2 5 1 6785 6903 6904 6786
6960 3 2 5 1 6786 6904 6905 6787
6961 3 2 5 1 6787 6905 6906 6788
6962 3 2 5 1 6788 6906 6907 6789
6963 3 2 5 1 6789 6907 6908 6790
6964 3 2 5 1 6790 6908 6909 6791
6965 3 2 5 1 6791 6909 6910 6792
6966 3 2 5 1 6792 6910 6911 6793
6967 3 2 5 1 6793 6911 6912 6794
6968 3 2 5 1 6794 6912 6913 6795
6969 3 2 5 1 6795 6913 6914 6796
6970 3 2 5 1 6796 6914 6915 6797
6971 3 2 5 1 6797 6915 6916 6798
6972 3 2 5 1 6798 6916 6917 6799
6973 3 2 5 1 6799 6917 6918 6800
6974 3 2 5 1 6800 6918 6919 6801
6975 3 2 5 1 6801 6919 6920 6802
6976 3 2 5 1 6802 6920 6921 6803
6977 3 2 5 1 6803 6921 6922 6804
6978 3 2 5 1 6804 6922 6923 6805
6979 3 2 5 1 6805 6923 6924 6806
6980 3 2 5 1 6806 6924 6925 6807
6981 3 2 5 1 6807 6925 6926 6808
6982 3 2 5 1 6808 6926 6927 6809
6983 3 2 5 1 6809 6927 6928 6810
6984 3 2 5 1 6810 6928 6929 6811
6985 3 2 5 1 6811 6929 6930 6812
6986 3 2 5 1 6812 6930 6931 6813
6987 3 2 5 1 6813 6931 6932 6814
6988 3 2 5 1 6814 6932 6933 6815
6989 3 2 5 1 6815 6933 6934 6816
6990 3 2 5 1 6816 6934 6935 6817
6991 3 2 5 1 6817 6935 6936 6818
6992 3 2 5 1 6818 6936 6937 6819
6993 3 2 5 1 6819 6937 6938 6820
6994 3 2 5 1 6820 6938 6939 6821
6995 3 2 5 1 6821 6939 6940 6822
6996 3 2 5 1 6822 6940 6941 6823
6997 3 2 5 1 6823 6941 6942 6824
6998 3 2 5 1 6824 6942 6943 6825
6999 3 2 5 1 6825 6943 6944 6826
7000 3 2 5 1 6826 6944 6945 6827
7001 3 2 5 1 6827 6945 6946 6828
7002 3 2 5 1 6828 6946 6947 6829
7003 3 2 5 1 6829 6947 6948 6830
7004 3 2 5 1 6830 6948 6949 6831
7005 3 2 5 1 6831 6949 6950 6832
7006 3 2 5 1 6832 6950 6951 6833
7007 3 2 5 1 6833 6951 6952 6834
7008 3 2 5 1 6834 6952 6953 6835
7009 3 2 5 1 6835 6953 6954 6836
7010 3 2 5 1 6836 6954 6955 6837
7011 3 2 5 1 6837 6955 6956 6838
7012 3 2 5 1 6838 6956 6957 6839
7013 3 2 5 1 6839 6957 6958 6840
7014 3 2 5 1 6840 6958 6959 6841
7015 3 2 5 1 6841 6959 6960 6842
7016 3 2 5 1 6842 6960 6961 6843
7017 3 2 5 1 6843 6961 6962 6844
7018 3 2 5 1 6844 6962 6963 6845
7019 3 2 5 1 6845 6963 6964 6846
7020 3 2 5 1 6846 6964 125 126
7021 3 2 5 1 354 355 6965 6847
7022 3 2 5 1 6847 6965 6966 6848
7023 3 2 5 1 6848 6966 6967 6849
7024 3 2 5 1 6849 6967 6968 6850
7025 3 2 5 1 6850 6968 6969 6851
7026 3 2 5 1 6851 6969 6970 6852
7027 3 2 5 1 6852 6970 6971 6853
7028 3 2 5 1 6853 6971 6972 6854
7029 3 2 5 1 6854 6972 6973 6855
7030 3 2 5 1 6855 6973 6974 6856
7031 3 2 5 1 6856 6974 6975 6857
7032 3 2 5 1 6857 6975 6976 6858
7033 3 2 5 1 6858 6976 6977 6859
7034 3 2 5 1 6859 6977 6978 6860
7035 3 2 5 1 6860 6978 6979 6861
7036 3 2 5 1 6861 6979 6980 6862
7037 3 2 5 1 6862 6980 6981 6863
7038 3 2 5 1 6863 6981 6982 6864
7039 3 2 5 1 6864 6982 6983 6865
7040 3 2 5 1 6865 6983 6984 6866
7041 3 2 5 1 6866 6984 6985 6867
7042 3 2 5 1 6867 6985 6986 6868
7043 3 2 5 1 6868 6986 6987 6869
7044 3 2 5 1 6869 6987 6988 6870
7045 3 2 5 1 6870 6988 6989 6871
7046 3 2 5 1 6871 6989 6990 6872
7047 3 2 5 1 6872 6990 6991 6873
7048 3 2 5 1 6873 6991 6992 6874
7049 3 2 5 1 6874 6992 6993 6875
7050 3 2 5 1 6875 6993 6994 6876
7051 3 2 5 1 6876 6994 6995 6877
7052 3 2 5 1 6877 6995 6996 6878
7053 3 2 5 1 6878 6996 6997 6879
7054 3 2 5 1 6879 6997 6998 6880
7055 3 2 5 1 6880 6998 6999 6881
7056 3 2 5 1 6881 6999 7000 6882
7057 3 2 5 1 6882 7000 7001 6883
7058 3 2 5 1 6883 7001 7002 6884
7059 3 2 5 1 6884 7002 7003 6885
7060 3 2 5 1 6885 7003 7004 6886
7061 3 2 5 1 6886 7004 7005 6887
7062 3 2 5 1 6887 7005 7006 6888
7063 3 2 5 1 6888 7006 7007 6889
7064 3 2 5 1 6889 7007 7008 6890
7065 3 2 5 1 6890 7008 7009 6891
7066 3 2 5 1 6891 7009 7010 6892
7067 3 2 5 1 6892 7010 7011 6893
7068 3 2 5 1 6893 7011 7012 6894
7069 3 2 5 1 6894 7012 7013 6895
7070 3 2 5 1 6895 7013 7014 6896
7071 3 2 5 1 6896 7014 7015 6897
7072 3 2 5 1 6897 7015 7016 6898
7073 3 2 5 1 6898 7016 7017 6899
7074 3 2 5 1 6899 7017 7018 6900
7075 3 2 5 1 6900 7018 7019 6901
7076 3 2 5 1 6901 7019 7020 6902
7077 3 2 5 1 6902 7020 7021 6903
7078 3 2 5 1 6903 7021 7022 6904
7079 3 2 5 1 6904 7022 7023 6905
7080 3 2 5 1 6905 7023 7024 6906
7081 3 2 5 1 6906 7024 7025 6907
7082 3 2 5 1 6907 7025 7026 6908
7083 3 2 5 1 6908 7026 7027 6909
7084 3 2 5 1 6909 7027 7028 6910
7085 3 2 5 1 6910 7028 7029 6911
7086 3 2 5 1 6911 7029 7030 6912
7087 3 2 5 1 6912 7030 7031 6913
7088 3 2 5 1 6913 7031 7032 6914
7089 3 2 5 1 6914 7032 7033 6915
7090 3 2 5 1 6915 7033 7034 6916
7091 3 2 5 1 6916 7034 7035 6917
7092 3 2 5 1 6917 7035 7036 6918
7093 3 2 5 1 6918 7036 7037 6919
7094 3 2 5 1 6919 7037 7038 6920
7095 3 2 5 1 6920 7038 7039 6921
7096 3 2 5 1 6921 7039 7040 6922
7097 3 2 5 1 6922 7040 7041 6923
7098 3 2 5 1 6923 7041 7042 6924
7099 3 2 5 1 6924 7042 7043 6925
7100 3 2 5 1 6925 7043 7044 6926
7101 3 2 5 1 6926 7044 7045 6927
7102 3 2 5 1 6927 7045 7046 6928
7103 3 2 5 1 6928 7046 7047 6929
7104 3 2 5 1 6929 7047 7048 6930
7105 3 2 5 1 6930 7048 7049 6931
7106 3 2 5 1 6931 7049 7050 6932
7107 3 2 5 1 6932 7050 7051 6933
7108 3 2 5 1 6933 7051 7052 6934
7109 3 2 5 1 6934 7052 7053 6935
7110 3 2 5 1 6935 7053 7054 6936
7111 3 2 5 1 6936 7054 7055 6937
7112 3 2 5 1 6937 7055 7056 6938
7113 3 2 5 1 6938 7056 7057 6939
7114 3 2 5 1 6939 7057 7058 6940
7115 3 2 5 1 6940 7058 7059 6941
7116 3 2 5 1 6941 7059 7060 6942
7117 3 2 5 1 6942 7060 7061 6943
7118 3 2 5 1 6943 7061 7062 6944
7119 3 2 5 1 6944 7062 7063 6945
7120 3 2 5 1 6945 7063 7064 6946
7121 3 2 5 1 6946 7064 7065 6947
7122 3 2 5 1 6947 7065 7066 6948
7123 3 2 5 1 6948 7066 7067 6949
7124 3 2 5 1 6949 7067 7068 6950
7125 3 2 5 1 6950 7068 7069 6951
7126 3 2 5 1 6951 7069 7070 6952
7127 3 2 5 1 6952 7070 7071 6953
7128 3 2 5 1 6953 7071 7072 6954
7129 3 2 5 1 6954 7072 7073 6955
7130 3 2 5 1 6955 7073 7074 6956
7131 3 2 5 1 6956 7074 7075 6957
7132 3 2 5 1 6957 7075 7076 6958
7133 3 2 5 1 6958 7076 7077 6959
7134 3 2 5 1 6959 7077 7078 6960
7135 3 2 5 1 6960 7078 7079 6961
7136 3 2 5 1 6961 7079 7080 6962
7137 3 2 5 1 6962 7080 7081 6963
7138 3 2 5 1 6963 7081 7082 6964
7139 3 2 5 1 6964 7082 124 125
7140 3 2 5 1 355 356 7083 6965
7141 3 2 5 1 6965 7083 7084 6966
7142 3 2 5 1 6966 7084 7085 6967
7143 3 2 5 1 6967 7085 7086 6968
7144 3 2 5 1 6968 7086 7087 6969
7145 3 2 5 1 6969 7087 7088 6970
7146 3 2 5 1 6970 7088 7089 6971
7147 3 2 5 1 6971 7089 7090 6972
7148 3 2 5 1 6972 7090 7091 6973
7149 3 2 5 1 6973 7091 7092 6974
7150 3 2 5 1 6974 7092 7093 6975
7151 3 2 5 1 6975 7093 7094 6976
7152 3 2 5 1 6976 7094 7095 6977
7153 3 2 5 1 6977 7095 7096 6978
7154 3 2 5 1 6978 7096 7097 6979
7155 3 2 5 1 6979 7097 7098 6980
7156 3 2 5 1 6980 7098 7099 6981
7157 3 2 5 1 6981 7099 7100 6982
7158 3 2 5 1 6982 7100 7101 6983
7159 3 2 5 1 6983 7101 7102 6984
7160 3 2 5 1 6984 7102 7103 6985
7161 3 2 5 1 6985 7103 7104 6986
7162 3 2 5 1 6986 7104 7105 6987
7163 3 2 5 1 6987 7105 7106 6988
7164 3 2 5 1 6988 7106 7107 6989
7165 3 2 5 1 6989 7107 7108 6990
7166 3 2 5 1 6990 7108 7109 6991
7167 3 2 5 1 6991 7109 7110 6992
7168 3 2 5 1 6992 7110 7111 6993
7169 3 2 5 1 6993 7111 7112 6994
7170 3 2 5 1 6994 7112 7113 6995
7171 3 2 5 1 6995 7113 7114 6996
7172 3 2 5 1 6996 7114 7115 6997
7173 3 2 5 1 6997 7115 7116 6998
7174 3 2 5 1 6998 7116 7117 6999
7175 3 2 5 1 6999 7117 7118 7000
7176 3 2 5 1 7000 7118 7119 7001
7177 3 2 5 1 7001 7119 7120 7002
7178 3 2 5 1 7002 7120 7121 7003
7179 3 2 5 1 7003 7121 7122 7004
7180 3 2 5 1 7004 7122 7123 7005
7181 3 2 5 1 7005 7123 7124 7006
7182 3 2 5 1 7006 7124 7125 7007
7183 3 2 5 1 7007 7125 7126 7008
7184 3 2 5 1 7008 7126 7127 7009
7185 3 2 5 1 7009 7127 7128 7010
7186 3 2 5 1 7010 7128 7129 7011
7187 3 2 5 1 7011 7129 7130 7012
7188 3 2 5 1 7012 7130 7131 7013
7189 3 2 5 1 7013 7131 7132 7014
7190 3 2 5 1 7014 7132 7133 7015
7191 3 2 5 1 7015 7133 7134 7016
7192 3 2 5 1 7016 7134 7135 7017
7193 3 2 5 1 7017 7135 7136 7018
7194 3 2 5 1 7018 7136 7137 7019
7195 3 2 5 1 7019 7137 7138 7020
7196 3 2 5 1 7020 7138 7139 7021
7197 3 2 5 1 7021 7139 7140 7022
7198 3 2 5 1 7022 7140 7141 7023
7199 3 2 5 1 7023 7141 7142 7024
7200 3 2 5 1 7024 7142 7143 7025
7201 3 2 5 1 7025 7143 7144 7026
7202 3 2 5 1 7026 7144 7145 7027
7203 3 2 5 1 7027 7145 7146 7028
7204 3 2 5 1 7028 7146 7147 7029
7205 3 2 5 1 7029 7147 7148 7030
7206 3 2 5 1 7030 7148 7149 7031
7207 3 2 5 1 7031 7149 7150 7032
7208 3 2 5 1 7032 7150 7151 7033
7209 3 2 5 1 7033 7151 7152 7034
7210 3 2 5 1 7034 7152 7153 7035
7211 3 2 5 1 7035 7153 7154 7036
7212 3 2 5 1 7036 7154 7155 7037
7213 3 2 5 1 7037 7155 7156 7038
7214 3 2 5 1 7038 7156 7157 7039
7215 3 2 5 1 7039 7157 7158 7040
7216 3 2 5 1 7040 7158 7159 7041
7217 3 2 5 1 7041 7159 7160 7042
7218 3 2 5 1 7042 7160 7161 7043
7219 3 2 5 1 7043 7161 7162 7044
7220 3 2 5 1 7044 7162 7163 7045
7221 3 2 5 1 7045 7163 7164 7046
7222 3 2 5 1 7046 7164 7165 7047
7223 3 2 5 1 7047 7165 7166 7048
7224 3 2 5 1 7048 7166 7167 7049
7225 3 2 5 1 7049 7167 7168 7050
7226 3 2 5 1 7050 7168 7169 7051
7227 3 2 5 1 7051 7169 7170 7052
7228 3 2 5 1 7052 7170 7171 7053
7229 3 2 5 1 7053 7171 7172 7054
7230 3 2 5 1 7054 7172 7173 7055
7231 3 2 5 1 7055 7173 7174 7056
7232 3 2 5 1 7056 7174 7175 7057
7233 3 2 5 1 7057 7175 7176 7058
7234 3 2 5 1 7058 7176 7177 7059
7235 3 2 5 1 7059 7177 7178 7060
7236 3 2 5 1 7060 7178 7179 7061
7237 3 2 5 1 7061 7179 7180 7062
7238 3 2 5 1 7062 7180 7181 7063
7239 3 2 5 1 7063 7181 7182 7064
7240 3 2 5 1 7064 7182 7183 7065
7241 3 2 5 1 7065 7183 7184 7066
7242 3 2 5 1 7066 7184 7185 7067
7243 3 2 5 1 7067 7185 7186 7068
7244 3 2 5 1 7068 7186 7187 7069
7245 3 2 5 1 7069 7187 7188 7070
7246 3 2 5 1 7070 7188 7189 7071
7247 3 2 5 1 7071 7189 7190 7072
7248 3 2 5 1 7072 7190 7191 7073
7249 3 2 5 1 7073 7191 7192 7074
7250 3 2 5 1 7074 7192 7193 7075
7251 3 2 5 1 7075 7193 7194 7076
7252 3 2 5 1 7076 7194 7195 7077
7253 3 2 5 1 7077 7195 7196 7078
7254 3 2 5 1 7078 7196 7197 7079
7255 3 2 5 1 7079 7197 7198 7080
7256 3 2 5 1 7080 7198 7199 7081
7257 3 2 5 1 7081 7199 7200 7082
7258 3 2 5 1 7082 7200 123 124
7259 3 2 5 1 356 1 5 7083
7260 3 2 5 1 7083 5 6 7084
7261 3 2 5 1 7084 6 7 7085
7262 3 2 5 1 7085 7 8 7086
7263 3 2 5 1 7086 8 9 7087
7264 3 2 5 1 7087 9 10 7088
7265 3 2 5 1 7088 10 11 7089
7266 3 2 5 1 7089 11 12 7090
7267 3 2 5 1 7090 12 13 7091
7268 3 2 5 1 7091 13 14 7092
7269 3 2 5 1 7092 14 15 7093
7270 3 2 5 1 7093 15 16 7094
7271 3 2 5 1 7094 16 17 7095
7272 3 2 5 1 7095 17 18 7096
7273 3 2 5 1 7096 18 19 7097
7274 3 2 5 1 7097 19 20 7098
7275 3 2 5 1 7098 20 21 7099
7276 3 2 5 1 7099 21 22 7100
7277 3 2 5 1 7100 22 23 7101
7278 3 2 5 1 7101 23 24 7102
7279 3 2 5 1 7102 24 25 7103
7280 3 2 5 1 7103 25 26 7104
7281 3 2 5 1 7104 26 27 7105
7282 3 2 5 1 7105 27 28 7106
7283 3 2 5 1 7106 28 29 7107
7284 3 2 5 1 7107 29 30 7108
7285 3 2 5 1 7108 30 31 7109
7286 3 2 5 1 7109 31 32 7110
7287 3 2 5 1 7110 32 33 7111
7288 3 2 5 1 7111 33 34 7112
7289 3 2 5 1 7112 34 35 7113
7290 3 2 5 1 7113 35 36 7114
7291 3 2 5 1 7114 36 37 7115
7292 3 2 5 1 7115 37 38 7116
7293 3 2 5 1 7116 38 39 7117
7294 3 2 5 1 7117 39 40 7118
7295 3 2 5 1 7118 40 41 7119
7296 3 2 5 1 7119 41 42 7120
7297 3 2 5 1 7120 42 43 7121
7298 3 2 5 1 7121 43 44 7122
7299 3 2 5 1 7122 44 45 7123
7300 3 2 5 1 7123 45 46 7124
7301 3 2 5 1 7124 46 47 7125
7302 3 2 5 1 7125 47 48 7126
7303 3 2 5 1 7126 48 49 7127
7304 3 2 5 1 7127 49 50 7128
7305 3 2 5 1 7128 50 51 7129
7306 3 2 5 1 7129 51 52 7130
7307 3 2 5 1 7130 52 53 7131
7308 3 2 5 1 7131 53 54 7132
7309 3 2 5 1 7132 54 55 7133
7310 3 2 5 1 7133 55 56 7134
7311 3 2 5 1 7134 56 57 7135
7312 3 2 5 1 7135 57 58 7136
7313 3 2 5 1 7136 58 59 7137
7314 3 2 5 1 7137 59 60 7138
7315 3 2 5 1 7138 60 61 7139
7316 3 2 5 1 7139 61 62 7140
7317 3 2 5 1 7140 62 63 7141
7318 3 2 5 1 7141 63 64 7142
7319 3 2 5 1 7142 64 65 7143
7320 3 2 5 1 7143 65 66 7144
7321 3 2 5 1 7144 66 67 7145
7322 3 2 5 1 7145 67 68 7146
7323 3 2 5 1 7146 68 69 7147
7324 3 2 5 1 7147 69 70 7148
7325 3 2 5 1 7148 70 71 7149
7326 3 2 5 1 7149 71 72 7150
7327 3 2 5 1 7150 72 73 7151
7328 3 2 5 1 7151 73 74 7152
7329 3 2 5 1 7152 74 75 7153
7330 3 2 5 1 7153 75 76 7154
7331 3 2 5 1 7154 76 77 7155
7332 3 2 5 1 7155 77 78 7156
7333 3 2 5 1 7156 78 79 7157
7334 3 2 5 1 7157 79 80 7158
7335 3 2 5 1 7158 80 81 7159
7336 3 2 5 1 7159 81 82 7160
7337 3 2 5 1 7160 82 83 7161
7338 3 2 5 1 7161 83 84 7162
7339 3 2 5 1 7162 84 85 7163
7340 3 2 5 1 7163 85 86 7164
7341 3 2 5 1 7164 86 87 7165
7342 3 2 5 1 7165 87 88 7166
7343 3 2 5 1 7166 88 89 7167
7344 3 2 5 1 7167 89 90 7168
7345 3 2 5 1 7168 90 91 7169
7346 3 2 5 1 7169 91 92 7170
7347 3 2 5 1 7170 92 93 7171
7348 3 2 5 1 7171 93 94 7172
7349 3 2 5 1 7172 94 95 7173
7350 3 2 5 1 7173 95 96 7174
7351 3 2 5 1 7174 96 97 7175
7352 3 2 5 1 7175 97 98 7176
7353 3 2 5 1 7176 98 99 7177
7354 3 2 5 1 7177 99 100 7178
7355 3 2 5 1 7178 100 101 7179
7356 3 2 5 1 7179 101 102 7180
7357 3 2 5 1 7180 102 103 7181
7358 3 2 5 1 7181 103 104 7182
7359 3 2 5 1 7182 104 105 7183
7360 3 2 5 1 7183 105 106 7184
7361 3 2 5 1 7184 106 107 7185
7362 3 2 5 1 7185 107 108 7186
7363 3 2 5 1 7186 108 109 7187
7364 3 2 5 1 7187 109 110 7188
7365 3 2 5 1 7188 110 111 7189
7366 3 2 5 1 7189 111 112 7190
7367 3 2 5 1 7190 112 113 7191
7368 3 2 5 1 7191 113 114 7192
7369 3 2 5 1 7192 114 115 7193
7370 3 2 5 1 7193 115 116 7194
7371 3 2 5 1 7194 116 117 7195
7372 3 2 5 1 7195 117 118 7196
7373 3 2 5 1 7196 118 119 7197
7374 3 2 5 1 7197 119 120 7198
7375 3 2 5 1 7198 120 121 7199
7376 3 2 5 1 7199 121 122 7200
7377 3 2 5 1 7200 122 4 123
$EndElements
